[
  {
    "id": "d4f027e5-2279-4862-b0c7-25e6068b0b81",
    "data": [
      {
        "text": "autovettura",
        "userDefined": false
      }
    ],
    "isTemplate": false,
    "count": 0,
    "lang": "it",
    "updated": 0
  },
  {
    "id": "52e2668f-434e-409e-bb2f-1da774369b79",
    "data": [
      {
        "text": "autovetture",
        "userDefined": false
      }
    ],
    "isTemplate": false,
    "count": 0,
    "lang": "it",
    "updated": 0
  },
  {
    "id": "79f6a543-1200-40fc-a718-a782f3c58540",
    "data": [
      {
        "text": "per altri motivi auto per autolettura",
        "userDefined": false
      }
    ],
    "isTemplate": false,
    "count": 0,
    "lang": "it",
    "updated": 0
  },
  {
    "id": "993959fe-47ae-4868-af22-b188c180c5ca",
    "data": [
      {
        "text": "per altri motivi relativi al autolettura",
        "userDefined": false
      }
    ],
    "isTemplate": false,
    "count": 0,
    "lang": "it",
    "updated": 0
  },
  {
    "id": "95628411-35c3-4d89-a8c3-12bed64be087",
    "data": [
      {
        "text": "per altri motivi relative l\u0027autolettura",
        "userDefined": false
      }
    ],
    "isTemplate": false,
    "count": 0,
    "lang": "it",
    "updated": 0
  },
  {
    "id": "8ba04dc5-aea6-47ff-bda2-b9379ec9e60e",
    "data": [
      {
        "text": "per altri motivi relativi alla autolettura",
        "userDefined": false
      }
    ],
    "isTemplate": false,
    "count": 0,
    "lang": "it",
    "updated": 0
  },
  {
    "id": "f56a1ba7-de86-462c-9bd5-c25dc3426356",
    "data": [
      {
        "text": "chiamo per altri motivi relativi alla autolettura grazie",
        "userDefined": false
      }
    ],
    "isTemplate": false,
    "count": 0,
    "lang": "it",
    "updated": 0
  },
  {
    "id": "e13bb3af-ceca-4b01-9182-f4011b380558",
    "data": [
      {
        "text": "chiamo per altri motivi legati alla autolettura",
        "userDefined": false
      }
    ],
    "isTemplate": false,
    "count": 0,
    "lang": "it",
    "updated": 0
  },
  {
    "id": "3cc930b7-3056-43da-89d3-e3c3c23d035f",
    "data": [
      {
        "text": "chiamo per altri motivi relativi alla autolettura",
        "userDefined": false
      }
    ],
    "isTemplate": false,
    "count": 0,
    "lang": "it",
    "updated": 0
  },
  {
    "id": "d26f0f85-fa18-4274-a8ad-88b293075ffa",
    "data": [
      {
        "text": "chiama per altri motivi relativi autolettura",
        "userDefined": false
      }
    ],
    "isTemplate": false,
    "count": 0,
    "lang": "it",
    "updated": 0
  },
  {
    "id": "eda4e7d4-9580-46e3-8f97-ff539e5e8250",
    "data": [
      {
        "text": "chiama per altri motivi relativi alla lettura",
        "userDefined": false
      }
    ],
    "isTemplate": false,
    "count": 0,
    "lang": "it",
    "updated": 0
  },
  {
    "id": "18d89339-980e-4d44-a35c-ef1444b99ea1",
    "data": [
      {
        "text": "chiama per altri motivi relativi alla autolettura",
        "userDefined": false
      }
    ],
    "isTemplate": false,
    "count": 0,
    "lang": "it",
    "updated": 0
  },
  {
    "id": "d4a68386-07f9-4266-afc6-eb84fdce09ac",
    "data": [
      {
        "text": "chiama per altri motivi relative alla lettura",
        "userDefined": false
      }
    ],
    "isTemplate": false,
    "count": 0,
    "lang": "it",
    "updated": 0
  },
  {
    "id": "4bc0e609-982e-4f66-901f-9674b95f0f0e",
    "data": [
      {
        "text": "chiama per altri motivi oltre alla autolettura",
        "userDefined": false
      }
    ],
    "isTemplate": false,
    "count": 0,
    "lang": "it",
    "updated": 0
  },
  {
    "id": "b68f64b5-5930-48ee-9791-f618e31a140b",
    "data": [
      {
        "text": "chiama per altri motivi no autolettura",
        "userDefined": false
      }
    ],
    "isTemplate": false,
    "count": 0,
    "lang": "it",
    "updated": 0
  },
  {
    "id": "b52e8c91-d5bc-463e-9ccb-7f0f9ec91123",
    "data": [
      {
        "text": "altri motivi relativi dell\u0027autolettura",
        "userDefined": false
      }
    ],
    "isTemplate": false,
    "count": 0,
    "lang": "it",
    "updated": 0
  },
  {
    "id": "078d35fc-6bc0-41dc-a674-3db5a71dc0dd",
    "data": [
      {
        "text": "altri motivi relativi autolettura",
        "userDefined": false
      }
    ],
    "isTemplate": false,
    "count": 0,
    "lang": "it",
    "updated": 0
  },
  {
    "id": "80e4f34e-7355-44e8-8fc6-d81ec5339a32",
    "data": [
      {
        "text": "altri motivi relativi alla autolettura",
        "userDefined": false
      }
    ],
    "isTemplate": false,
    "count": 0,
    "lang": "it",
    "updated": 0
  },
  {
    "id": "7d1985d8-b81d-4f2a-b5f2-d09caa99f6e5",
    "data": [
      {
        "text": "altri motivi per autolettura",
        "userDefined": false
      }
    ],
    "isTemplate": false,
    "count": 0,
    "lang": "it",
    "updated": 0
  },
  {
    "id": "45491e7f-dbf3-49d7-8702-fe2ed2adbc97",
    "data": [
      {
        "text": "altri motivi per l\u0027autolettura",
        "userDefined": false
      }
    ],
    "isTemplate": false,
    "count": 0,
    "lang": "it",
    "updated": 0
  }
]