[
  {
    "id": "26a65f44-52db-4a66-9693-7fce44468300",
    "data": [
      {
        "text": "Ok ",
        "userDefined": false
      },
      {
        "text": "5054 300 60723",
        "meta": "@numero-cliente-generic",
        "alias": "numero-cliente-generic",
        "userDefined": true
      }
    ],
    "isTemplate": false,
    "count": 0,
    "lang": "it",
    "updated": 0
  },
  {
    "id": "9fa71711-eadf-4f53-8081-a558056ea34c",
    "data": [
      {
        "text": "numero di cliente ",
        "userDefined": false
      },
      {
        "text": "1202 2492 2101",
        "meta": "@numero-cliente-generic",
        "alias": "numero-cliente-generic",
        "userDefined": true
      }
    ],
    "isTemplate": false,
    "count": 0,
    "lang": "it",
    "updated": 0
  },
  {
    "id": "7b0f950e-fb74-42d7-a1e0-7b6adad10f37",
    "data": [
      {
        "text": "Allora il numero del cliente ",
        "userDefined": false
      },
      {
        "text": "1700 0565 07 02",
        "meta": "@numero-cliente-generic",
        "alias": "numero-cliente-generic",
        "userDefined": true
      }
    ],
    "isTemplate": false,
    "count": 0,
    "lang": "it",
    "updated": 0
  },
  {
    "id": "b6c80cdb-02d2-44ed-95e5-161bd9d04e49",
    "data": [
      {
        "text": "Allora il ",
        "userDefined": false
      },
      {
        "text": "505 43 59 500 31",
        "meta": "@numero-cliente-generic",
        "alias": "numero-cliente-generic",
        "userDefined": true
      }
    ],
    "isTemplate": false,
    "count": 0,
    "lang": "it",
    "updated": 0
  },
  {
    "id": "c8241957-4b00-4952-81f5-e76564ff8dc8",
    "data": [
      {
        "text": "allora il numero cliente della bolletta del ",
        "userDefined": false
      },
      {
        "text": "gas",
        "meta": "@lead-type",
        "alias": "lead-type",
        "userDefined": false
      },
      {
        "text": " è ",
        "userDefined": false
      },
      {
        "text": "50549 219 5761",
        "meta": "@numero-cliente-generic",
        "alias": "numero-cliente-generic",
        "userDefined": false
      }
    ],
    "isTemplate": false,
    "count": 0,
    "lang": "it",
    "updated": 0
  },
  {
    "id": "a4cefb1c-2a8f-4e81-bca3-eb4b3afd901c",
    "data": [
      {
        "text": "cominciamo dalla ",
        "userDefined": false
      },
      {
        "text": "luce",
        "meta": "@lead-type",
        "alias": "lead-type",
        "userDefined": false
      },
      {
        "text": " ",
        "userDefined": false
      },
      {
        "text": "5 0543 00 94 977",
        "meta": "@numero-cliente-generic",
        "alias": "numero-cliente-generic",
        "userDefined": false
      }
    ],
    "isTemplate": false,
    "count": 0,
    "lang": "it",
    "updated": 0
  },
  {
    "id": "d2650cc4-b85d-481f-bb9a-29ff874f4290",
    "data": [
      {
        "text": "1300 35582 175",
        "meta": "@numero-cliente-generic",
        "alias": "numero-cliente-generic",
        "userDefined": false
      },
      {
        "text": " mi passi un operatore",
        "userDefined": false
      }
    ],
    "isTemplate": false,
    "count": 0,
    "lang": "it",
    "updated": 0
  },
  {
    "id": "c3df2e29-d966-42aa-b6e4-add6cd9510a6",
    "data": [
      {
        "text": "allora numero cliente ",
        "userDefined": false
      },
      {
        "text": "124 4334 1901",
        "meta": "@numero-cliente-generic",
        "alias": "numero-cliente-generic",
        "userDefined": false
      }
    ],
    "isTemplate": false,
    "count": 0,
    "lang": "it",
    "updated": 0
  },
  {
    "id": "dba48ce4-b38a-432f-a911-7e196f505913",
    "data": [
      {
        "text": "allora ",
        "userDefined": false
      },
      {
        "text": "50 54 58 76 4857",
        "meta": "@numero-cliente-generic",
        "alias": "numero-cliente-generic",
        "userDefined": false
      }
    ],
    "isTemplate": false,
    "count": 0,
    "lang": "it",
    "updated": 0
  },
  {
    "id": "b518631d-5573-48ae-86ee-d853267c5ff5",
    "data": [
      {
        "text": "allora codice conto ",
        "userDefined": false
      },
      {
        "text": "50 54 58 76 4857",
        "meta": "@numero-cliente-generic",
        "alias": "numero-cliente-generic",
        "userDefined": false
      }
    ],
    "isTemplate": false,
    "count": 0,
    "lang": "it",
    "updated": 0
  },
  {
    "id": "ab306613-9f21-4a87-a358-7ea80a46b16f",
    "data": [
      {
        "text": "880300386602",
        "meta": "@numero-cliente-generic",
        "alias": "numero-cliente-generic",
        "userDefined": false
      }
    ],
    "isTemplate": false,
    "count": 0,
    "lang": "it",
    "updated": 0
  },
  {
    "id": "d79f4e57-403c-44b3-ae75-df381ce5cd36",
    "data": [
      {
        "text": "allora codice cliente ",
        "userDefined": false
      },
      {
        "text": "5053 50379 374",
        "meta": "@numero-cliente-generic",
        "alias": "numero-cliente-generic",
        "userDefined": false
      }
    ],
    "isTemplate": false,
    "count": 0,
    "lang": "it",
    "updated": 0
  },
  {
    "id": "a113bd27-446e-40af-8181-c6f4aa7226e1",
    "data": [
      {
        "text": "numero conto ",
        "userDefined": false
      },
      {
        "text": "50541 1986 118",
        "meta": "@numero-cliente-generic",
        "alias": "numero-cliente-generic",
        "userDefined": false
      }
    ],
    "isTemplate": false,
    "count": 0,
    "lang": "it",
    "updated": 0
  },
  {
    "id": "caaa86d5-a348-4b9a-985d-6dedd2a1dcb8",
    "data": [
      {
        "text": "allora ",
        "userDefined": false
      },
      {
        "text": "50547 485 9566",
        "meta": "@numero-cliente-generic",
        "alias": "numero-cliente-generic",
        "userDefined": false
      },
      {
        "text": " questo è il mio numero cliente",
        "userDefined": false
      }
    ],
    "isTemplate": false,
    "count": 0,
    "lang": "it",
    "updated": 0
  },
  {
    "id": "6dc335cc-9773-4053-9122-f3a4559e90c5",
    "data": [
      {
        "text": "sì numero cliente ",
        "userDefined": false
      },
      {
        "text": "5054 8573 8809",
        "meta": "@numero-cliente-generic",
        "alias": "numero-cliente-generic",
        "userDefined": false
      }
    ],
    "isTemplate": false,
    "count": 0,
    "lang": "it",
    "updated": 0
  },
  {
    "id": "c72b5065-5153-48dd-a68f-7a213f263766",
    "data": [
      {
        "text": "numero clienti ",
        "userDefined": false
      },
      {
        "text": "505 481 591 327",
        "meta": "@numero-cliente-generic",
        "alias": "numero-cliente-generic",
        "userDefined": false
      }
    ],
    "isTemplate": false,
    "count": 0,
    "lang": "it",
    "updated": 0
  },
  {
    "id": "9ebd7b76-73b0-41c1-b99e-b7f29f105c69",
    "data": [
      {
        "text": "ah glielo leggo è così ",
        "userDefined": false
      },
      {
        "text": "450 117 430 31402 402",
        "meta": "@numero-cliente-generic",
        "alias": "numero-cliente-generic",
        "userDefined": false
      },
      {
        "text": " via",
        "userDefined": false
      }
    ],
    "isTemplate": false,
    "count": 0,
    "lang": "it",
    "updated": 0
  },
  {
    "id": "c722e967-55ec-45b2-b2ea-9a76b1807799",
    "data": [
      {
        "text": "allora ti do il numero cliente ",
        "userDefined": false
      },
      {
        "text": "50-55 081 87 513",
        "meta": "@numero-cliente-generic",
        "alias": "numero-cliente-generic",
        "userDefined": false
      }
    ],
    "isTemplate": false,
    "count": 0,
    "lang": "it",
    "updated": 0
  },
  {
    "id": "8c111860-ae1d-477a-8dfc-dda8b54919c0",
    "data": [
      {
        "text": "505 344 88 59 49",
        "meta": "@numero-cliente-generic",
        "alias": "numero-cliente-generic",
        "userDefined": false
      },
      {
        "text": " questo è vorrei ricevere le bollette a casa",
        "userDefined": false
      }
    ],
    "isTemplate": false,
    "count": 0,
    "lang": "it",
    "updated": 0
  },
  {
    "id": "e34aa202-222c-4392-b619-9ad969d73ec0",
    "data": [
      {
        "text": "numero conto ",
        "userDefined": false
      },
      {
        "text": "80 00 31 25 4579",
        "meta": "@numero-cliente-generic",
        "alias": "numero-cliente-generic",
        "userDefined": false
      }
    ],
    "isTemplate": false,
    "count": 0,
    "lang": "it",
    "updated": 0
  },
  {
    "id": "a49401f6-094b-4bea-861a-e5a40eca84e7",
    "data": [
      {
        "text": "lo ripeto ",
        "userDefined": false
      },
      {
        "text": "50534420 8378",
        "meta": "@numero-cliente-generic",
        "alias": "numero-cliente-generic",
        "userDefined": false
      }
    ],
    "isTemplate": false,
    "count": 0,
    "lang": "it",
    "updated": 0
  },
  {
    "id": "0be19e62-40c8-4041-b52d-af0cf2416ec0",
    "data": [
      {
        "text": "codice cliente ",
        "userDefined": false
      },
      {
        "text": "21048 5652 701",
        "meta": "@numero-cliente-generic",
        "alias": "numero-cliente-generic",
        "userDefined": false
      }
    ],
    "isTemplate": false,
    "count": 0,
    "lang": "it",
    "updated": 0
  },
  {
    "id": "479bdb0e-841b-4c81-acae-2bdb5775007a",
    "data": [
      {
        "text": "ti dico il numero ",
        "userDefined": false
      },
      {
        "text": "14 02 4671 9302",
        "meta": "@numero-cliente-generic",
        "alias": "numero-cliente-generic",
        "userDefined": false
      }
    ],
    "isTemplate": false,
    "count": 0,
    "lang": "it",
    "updated": 0
  },
  {
    "id": "6b3a24ac-6a32-4f56-8658-2207179d8844",
    "data": [
      {
        "text": "allora il numero cliente ",
        "userDefined": false
      },
      {
        "text": "27 06 3504 2401",
        "meta": "@numero-cliente-generic",
        "alias": "numero-cliente-generic",
        "userDefined": false
      }
    ],
    "isTemplate": false,
    "count": 0,
    "lang": "it",
    "updated": 0
  },
  {
    "id": "75838699-96d7-4423-b2da-db97dfc6b453",
    "data": [
      {
        "text": "numero cliente ",
        "userDefined": false
      },
      {
        "text": "130 0427 64 469",
        "meta": "@numero-cliente-generic",
        "alias": "numero-cliente-generic",
        "userDefined": false
      }
    ],
    "isTemplate": false,
    "count": 0,
    "lang": "it",
    "updated": 0
  },
  {
    "id": "7de452d1-0d2a-4030-beac-308b344be4e0",
    "data": [
      {
        "text": "via giacomo puccini 32 brugherio il numero cliente ",
        "userDefined": false
      },
      {
        "text": "50571 1500 36",
        "meta": "@numero-cliente-generic",
        "alias": "numero-cliente-generic",
        "userDefined": false
      }
    ],
    "isTemplate": false,
    "count": 0,
    "lang": "it",
    "updated": 0
  },
  {
    "id": "e6bc97a3-4dbb-41fd-92ee-b3c4214559ea",
    "data": [
      {
        "text": "il codice è ",
        "userDefined": false
      },
      {
        "text": "1231231",
        "meta": "@numero-cliente-generic",
        "alias": "numero-cliente-generic",
        "userDefined": false
      }
    ],
    "isTemplate": false,
    "count": 0,
    "lang": "it",
    "updated": 0
  },
  {
    "id": "462d2612-330c-4a53-a0fc-163b6bae2690",
    "data": [
      {
        "text": "il codice è ",
        "userDefined": false
      },
      {
        "text": "16 52 3 8912 30 12 37 16",
        "meta": "@numero-cliente-generic",
        "alias": "numero-cliente-generic",
        "userDefined": false
      }
    ],
    "isTemplate": false,
    "count": 0,
    "lang": "it",
    "updated": 0
  },
  {
    "id": "ce2a85b9-e032-4410-869b-ecd8e10fdcdd",
    "data": [
      {
        "text": "il codice è ",
        "userDefined": false
      },
      {
        "text": "12983",
        "meta": "@numero-cliente-generic",
        "alias": "numero-cliente-generic",
        "userDefined": false
      }
    ],
    "isTemplate": false,
    "count": 0,
    "lang": "it",
    "updated": 0
  },
  {
    "id": "9c103de7-f27e-457f-86d0-6863ce843cf6",
    "data": [
      {
        "text": "il codice è ",
        "userDefined": false
      },
      {
        "text": "12 45",
        "meta": "@numero-cliente-generic",
        "alias": "numero-cliente-generic",
        "userDefined": false
      }
    ],
    "isTemplate": false,
    "count": 0,
    "lang": "it",
    "updated": 0
  },
  {
    "id": "ab6fbff2-d501-4766-a014-000591d5f908",
    "data": [
      {
        "text": "il codice è ",
        "userDefined": false
      },
      {
        "text": "na ha1 718 8",
        "meta": "@numero-cliente-generic",
        "alias": "numero-cliente-generic",
        "userDefined": false
      }
    ],
    "isTemplate": false,
    "count": 0,
    "lang": "it",
    "updated": 0
  },
  {
    "id": "ca637380-6a4e-4ef5-a9e0-d655a525ce97",
    "data": [
      {
        "text": "il codice è ",
        "userDefined": false
      },
      {
        "text": "819 999 0 00 111",
        "meta": "@numero-cliente-generic",
        "alias": "numero-cliente-generic",
        "userDefined": false
      }
    ],
    "isTemplate": false,
    "count": 0,
    "lang": "it",
    "updated": 0
  },
  {
    "id": "0edf9e1a-1ddd-40fc-9fdb-b8de919cb7f2",
    "data": [
      {
        "text": "ok te lo ripeto è ",
        "userDefined": false
      },
      {
        "text": "ldch999999",
        "meta": "@numero-cliente-generic",
        "alias": "numero-cliente-generic",
        "userDefined": false
      }
    ],
    "isTemplate": false,
    "count": 0,
    "lang": "it",
    "updated": 0
  },
  {
    "id": "a69681ec-1c74-4010-82f4-420a9faff3aa",
    "data": [
      {
        "text": "il mio codice conto è ",
        "userDefined": false
      },
      {
        "text": "856745678912",
        "meta": "@numero-cliente-generic",
        "alias": "numero-cliente-generic",
        "userDefined": false
      }
    ],
    "isTemplate": false,
    "count": 0,
    "lang": "it",
    "updated": 0
  },
  {
    "id": "9bad7224-6283-4a19-b4e8-f3b89a080b5d",
    "data": [
      {
        "text": "fra444444",
        "meta": "@numero-cliente-generic",
        "alias": "numero-cliente-generic",
        "userDefined": false
      }
    ],
    "isTemplate": false,
    "count": 0,
    "lang": "it",
    "updated": 0
  },
  {
    "id": "6c5e4a8c-9224-45ca-9c26-867b0c1b9662",
    "data": [
      {
        "text": "sì sono pronto ",
        "userDefined": false
      },
      {
        "text": "581 9929 818 88",
        "meta": "@numero-cliente-generic",
        "alias": "numero-cliente-generic",
        "userDefined": false
      }
    ],
    "isTemplate": false,
    "count": 0,
    "lang": "it",
    "updated": 0
  },
  {
    "id": "dca54d46-526f-4c3b-8788-67ab5e2109db",
    "data": [
      {
        "text": "il mio codice conto e ",
        "userDefined": false
      },
      {
        "text": "ci 12345678901",
        "meta": "@numero-cliente-generic",
        "alias": "numero-cliente-generic",
        "userDefined": false
      }
    ],
    "isTemplate": false,
    "count": 0,
    "lang": "it",
    "updated": 0
  },
  {
    "id": "e9498aa8-2fc9-47cb-906d-8b4cd95feb6b",
    "data": [
      {
        "text": "il mio codice è ",
        "userDefined": false
      },
      {
        "text": "12345 67 89 012",
        "meta": "@numero-cliente-generic",
        "alias": "numero-cliente-generic",
        "userDefined": false
      }
    ],
    "isTemplate": false,
    "count": 0,
    "lang": "it",
    "updated": 0
  },
  {
    "id": "c93db36c-387e-4854-af42-5f6d6ac60152",
    "data": [
      {
        "text": "vediamo il numero cliente dovrebbe essere ",
        "userDefined": false
      },
      {
        "text": "123456789123",
        "meta": "@numero-cliente-generic",
        "alias": "numero-cliente-generic",
        "userDefined": false
      }
    ],
    "isTemplate": false,
    "count": 0,
    "lang": "it",
    "updated": 0
  },
  {
    "id": "0d7af5f3-2e48-4a81-bcd0-296db8960f03",
    "data": [
      {
        "text": "allora vediamo il numero sarà questo qua ",
        "userDefined": false
      },
      {
        "text": "145767898725",
        "meta": "@numero-cliente-generic",
        "alias": "numero-cliente-generic",
        "userDefined": false
      }
    ],
    "isTemplate": false,
    "count": 0,
    "lang": "it",
    "updated": 0
  },
  {
    "id": "67567cba-851e-4833-a66e-53cf18e45b63",
    "data": [
      {
        "text": "allora come codice ho solo questo spero che andrà bene: ",
        "userDefined": false
      },
      {
        "text": "145654777888",
        "meta": "@numero-cliente-generic",
        "alias": "numero-cliente-generic",
        "userDefined": false
      }
    ],
    "isTemplate": false,
    "count": 0,
    "lang": "it",
    "updated": 0
  },
  {
    "id": "3fb61968-3dbe-4279-8cfb-b9b1959f1994",
    "data": [
      {
        "text": "sì certo è la fornitura ha codice un attimo solo ecco ",
        "userDefined": false
      },
      {
        "text": "1456-36787939",
        "meta": "@numero-cliente-generic",
        "alias": "numero-cliente-generic",
        "userDefined": false
      }
    ],
    "isTemplate": false,
    "count": 0,
    "lang": "it",
    "updated": 0
  },
  {
    "id": "2ae3cba0-3bdf-408d-9871-c6ae7651922c",
    "data": [
      {
        "text": "sì subito  il codice cliente credo sia questo ",
        "userDefined": false
      },
      {
        "text": "145627363890",
        "meta": "@numero-cliente-generic",
        "alias": "numero-cliente-generic",
        "userDefined": false
      }
    ],
    "isTemplate": false,
    "count": 0,
    "lang": "it",
    "updated": 0
  },
  {
    "id": "2da48dda-d922-48fd-8b68-fc5bb8226cf5",
    "data": [
      {
        "text": "il numero è ",
        "userDefined": false
      },
      {
        "text": "505123456789",
        "meta": "@numero-cliente-generic",
        "alias": "numero-cliente-generic",
        "userDefined": false
      }
    ],
    "isTemplate": false,
    "count": 0,
    "lang": "it",
    "updated": 0
  },
  {
    "id": "bed29067-8b70-478d-988c-8ffa8690f4ed",
    "data": [
      {
        "text": "ti do tutti e due guarda il mio codice è ",
        "userDefined": false
      },
      {
        "text": "156276356467",
        "meta": "@numero-cliente-generic",
        "alias": "numero-cliente-generic",
        "userDefined": false
      }
    ],
    "isTemplate": false,
    "count": 0,
    "lang": "it",
    "updated": 0
  },
  {
    "id": "35c90773-a914-4375-806a-3766e4ba2364",
    "data": [
      {
        "text": "io chiamo per assistenza su una caldaia non ricordo che nominativo ho dato penso quello di mio ",
        "userDefined": false
      },
      {
        "text": "marito",
        "meta": "@delegato",
        "alias": "delegato",
        "userDefined": false
      }
    ],
    "isTemplate": false,
    "count": 0,
    "lang": "it",
    "updated": 0
  },
  {
    "id": "c33deab1-9925-4873-bfe1-5110233a026a",
    "data": [
      {
        "text": "il mio codice conto è ",
        "userDefined": false
      },
      {
        "text": "123456789123",
        "meta": "@numero-cliente-generic",
        "alias": "numero-cliente-generic",
        "userDefined": false
      },
      {
        "text": " e chiamo per la fornitura intestata a  mio ",
        "userDefined": false
      },
      {
        "text": "zio",
        "meta": "@delegato",
        "alias": "delegato",
        "userDefined": false
      }
    ],
    "isTemplate": false,
    "count": 0,
    "lang": "it",
    "updated": 0
  },
  {
    "id": "2fb1faee-f511-4cfd-aa9d-1b4edd2d7fbd",
    "data": [
      {
        "text": "il mio codice conto è ",
        "userDefined": false
      },
      {
        "text": "123456789123",
        "meta": "@numero-cliente-generic",
        "alias": "numero-cliente-generic",
        "userDefined": false
      },
      {
        "text": " e chiamo per la fornitura intestata a  mio zio",
        "userDefined": false
      }
    ],
    "isTemplate": false,
    "count": 0,
    "lang": "it",
    "updated": 0
  },
  {
    "id": "699e027f-9ffa-4bcf-b83e-6713f9a3f7b5",
    "data": [
      {
        "text": "il mio codice conto è 123456789123 e chiamo per la fornitura intestata a  mio ",
        "userDefined": false
      },
      {
        "text": "zio",
        "meta": "@delegato",
        "alias": "delegato",
        "userDefined": false
      }
    ],
    "isTemplate": false,
    "count": 0,
    "lang": "it",
    "updated": 0
  },
  {
    "id": "84c2fbac-77ec-4f5c-8b08-0d3fc06405b8",
    "data": [
      {
        "text": "il contratto luce è di mio ",
        "userDefined": false
      },
      {
        "text": "marito",
        "meta": "@delegato",
        "alias": "delegato",
        "userDefined": false
      }
    ],
    "isTemplate": false,
    "count": 0,
    "lang": "it",
    "updated": 0
  },
  {
    "id": "e204543c-9ad8-419d-91f4-73843068fb97",
    "data": [
      {
        "text": "il codice conto inizia per ",
        "userDefined": false
      },
      {
        "text": "50523",
        "meta": "@numero-cliente-generic",
        "alias": "numero-cliente-generic",
        "userDefined": false
      },
      {
        "text": " ma non me lo ricordo intero",
        "userDefined": false
      }
    ],
    "isTemplate": false,
    "count": 0,
    "lang": "it",
    "updated": 0
  },
  {
    "id": "68690b0f-1642-42d4-a519-7faebf492566",
    "data": [
      {
        "text": "il codice conto è ",
        "userDefined": false
      },
      {
        "text": "432112345678",
        "meta": "@numero-cliente-generic",
        "alias": "numero-cliente-generic",
        "userDefined": false
      }
    ],
    "isTemplate": false,
    "count": 0,
    "lang": "it",
    "updated": 0
  },
  {
    "id": "2e0ddb30-e0de-4e0a-ab7d-e4cf5ee1246b",
    "data": [
      {
        "text": "il codice cliente di mia ",
        "userDefined": false
      },
      {
        "text": "madre",
        "meta": "@delegato",
        "alias": "delegato",
        "userDefined": false
      },
      {
        "text": " non lo so.",
        "userDefined": false
      }
    ],
    "isTemplate": false,
    "count": 0,
    "lang": "it",
    "updated": 0
  },
  {
    "id": "43c8fee1-0f61-4c67-9819-abd477cd1d19",
    "data": [
      {
        "text": "allora vediamo il codice dovrebbe essere questo ",
        "userDefined": false
      },
      {
        "text": "123657835647",
        "meta": "@numero-cliente-generic",
        "alias": "numero-cliente-generic",
        "userDefined": false
      }
    ],
    "isTemplate": false,
    "count": 0,
    "lang": "it",
    "updated": 0
  },
  {
    "id": "dd5d124a-0145-4884-9edf-de2ef55f3d16",
    "data": [
      {
        "text": "allora il nominativo è sabrina cazzolla che è mia zia il codice dovrebbe esser questo qui un secondo eh ",
        "userDefined": false
      },
      {
        "text": "145636787939",
        "meta": "@numero-cliente-generic",
        "alias": "numero-cliente-generic",
        "userDefined": false
      }
    ],
    "isTemplate": false,
    "count": 0,
    "lang": "it",
    "updated": 0
  },
  {
    "id": "2574936f-acbe-4b81-9ded-ac5ee5d4a934",
    "data": [
      {
        "text": "il numero cliente dovrebbe essere ",
        "userDefined": false
      },
      {
        "text": "12 3456 789",
        "meta": "@numero-cliente-generic",
        "alias": "numero-cliente-generic",
        "userDefined": false
      },
      {
        "text": " il titolare della bolletta sono io",
        "userDefined": false
      }
    ],
    "isTemplate": false,
    "count": 0,
    "lang": "it",
    "updated": 0
  },
  {
    "id": "923a19c8-1dfb-421e-b045-7cab846b1b3f",
    "data": [
      {
        "text": "il numero cliente è ",
        "userDefined": false
      },
      {
        "text": "123 123",
        "meta": "@numero-cliente-generic",
        "alias": "numero-cliente-generic",
        "userDefined": false
      },
      {
        "text": " la fornitura è intestata a mio ",
        "userDefined": false
      },
      {
        "text": "zio",
        "meta": "@delegato",
        "alias": "delegato",
        "userDefined": false
      }
    ],
    "isTemplate": false,
    "count": 0,
    "lang": "it",
    "updated": 0
  },
  {
    "id": "54f33db2-89bd-4c33-8f9f-1948d8826283",
    "data": [
      {
        "text": "il numero cliente è ",
        "userDefined": false
      },
      {
        "text": "123 123",
        "meta": "@numero-cliente-generic",
        "alias": "numero-cliente-generic",
        "userDefined": false
      },
      {
        "text": " la fornitura è intestata a mio zio",
        "userDefined": false
      }
    ],
    "isTemplate": false,
    "count": 0,
    "lang": "it",
    "updated": 0
  },
  {
    "id": "af56a457-5d6f-444a-a34b-350c7a38f50e",
    "data": [
      {
        "text": "il numero cliente è 123 123 la fornitura è intestata a mio ",
        "userDefined": false
      },
      {
        "text": "zio",
        "meta": "@delegato",
        "alias": "delegato",
        "userDefined": false
      }
    ],
    "isTemplate": false,
    "count": 0,
    "lang": "it",
    "updated": 0
  },
  {
    "id": "09c76152-9980-4474-991f-7e4ec7295a92",
    "data": [
      {
        "text": "il numero cliente è ",
        "userDefined": false
      },
      {
        "text": "182 122 999100",
        "meta": "@numero-cliente-generic",
        "alias": "numero-cliente-generic",
        "userDefined": false
      }
    ],
    "isTemplate": false,
    "count": 0,
    "lang": "it",
    "updated": 0
  },
  {
    "id": "0528ff3e-074a-4f6c-96f4-7a652985f7d1",
    "data": [
      {
        "text": "il mio numero cliente è ",
        "userDefined": false
      },
      {
        "text": "910 272 181 999",
        "meta": "@numero-cliente-generic",
        "alias": "numero-cliente-generic",
        "userDefined": false
      },
      {
        "text": " chiamo per la mia fornitura",
        "userDefined": false
      }
    ],
    "isTemplate": false,
    "count": 0,
    "lang": "it",
    "updated": 0
  },
  {
    "id": "afab9cae-a80b-43a1-bbfd-e4712af989d4",
    "data": [
      {
        "text": "il mio numero cliente è ",
        "userDefined": false
      },
      {
        "text": "910 272 181 999",
        "meta": "@numero-cliente-generic",
        "alias": "numero-cliente-generic",
        "userDefined": false
      },
      {
        "text": " chiamo per la fornitura",
        "userDefined": false
      }
    ],
    "isTemplate": false,
    "count": 0,
    "lang": "it",
    "updated": 0
  },
  {
    "id": "5ae5bad0-f337-4075-a631-00f9dc12fd9e",
    "data": [
      {
        "text": "il mio numero cliente è ",
        "userDefined": false
      },
      {
        "text": "910 272 181 999",
        "meta": "@numero-cliente-generic",
        "alias": "numero-cliente-generic",
        "userDefined": false
      }
    ],
    "isTemplate": false,
    "count": 0,
    "lang": "it",
    "updated": 0
  },
  {
    "id": "687220c4-0050-4f78-9cd9-90c2b966c5fc",
    "data": [
      {
        "text": "il mio codice conto è ",
        "userDefined": false
      },
      {
        "text": "123456789123",
        "meta": "@numero-cliente-generic",
        "alias": "numero-cliente-generic",
        "userDefined": false
      }
    ],
    "isTemplate": false,
    "count": 0,
    "lang": "it",
    "updated": 0
  },
  {
    "id": "94d0838c-012e-439e-8c8c-42b6fc675717",
    "data": [
      {
        "text": "non chiamo per me chiamo per mia ",
        "userDefined": false
      },
      {
        "text": "zia",
        "meta": "@delegato",
        "alias": "delegato",
        "userDefined": false
      }
    ],
    "isTemplate": false,
    "count": 0,
    "lang": "it",
    "updated": 0
  },
  {
    "id": "1b3dcdfd-cd29-48cc-a0d8-152300465425",
    "data": [
      {
        "text": "chiamo per mia ",
        "userDefined": false
      },
      {
        "text": "zia",
        "meta": "@delegato",
        "alias": "delegato",
        "userDefined": false
      }
    ],
    "isTemplate": false,
    "count": 0,
    "lang": "it",
    "updated": 0
  },
  {
    "id": "b6c0490f-cedd-4aad-bd77-002a72abe856",
    "data": [
      {
        "text": "chiamo per mio ",
        "userDefined": false
      },
      {
        "text": "zio",
        "meta": "@delegato",
        "alias": "delegato",
        "userDefined": false
      }
    ],
    "isTemplate": false,
    "count": 0,
    "lang": "it",
    "updated": 0
  },
  {
    "id": "a080a119-687b-43bb-8080-b28d3134c1ae",
    "data": [
      {
        "text": "e il mio conto è ",
        "userDefined": false
      },
      {
        "text": "111222333444",
        "meta": "@numero-cliente-generic",
        "alias": "numero-cliente-generic",
        "userDefined": false
      }
    ],
    "isTemplate": false,
    "count": 0,
    "lang": "it",
    "updated": 0
  },
  {
    "id": "95a484aa-c125-4bf9-b31b-05d0287ccc72",
    "data": [
      {
        "text": "il mio conto è ",
        "userDefined": false
      },
      {
        "text": "120189000111",
        "meta": "@numero-cliente-generic",
        "alias": "numero-cliente-generic",
        "userDefined": false
      }
    ],
    "isTemplate": false,
    "count": 0,
    "lang": "it",
    "updated": 0
  },
  {
    "id": "ea216600-b2c1-457a-ab9d-af7ba934a610",
    "data": [
      {
        "text": "l\u0027intestataria della fornitura è mia ",
        "userDefined": false
      },
      {
        "text": "madre",
        "meta": "@delegato",
        "alias": "delegato",
        "userDefined": false
      }
    ],
    "isTemplate": false,
    "count": 0,
    "lang": "it",
    "updated": 0
  },
  {
    "id": "f03812ce-2883-441e-9bb3-cb6603e6637d",
    "data": [
      {
        "text": "l\u0027intestatario della fornitura è mio ",
        "userDefined": false
      },
      {
        "text": "padre",
        "meta": "@delegato",
        "alias": "delegato",
        "userDefined": false
      }
    ],
    "isTemplate": false,
    "count": 0,
    "lang": "it",
    "updated": 0
  },
  {
    "id": "f7a770c6-6424-4cd8-a35d-77559012737f",
    "data": [
      {
        "text": "sì ciao sto chiamando per la fornitura intestata a mia ",
        "userDefined": false
      },
      {
        "text": "nonna",
        "meta": "@delegato",
        "alias": "delegato",
        "userDefined": false
      }
    ],
    "isTemplate": false,
    "count": 0,
    "lang": "it",
    "updated": 0
  },
  {
    "id": "5fd1e2a6-34bd-4655-b6d5-9496a267464a",
    "data": [
      {
        "text": "chiamo per la fornitura intestata a mio ",
        "userDefined": false
      },
      {
        "text": "nonno",
        "meta": "@delegato",
        "alias": "delegato",
        "userDefined": false
      }
    ],
    "isTemplate": false,
    "count": 0,
    "lang": "it",
    "updated": 0
  },
  {
    "id": "9774dcb8-d9bc-40e5-88f4-ceb8ea0f843a",
    "data": [
      {
        "text": "sì buonasera sto chiamando per la fornitura intestata a mio ",
        "userDefined": false
      },
      {
        "text": "padre",
        "meta": "@delegato",
        "alias": "delegato",
        "userDefined": false
      }
    ],
    "isTemplate": false,
    "count": 0,
    "lang": "it",
    "updated": 0
  },
  {
    "id": "3ccb3db4-612e-4406-98c8-67cadd1a2630",
    "data": [
      {
        "text": "buongiorno chiamo per la fornitura intestata a mia ",
        "userDefined": false
      },
      {
        "text": "madre",
        "meta": "@delegato",
        "alias": "delegato",
        "userDefined": false
      },
      {
        "text": " valentina impastato",
        "userDefined": false
      }
    ],
    "isTemplate": false,
    "count": 0,
    "lang": "it",
    "updated": 0
  },
  {
    "id": "859e249a-4dd1-4b89-b966-4b5e6e9963a4",
    "data": [
      {
        "text": "il mio numero conto è ",
        "userDefined": false
      },
      {
        "text": "abc 11222 2",
        "meta": "@numero-cliente-generic",
        "alias": "numero-cliente-generic",
        "userDefined": false
      }
    ],
    "isTemplate": false,
    "count": 0,
    "lang": "it",
    "updated": 0
  },
  {
    "id": "af50d07e-08bb-485d-b347-a51a2fb40a6c",
    "data": [
      {
        "text": "il mio codice è ",
        "userDefined": false
      },
      {
        "text": "1812 19291 1",
        "meta": "@numero-cliente-generic",
        "alias": "numero-cliente-generic",
        "userDefined": false
      }
    ],
    "isTemplate": false,
    "count": 0,
    "lang": "it",
    "updated": 0
  },
  {
    "id": "d1925e4d-636f-4a48-aaeb-e8d31ac6c576",
    "data": [
      {
        "text": "chiamo per il conto ",
        "userDefined": false
      },
      {
        "text": "gy 891 000",
        "meta": "@numero-cliente-generic",
        "alias": "numero-cliente-generic",
        "userDefined": false
      }
    ],
    "isTemplate": false,
    "count": 0,
    "lang": "it",
    "updated": 0
  },
  {
    "id": "fcbea412-12c9-4e9a-9d09-b05a224a48a4",
    "data": [
      {
        "text": "il mio conto è ",
        "userDefined": false
      },
      {
        "text": "78122 678 677 111 1",
        "meta": "@numero-cliente-generic",
        "alias": "numero-cliente-generic",
        "userDefined": false
      }
    ],
    "isTemplate": false,
    "count": 0,
    "lang": "it",
    "updated": 0
  },
  {
    "id": "3475770c-bc36-4666-b711-36c14dfa2505",
    "data": [
      {
        "text": "il mio conto è ",
        "userDefined": false
      },
      {
        "text": "112 899 1",
        "meta": "@numero-cliente-generic",
        "alias": "numero-cliente-generic",
        "userDefined": false
      }
    ],
    "isTemplate": false,
    "count": 0,
    "lang": "it",
    "updated": 0
  },
  {
    "id": "30f23389-987f-4865-8dbe-c892afb1ecea",
    "data": [
      {
        "text": "il mio numero cliente è ",
        "userDefined": false
      },
      {
        "text": "101 999",
        "meta": "@numero-cliente-generic",
        "alias": "numero-cliente-generic",
        "userDefined": false
      }
    ],
    "isTemplate": false,
    "count": 0,
    "lang": "it",
    "updated": 0
  },
  {
    "id": "f97483e0-e4d0-4eb3-b527-de38bf1f2b27",
    "data": [
      {
        "text": "il mio codice conto è ",
        "userDefined": false
      },
      {
        "text": "890 678 456 111",
        "meta": "@numero-cliente-generic",
        "alias": "numero-cliente-generic",
        "userDefined": false
      }
    ],
    "isTemplate": false,
    "count": 0,
    "lang": "it",
    "updated": 0
  },
  {
    "id": "f7c70c41-fe93-44c9-b810-dbd861d1b239",
    "data": [
      {
        "text": "il mio conto è ",
        "userDefined": false
      },
      {
        "text": "abh 121 1111vv",
        "meta": "@numero-cliente-generic",
        "alias": "numero-cliente-generic",
        "userDefined": false
      }
    ],
    "isTemplate": false,
    "count": 0,
    "lang": "it",
    "updated": 0
  },
  {
    "id": "eafa0f99-fbda-42ec-8c63-317d256964d1",
    "data": [
      {
        "text": "il mio conto è ",
        "userDefined": false
      },
      {
        "text": "901928 22 111",
        "meta": "@numero-cliente-generic",
        "alias": "numero-cliente-generic",
        "userDefined": false
      }
    ],
    "isTemplate": false,
    "count": 0,
    "lang": "it",
    "updated": 0
  },
  {
    "id": "96e850bc-73e3-45ec-a867-8438c297cf60",
    "data": [
      {
        "text": "2505 87 19301",
        "meta": "@numero-cliente-generic",
        "alias": "numero-cliente-generic",
        "userDefined": false
      },
      {
        "text": " numero clienti",
        "userDefined": false
      }
    ],
    "isTemplate": false,
    "count": 0,
    "lang": "it",
    "updated": 0
  },
  {
    "id": "08601a5b-8753-478d-a78a-6df443227caa",
    "data": [
      {
        "text": "26 010 33 75 201",
        "meta": "@numero-cliente-generic",
        "alias": "numero-cliente-generic",
        "userDefined": false
      },
      {
        "text": " numero cliente",
        "userDefined": false
      }
    ],
    "isTemplate": false,
    "count": 0,
    "lang": "it",
    "updated": 0
  },
  {
    "id": "d21aa39e-8e90-44e4-b1ad-ac573e1be836",
    "data": [
      {
        "text": "allora il numero cliente dunque è ",
        "userDefined": false
      },
      {
        "text": "505 379 273 129",
        "meta": "@numero-cliente-generic",
        "alias": "numero-cliente-generic",
        "userDefined": false
      }
    ],
    "isTemplate": false,
    "count": 0,
    "lang": "it",
    "updated": 0
  },
  {
    "id": "840e5209-f946-4036-aad1-7b9557c482d1",
    "data": [
      {
        "text": "e allora ",
        "userDefined": false
      },
      {
        "text": "505 427 586 522",
        "meta": "@numero-cliente-generic",
        "alias": "numero-cliente-generic",
        "userDefined": false
      }
    ],
    "isTemplate": false,
    "count": 0,
    "lang": "it",
    "updated": 0
  },
  {
    "id": "8228fdf9-df36-4481-91ab-b93b52394b41",
    "data": [
      {
        "text": "il numero è ",
        "userDefined": false
      },
      {
        "text": "0331 78 02 64",
        "meta": "@numero-cliente-generic",
        "alias": "numero-cliente-generic",
        "userDefined": false
      }
    ],
    "isTemplate": false,
    "count": 0,
    "lang": "it",
    "updated": 0
  },
  {
    "id": "9b6085de-fc21-4e24-bb51-f6534a628a52",
    "data": [
      {
        "text": "l\u0027ho digitato adesso lo dico al telefono allora se non l\u0027avete preso ",
        "userDefined": false
      },
      {
        "text": "505502 19 2964",
        "meta": "@numero-cliente-generic",
        "alias": "numero-cliente-generic",
        "userDefined": false
      }
    ],
    "isTemplate": false,
    "count": 0,
    "lang": "it",
    "updated": 0
  },
  {
    "id": "9b073162-640f-4979-9b4b-c4b9a3c540e2",
    "data": [
      {
        "text": "lo dico al telefono allora ",
        "userDefined": false
      },
      {
        "text": "505502 19 2964",
        "meta": "@numero-cliente-generic",
        "alias": "numero-cliente-generic",
        "userDefined": false
      }
    ],
    "isTemplate": false,
    "count": 0,
    "lang": "it",
    "updated": 0
  },
  {
    "id": "dda552ec-71c4-4305-9ff6-28adc96b99e5",
    "data": [
      {
        "text": "perché ",
        "userDefined": false
      },
      {
        "text": "50546 60839 36",
        "meta": "@numero-cliente-generic",
        "alias": "numero-cliente-generic",
        "userDefined": false
      }
    ],
    "isTemplate": false,
    "count": 0,
    "lang": "it",
    "updated": 0
  },
  {
    "id": "56e3f62d-b364-42b2-946d-cb429284f04a",
    "data": [
      {
        "text": "allora ",
        "userDefined": false
      },
      {
        "text": "50539 296 2906",
        "meta": "@numero-cliente-generic",
        "alias": "numero-cliente-generic",
        "userDefined": false
      },
      {
        "text": " numero cliente",
        "userDefined": false
      }
    ],
    "isTemplate": false,
    "count": 0,
    "lang": "it",
    "updated": 0
  },
  {
    "id": "d53b9cb0-5a8f-4a4b-ba56-fd17649b5df0",
    "data": [
      {
        "text": "ho il mio numero ",
        "userDefined": false
      },
      {
        "text": "5 0547 78 71 592",
        "meta": "@numero-cliente-generic",
        "alias": "numero-cliente-generic",
        "userDefined": false
      }
    ],
    "isTemplate": false,
    "count": 0,
    "lang": "it",
    "updated": 0
  },
  {
    "id": "b032ef0b-b45f-4dad-b457-0b967369f748",
    "data": [
      {
        "text": "la fornitura è intestata a mia ",
        "userDefined": false
      },
      {
        "text": "moglie",
        "meta": "@delegato",
        "alias": "delegato",
        "userDefined": false
      }
    ],
    "isTemplate": false,
    "count": 0,
    "lang": "it",
    "updated": 0
  }
]