[
  {
    "id": "678156d0-af7c-456c-b88e-e473dfdca8d5",
    "data": [
      {
        "text": "a ",
        "userDefined": false
      },
      {
        "text": "Milano via Vespri Siciliani 16",
        "meta": "@sys.location",
        "alias": "location",
        "userDefined": false
      }
    ],
    "isTemplate": false,
    "count": 0,
    "lang": "it",
    "updated": 0
  },
  {
    "id": "db0d5e09-9d93-4e59-8c7d-88c779066bff",
    "data": [
      {
        "text": "a Bologna ",
        "userDefined": false
      },
      {
        "text": "via Ferrara 20",
        "meta": "@sys.location",
        "alias": "location",
        "userDefined": false
      }
    ],
    "isTemplate": false,
    "count": 0,
    "lang": "it",
    "updated": 0
  },
  {
    "id": "acd7e92b-e73c-4259-96df-4eca26bf76d8",
    "data": [
      {
        "text": "Allora la fornitura è ",
        "userDefined": false
      },
      {
        "text": "via ferrara 20",
        "meta": "@sys.location",
        "alias": "location",
        "userDefined": false
      }
    ],
    "isTemplate": false,
    "count": 0,
    "lang": "it",
    "updated": 0
  },
  {
    "id": "c78a67b6-2093-4c6b-a078-ea617d01b3db",
    "data": [
      {
        "text": "allora sto chiamando da ",
        "userDefined": false
      },
      {
        "text": "via venini 85",
        "meta": "@sys.location",
        "alias": "location",
        "userDefined": false
      }
    ],
    "isTemplate": false,
    "count": 0,
    "lang": "it",
    "updated": 0
  },
  {
    "id": "70c7bd00-0473-4715-8e3f-8ef1bab96394",
    "data": [
      {
        "text": "e ",
        "userDefined": false
      },
      {
        "text": "via Francesco Torraca 28 85100 Potenza",
        "meta": "@sys.location",
        "alias": "location",
        "userDefined": false
      }
    ],
    "isTemplate": false,
    "count": 0,
    "lang": "it",
    "updated": 0
  },
  {
    "id": "75245ac8-2cde-49ac-bf58-9059960e6e58",
    "data": [
      {
        "text": "ecco ",
        "userDefined": false
      },
      {
        "text": "via venini 86",
        "meta": "@sys.location",
        "alias": "location",
        "userDefined": false
      }
    ],
    "isTemplate": false,
    "count": 0,
    "lang": "it",
    "updated": 0
  },
  {
    "id": "7e34d841-eb50-4cc2-9863-f6fe537f6ad9",
    "data": [
      {
        "text": "allora ",
        "userDefined": false
      },
      {
        "text": "via cesare battisti 17 21010 castelveccana",
        "meta": "@sys.location",
        "alias": "location",
        "userDefined": true
      }
    ],
    "isTemplate": false,
    "count": 0,
    "lang": "it",
    "updated": 0
  },
  {
    "id": "c02b0046-f499-44a1-baad-9a8cc5212ca1",
    "data": [
      {
        "text": "corso garibaldi 25 pomarico matera",
        "meta": "@sys.location",
        "alias": "location",
        "userDefined": true
      },
      {
        "text": " voglio parlare con un operatore",
        "userDefined": false
      }
    ],
    "isTemplate": false,
    "count": 0,
    "lang": "it",
    "updated": 0
  },
  {
    "id": "c068e0ab-44a3-46a4-bc8e-914f383b743b",
    "data": [
      {
        "text": "allora l\u0027indirizzo è ",
        "userDefined": false
      },
      {
        "text": "via cesare battisti 17 21010 castelveccana",
        "meta": "@sys.location",
        "alias": "location",
        "userDefined": true
      }
    ],
    "isTemplate": false,
    "count": 0,
    "lang": "it",
    "updated": 0
  },
  {
    "id": "2f165dae-4e13-4c09-8b93-96a7e128f795",
    "data": [
      {
        "text": "allora la fornitura per cui vi chiamo è in ",
        "userDefined": false
      },
      {
        "text": "corso vittorio emanuele 133 napoli",
        "meta": "@sys.location",
        "alias": "location",
        "userDefined": true
      }
    ],
    "isTemplate": false,
    "count": 0,
    "lang": "it",
    "updated": 0
  },
  {
    "id": "65b3e0c0-9ac5-4011-981d-260665c29319",
    "data": [
      {
        "text": "allora la fornitura per cui sto chiamando è in ",
        "userDefined": false
      },
      {
        "text": "corso vittorio emanuele 133 napoli",
        "meta": "@sys.location",
        "alias": "location",
        "userDefined": true
      },
      {
        "text": " ma io chiamo per parlare con un operatore",
        "userDefined": false
      }
    ],
    "isTemplate": false,
    "count": 0,
    "lang": "it",
    "updated": 0
  },
  {
    "id": "a2f7a9b9-dfb0-45cb-bc16-580a9b017611",
    "data": [
      {
        "text": "il contatore di ",
        "userDefined": false
      },
      {
        "text": "via primo levi di tivoli",
        "meta": "@sys.location",
        "alias": "location",
        "userDefined": true
      }
    ],
    "isTemplate": false,
    "count": 0,
    "lang": "it",
    "updated": 0
  },
  {
    "id": "bed3fffa-2832-4c61-ab2f-6a4422c0588b",
    "data": [
      {
        "text": "vivo a ",
        "userDefined": false
      },
      {
        "text": "contrada casalena",
        "meta": "@sys.location",
        "alias": "location",
        "userDefined": true
      }
    ],
    "isTemplate": false,
    "count": 0,
    "lang": "it",
    "updated": 0
  },
  {
    "id": "aade01e5-52aa-42b8-b800-6306f9f1fee7",
    "data": [
      {
        "text": "sto presso ",
        "userDefined": false
      },
      {
        "text": "traversa del grillo roma",
        "meta": "@sys.location",
        "alias": "location",
        "userDefined": true
      }
    ],
    "isTemplate": false,
    "count": 0,
    "lang": "it",
    "updated": 0
  },
  {
    "id": "bdca0b0e-2393-4bb4-9127-6131dd58bf85",
    "data": [
      {
        "text": "allora sto chiamando per una bolletta del luce ",
        "userDefined": false
      },
      {
        "text": "via luigi polacchi 30 65129 pescara",
        "meta": "@sys.location",
        "alias": "location",
        "userDefined": true
      }
    ],
    "isTemplate": false,
    "count": 0,
    "lang": "it",
    "updated": 0
  },
  {
    "id": "5624ade3-30ef-4f76-ab95-a46c55ecb98a",
    "data": [
      {
        "text": "senta sto in ",
        "userDefined": false
      },
      {
        "text": "via venini 86",
        "meta": "@sys.location",
        "alias": "location",
        "userDefined": true
      }
    ],
    "isTemplate": false,
    "count": 0,
    "lang": "it",
    "updated": 0
  },
  {
    "id": "a9cc4d12-81be-4625-a723-6d8950f4957a",
    "data": [
      {
        "text": "buongiorno io sono in ",
        "userDefined": false
      },
      {
        "text": "via pietro nenni 37 calvizzano",
        "meta": "@sys.location",
        "alias": "location",
        "userDefined": true
      },
      {
        "text": " mi sente",
        "userDefined": false
      }
    ],
    "isTemplate": false,
    "count": 0,
    "lang": "it",
    "updated": 0
  },
  {
    "id": "25592efb-7c6c-48eb-ac2d-42bdb1d4dd39",
    "data": [
      {
        "text": "ok vi contatto per informazioni su un allaccio in ",
        "userDefined": false
      },
      {
        "text": "via dei frabbri 15 8 a venezia",
        "meta": "@sys.location",
        "alias": "location",
        "userDefined": true
      }
    ],
    "isTemplate": false,
    "count": 0,
    "lang": "it",
    "updated": 0
  },
  {
    "id": "c8243642-46f8-4e0e-956c-ca0cdcab6bda",
    "data": [
      {
        "text": "certo è in ",
        "userDefined": false
      },
      {
        "text": "calle de mezo 66 nel centro di venezia",
        "meta": "@sys.location",
        "alias": "location",
        "userDefined": true
      }
    ],
    "isTemplate": false,
    "count": 0,
    "lang": "it",
    "updated": 0
  },
  {
    "id": "5d656070-2e26-4799-9ca7-6cbb8749d03c",
    "data": [
      {
        "text": "chiamo per un appartamento in ",
        "userDefined": false
      },
      {
        "text": "via gioberti n 90 torino",
        "meta": "@sys.location",
        "alias": "location",
        "userDefined": true
      }
    ],
    "isTemplate": false,
    "count": 0,
    "lang": "it",
    "updated": 0
  },
  {
    "id": "f9e6a70e-316f-408f-8ccf-f7200c994c8b",
    "data": [
      {
        "text": "via levi 11",
        "meta": "@sys.location",
        "alias": "location",
        "userDefined": true
      }
    ],
    "isTemplate": false,
    "count": 0,
    "lang": "it",
    "updated": 0
  },
  {
    "id": "267b92b5-6015-4594-ab75-69512931fad2",
    "data": [
      {
        "text": "vi ho chiamati per ",
        "userDefined": false
      },
      {
        "text": "piazza cota",
        "meta": "@sys.location",
        "alias": "location",
        "userDefined": true
      }
    ],
    "isTemplate": false,
    "count": 0,
    "lang": "it",
    "updated": 0
  },
  {
    "id": "52c186bf-92a9-49cd-9209-1ff980a1f92c",
    "data": [
      {
        "text": "sto chiamando per la casa di mare la via e\u0027 ",
        "userDefined": false
      },
      {
        "text": "via degli oleandri 21-2 località san cataldo comune di lecce",
        "meta": "@sys.location",
        "alias": "location",
        "userDefined": true
      }
    ],
    "isTemplate": false,
    "count": 0,
    "lang": "it",
    "updated": 0
  },
  {
    "id": "dcb30a15-f192-460b-987f-a141eaf260cf",
    "data": [
      {
        "text": "si allora l\u0027utenza e\u0027 quella di mia suocera che vive presso ",
        "userDefined": false
      },
      {
        "text": "slargo aldo moro 3 a vinci provincia di firenze",
        "meta": "@sys.location",
        "alias": "location",
        "userDefined": true
      },
      {
        "text": " . il cap se serve e\u0027 50059",
        "userDefined": false
      }
    ],
    "isTemplate": false,
    "count": 0,
    "lang": "it",
    "updated": 0
  },
  {
    "id": "b7c3a8c4-06b3-4331-910d-c10353afa0e4",
    "data": [
      {
        "text": "quello di milano in ",
        "userDefined": false
      },
      {
        "text": "viale monza",
        "meta": "@sys.location",
        "alias": "location",
        "userDefined": true
      }
    ],
    "isTemplate": false,
    "count": 0,
    "lang": "it",
    "updated": 0
  },
  {
    "id": "e93eb0cf-b897-4898-981d-9a9216be79ff",
    "data": [
      {
        "text": "per ",
        "userDefined": false
      },
      {
        "text": "via felice ferri 12 frascati",
        "meta": "@sys.location",
        "alias": "location",
        "userDefined": true
      }
    ],
    "isTemplate": false,
    "count": 0,
    "lang": "it",
    "updated": 0
  },
  {
    "id": "e5436c54-693d-4557-8012-125b7b7c454e",
    "data": [
      {
        "text": "via einaudi 35 mentana",
        "meta": "@sys.location",
        "alias": "location",
        "userDefined": true
      }
    ],
    "isTemplate": false,
    "count": 0,
    "lang": "it",
    "updated": 0
  },
  {
    "id": "bc3ddead-f866-435b-b49d-02e650869cfd",
    "data": [
      {
        "text": "via giacomo leopardi pagani salerno",
        "meta": "@sys.location",
        "alias": "location",
        "userDefined": true
      }
    ],
    "isTemplate": false,
    "count": 0,
    "lang": "it",
    "updated": 0
  },
  {
    "id": "3722f4b5-4ea4-4b9f-aac5-9cd8b21e6f68",
    "data": [
      {
        "text": "si abita in ",
        "userDefined": false
      },
      {
        "text": "via panoramica 392",
        "meta": "@sys.location",
        "alias": "location",
        "userDefined": true
      }
    ],
    "isTemplate": false,
    "count": 0,
    "lang": "it",
    "updated": 0
  },
  {
    "id": "7c45126b-e9dc-4560-ac14-d7cab8c96fc9",
    "data": [
      {
        "text": "sì fornitura di ",
        "userDefined": false
      },
      {
        "text": "gas roma via conca d\u0027oro 300",
        "meta": "@sys.location",
        "alias": "location",
        "userDefined": true
      }
    ],
    "isTemplate": false,
    "count": 0,
    "lang": "it",
    "updated": 0
  },
  {
    "id": "e3d7a95e-e498-4908-a6cf-abca30595731",
    "data": [
      {
        "text": "sto telefonando se è la stessa cosa per il contatore di ",
        "userDefined": false
      },
      {
        "text": "via isonzo 31",
        "meta": "@sys.location",
        "alias": "location",
        "userDefined": true
      }
    ],
    "isTemplate": false,
    "count": 0,
    "lang": "it",
    "updated": 0
  },
  {
    "id": "913d9892-587c-4dbd-b2ab-b77b961df3bc",
    "data": [
      {
        "text": "per la fornitura di ",
        "userDefined": false
      },
      {
        "text": "via carlo alberto 156",
        "meta": "@sys.location",
        "alias": "location",
        "userDefined": true
      }
    ],
    "isTemplate": false,
    "count": 0,
    "lang": "it",
    "updated": 0
  },
  {
    "id": "af2158db-e1a9-4810-8e55-497b35e96113",
    "data": [
      {
        "text": "montagna spaccata via salvatore dalì, 22",
        "meta": "@sys.location",
        "alias": "location",
        "userDefined": true
      },
      {
        "text": " signora",
        "userDefined": false
      }
    ],
    "isTemplate": false,
    "count": 0,
    "lang": "it",
    "updated": 0
  },
  {
    "id": "1c9ca981-79e9-43d0-91bc-7b02494f7aab",
    "data": [
      {
        "text": "mia zia vive in ",
        "userDefined": false
      },
      {
        "text": "campo santa margherita 2 a venezia",
        "meta": "@sys.location",
        "alias": "location",
        "userDefined": true
      },
      {
        "text": " e il contatore per cui sto chiamando si trova là",
        "userDefined": false
      }
    ],
    "isTemplate": false,
    "count": 0,
    "lang": "it",
    "updated": 0
  },
  {
    "id": "8b4c80a6-f17e-4b57-8b0d-5c6de35820f9",
    "data": [
      {
        "text": "la casa al mare ",
        "userDefined": false
      },
      {
        "text": "strada statale tirrena inferiore 120",
        "meta": "@sys.location",
        "alias": "location",
        "userDefined": true
      }
    ],
    "isTemplate": false,
    "count": 0,
    "lang": "it",
    "updated": 0
  },
  {
    "id": "3df23e12-482b-4f1c-8da5-68669413f792",
    "data": [
      {
        "text": "in ",
        "userDefined": false
      },
      {
        "text": "via giovanni paisiello 8",
        "meta": "@sys.location",
        "alias": "location",
        "userDefined": true
      }
    ],
    "isTemplate": false,
    "count": 0,
    "lang": "it",
    "updated": 0
  },
  {
    "id": "a8b74717-1905-46c7-9b04-da1cca1209d8",
    "data": [
      {
        "text": "il contatore si trova presso ",
        "userDefined": false
      },
      {
        "text": "corte dell\u0027angelo 11 55100 lucca",
        "meta": "@sys.location",
        "alias": "location",
        "userDefined": true
      }
    ],
    "isTemplate": false,
    "count": 0,
    "lang": "it",
    "updated": 0
  },
  {
    "id": "0f76be12-5ad6-4443-918a-2a2a3aa1b498",
    "data": [
      {
        "text": "dunque l\u0027indirizzo completo dovrebbe essere ",
        "userDefined": false
      },
      {
        "text": "via dei frabbri 15 8 30100 venezia",
        "meta": "@sys.location",
        "alias": "location",
        "userDefined": true
      }
    ],
    "isTemplate": false,
    "count": 0,
    "lang": "it",
    "updated": 0
  },
  {
    "id": "535fa757-595b-4698-89eb-b5496ec8e516",
    "data": [
      {
        "text": "corso italia, 12",
        "meta": "@sys.location",
        "alias": "location",
        "userDefined": true
      },
      {
        "text": " a meta",
        "userDefined": false
      }
    ],
    "isTemplate": false,
    "count": 0,
    "lang": "it",
    "updated": 0
  },
  {
    "id": "b3677654-36e1-498d-ba3b-7b43dd01afb1",
    "data": [
      {
        "text": "contrada osservatorio",
        "meta": "@sys.location",
        "alias": "location",
        "userDefined": true
      },
      {
        "text": " a ottaviano",
        "userDefined": false
      }
    ],
    "isTemplate": false,
    "count": 0,
    "lang": "it",
    "updated": 0
  },
  {
    "id": "8743f558-32fc-4451-bfc1-1f11c2f38863",
    "data": [
      {
        "text": "chiamo per la luce in un appartamento in ",
        "userDefined": false
      },
      {
        "text": "corso umberto n 90 torino cap 10128",
        "meta": "@sys.location",
        "alias": "location",
        "userDefined": true
      }
    ],
    "isTemplate": false,
    "count": 0,
    "lang": "it",
    "updated": 0
  },
  {
    "id": "7fd54c2c-3867-41d0-9453-5b1b90614a77",
    "data": [
      {
        "text": "chiamo per l\u0027utenza spitilli domenico ",
        "userDefined": false
      },
      {
        "text": "via arrigo rossi 22",
        "meta": "@sys.location",
        "alias": "location",
        "userDefined": true
      }
    ],
    "isTemplate": false,
    "count": 0,
    "lang": "it",
    "updated": 0
  },
  {
    "id": "a43fc422-0a96-461c-bb65-d4a8175a3106",
    "data": [
      {
        "text": "chiamo in riferimento a ",
        "userDefined": false
      },
      {
        "text": "via ponte del vescovo 55 massa",
        "meta": "@sys.location",
        "alias": "location",
        "userDefined": true
      }
    ],
    "isTemplate": false,
    "count": 0,
    "lang": "it",
    "updated": 0
  },
  {
    "id": "64a1c246-9cdc-428e-bed2-f1cdc9d9b954",
    "data": [
      {
        "text": "casa mia a milano in ",
        "userDefined": false
      },
      {
        "text": "via solari",
        "meta": "@sys.location",
        "alias": "location",
        "userDefined": true
      }
    ],
    "isTemplate": false,
    "count": 0,
    "lang": "it",
    "updated": 0
  },
  {
    "id": "097dc66e-b13e-44eb-93ee-46ace6cd0e4d",
    "data": [
      {
        "text": "allora chiamo per la casa in montagna la fornitura del gas e\u0027 intestata a mio padre e la casa si trova in ",
        "userDefined": false
      },
      {
        "text": "piazza degli alpini 10-3 a tires cap 39050",
        "meta": "@sys.location",
        "alias": "location",
        "userDefined": true
      }
    ],
    "isTemplate": false,
    "count": 0,
    "lang": "it",
    "updated": 0
  },
  {
    "id": "2414d294-93bc-4f8a-b444-ab4eb09a556e",
    "data": [
      {
        "text": "allora ",
        "userDefined": false
      },
      {
        "text": "via ottaviano san gennaro vesuviano n 104",
        "meta": "@sys.location",
        "alias": "location",
        "userDefined": true
      },
      {
        "text": " catapano nunziatina",
        "userDefined": false
      }
    ],
    "isTemplate": false,
    "count": 0,
    "lang": "it",
    "updated": 0
  },
  {
    "id": "229fd408-8e6a-4cc4-8f17-2965b049761a",
    "data": [
      {
        "text": "si guarda la fornitura per cui sto chiamando è quella di mia madre in ",
        "userDefined": false
      },
      {
        "text": "piazza della cattedrale 1 a otranto",
        "meta": "@sys.location",
        "alias": "location",
        "userDefined": true
      }
    ],
    "isTemplate": false,
    "count": 0,
    "lang": "it",
    "updated": 0
  },
  {
    "id": "46c03eb2-6a49-42fe-953c-919d073628c1",
    "data": [
      {
        "text": "non sto chiamando per la mia fornitura ma per quella di mio figlio in ",
        "userDefined": false
      },
      {
        "text": "via bari 15 a san vito dei normanni",
        "meta": "@sys.location",
        "alias": "location",
        "userDefined": true
      }
    ],
    "isTemplate": false,
    "count": 0,
    "lang": "it",
    "updated": 0
  },
  {
    "id": "5bddd360-d849-4c2b-91b9-880038e533e4",
    "data": [
      {
        "text": "è in ",
        "userDefined": false
      },
      {
        "text": "viale alcide de gasperi 21 12042 bra",
        "meta": "@sys.location",
        "alias": "location",
        "userDefined": true
      }
    ],
    "isTemplate": false,
    "count": 0,
    "lang": "it",
    "updated": 0
  },
  {
    "id": "97749bf2-fb93-4a7d-a554-c90a188a27a1",
    "data": [
      {
        "text": "sto chiamando per ",
        "userDefined": false
      },
      {
        "text": "via vespri siciliani villasanta monza",
        "meta": "@sys.location",
        "alias": "location",
        "userDefined": true
      }
    ],
    "isTemplate": false,
    "count": 0,
    "lang": "it",
    "updated": 0
  },
  {
    "id": "37fc4b1d-96c1-4d4c-8fc4-6740d65569c5",
    "data": [
      {
        "text": "si ho chiamato per la fornitura ",
        "userDefined": false
      },
      {
        "text": "via caprera 11",
        "meta": "@sys.location",
        "alias": "location",
        "userDefined": true
      }
    ],
    "isTemplate": false,
    "count": 0,
    "lang": "it",
    "updated": 0
  },
  {
    "id": "4688f7f2-b9cb-492a-a23a-a7851dd8b696",
    "data": [
      {
        "text": "per la fornitura ",
        "userDefined": false
      },
      {
        "text": "via giotto 47",
        "meta": "@sys.location",
        "alias": "location",
        "userDefined": true
      }
    ],
    "isTemplate": false,
    "count": 0,
    "lang": "it",
    "updated": 0
  },
  {
    "id": "128ed9c6-c69c-4fc1-b94a-2a5585d5101c",
    "data": [
      {
        "text": "buongiorno ",
        "userDefined": false
      },
      {
        "text": "via varese 3",
        "meta": "@sys.location",
        "alias": "location",
        "userDefined": true
      }
    ],
    "isTemplate": false,
    "count": 0,
    "lang": "it",
    "updated": 0
  },
  {
    "id": "123d53bb-55f1-47fd-aa64-42b12ecc64d7",
    "data": [
      {
        "text": "sì chiamo per l\u0027indirizzo di ",
        "userDefined": false
      },
      {
        "text": "via della novara 11",
        "meta": "@sys.location",
        "alias": "location",
        "userDefined": true
      }
    ],
    "isTemplate": false,
    "count": 0,
    "lang": "it",
    "updated": 0
  },
  {
    "id": "d2f9dab9-27d3-4b09-ab9a-ea6ecc228a13",
    "data": [
      {
        "text": "si per ",
        "userDefined": false
      },
      {
        "text": "via kennedy 6",
        "meta": "@sys.location",
        "alias": "location",
        "userDefined": true
      }
    ],
    "isTemplate": false,
    "count": 0,
    "lang": "it",
    "updated": 0
  },
  {
    "id": "72637438-0923-4ec9-9c78-ee2987d69de4",
    "data": [
      {
        "text": "sì sì per ",
        "userDefined": false
      },
      {
        "text": "via francesco 89",
        "meta": "@sys.location",
        "alias": "location",
        "userDefined": true
      }
    ],
    "isTemplate": false,
    "count": 0,
    "lang": "it",
    "updated": 0
  },
  {
    "id": "6f33c9f1-b8a1-4475-9914-8924194e9f7f",
    "data": [
      {
        "text": "si dunque chiamo per la luce di ",
        "userDefined": false
      },
      {
        "text": "viale aldo moro 12 bis 73100 lecce",
        "meta": "@sys.location",
        "alias": "location",
        "userDefined": true
      }
    ],
    "isTemplate": false,
    "count": 0,
    "lang": "it",
    "updated": 0
  },
  {
    "id": "2f238a47-9074-4d77-a0d5-f6a19c878ef4",
    "data": [
      {
        "text": "allora l\u0027indirizzo del contatore è ",
        "userDefined": false
      },
      {
        "text": "piazzale tolstoj 26/7 a maglie",
        "meta": "@sys.location",
        "alias": "location",
        "userDefined": true
      }
    ],
    "isTemplate": false,
    "count": 0,
    "lang": "it",
    "updated": 0
  },
  {
    "id": "bad7ec5b-a2b3-4e0c-ab49-128018cc4de9",
    "data": [
      {
        "text": "via dei tigli",
        "meta": "@sys.location",
        "alias": "location",
        "userDefined": true
      },
      {
        "text": " senza numero civico",
        "userDefined": false
      }
    ],
    "isTemplate": false,
    "count": 0,
    "lang": "it",
    "updated": 0
  },
  {
    "id": "9f9eb8e3-d7e7-4c58-aba0-a36536ddf6a8",
    "data": [
      {
        "text": "non ricordo la via della casa di nonna prova ",
        "userDefined": false
      },
      {
        "text": "via muggio 4",
        "meta": "@sys.location",
        "alias": "location",
        "userDefined": true
      }
    ],
    "isTemplate": false,
    "count": 0,
    "lang": "it",
    "updated": 0
  },
  {
    "id": "aa93b21f-a7b5-4037-a1e7-3be38d08ff29",
    "data": [
      {
        "text": "via francesco cilea 12",
        "meta": "@sys.location",
        "alias": "location",
        "userDefined": true
      },
      {
        "text": " vicino la chiesa",
        "userDefined": false
      }
    ],
    "isTemplate": false,
    "count": 0,
    "lang": "it",
    "updated": 0
  },
  {
    "id": "46cd36cf-7c59-4a4b-b8be-ae77e2e910dc",
    "data": [
      {
        "text": "via della chiesa 11",
        "meta": "@sys.location",
        "alias": "location",
        "userDefined": true
      },
      {
        "text": " è la mia casa al mare",
        "userDefined": false
      }
    ],
    "isTemplate": false,
    "count": 0,
    "lang": "it",
    "updated": 0
  },
  {
    "id": "3ee8acaa-9d36-4e84-bf75-4e45aec4a7cd",
    "data": [
      {
        "text": "sto chiamando per l\u0027appartamento di ",
        "userDefined": false
      },
      {
        "text": "piazza cardinale sforza 117",
        "meta": "@sys.location",
        "alias": "location",
        "userDefined": true
      }
    ],
    "isTemplate": false,
    "count": 0,
    "lang": "it",
    "updated": 0
  },
  {
    "id": "cc2f2fb6-5f57-4467-a4f1-b67521b19ef1",
    "data": [
      {
        "text": "sto chiamando per la casa di ",
        "userDefined": false
      },
      {
        "text": "viale aldo moro 17",
        "meta": "@sys.location",
        "alias": "location",
        "userDefined": true
      }
    ],
    "isTemplate": false,
    "count": 0,
    "lang": "it",
    "updated": 0
  },
  {
    "id": "c99d0ea3-18a3-462d-996d-4f1d705304d3",
    "data": [
      {
        "text": "chiamo per ",
        "userDefined": false
      },
      {
        "text": "piazzale delle province 00100 roma",
        "meta": "@sys.location",
        "alias": "location",
        "userDefined": true
      }
    ],
    "isTemplate": false,
    "count": 0,
    "lang": "it",
    "updated": 0
  },
  {
    "id": "01ebc2b5-19f1-4151-8a28-4c459284d15a",
    "data": [
      {
        "text": "chiamo per ",
        "userDefined": false
      },
      {
        "text": "viale marche 19 maccarese",
        "meta": "@sys.location",
        "alias": "location",
        "userDefined": true
      }
    ],
    "isTemplate": false,
    "count": 0,
    "lang": "it",
    "updated": 0
  },
  {
    "id": "c4afeb80-6276-48c8-9863-5ff9506d7e52",
    "data": [
      {
        "text": "chiamo per la fornitura di mio padre a ",
        "userDefined": false
      },
      {
        "text": "piazzale delle province 00136 roma",
        "meta": "@sys.location",
        "alias": "location",
        "userDefined": true
      }
    ],
    "isTemplate": false,
    "count": 0,
    "lang": "it",
    "updated": 0
  },
  {
    "id": "dcf2aec3-b6ce-4d1f-bd8c-fca02622b983",
    "data": [
      {
        "text": "chiamo per la fornitura gas in ",
        "userDefined": false
      },
      {
        "text": "viale abruzzi 192",
        "meta": "@sys.location",
        "alias": "location",
        "userDefined": true
      }
    ],
    "isTemplate": false,
    "count": 0,
    "lang": "it",
    "updated": 0
  },
  {
    "id": "eeefe0ce-186d-47b7-9e51-1cbcb2015669",
    "data": [
      {
        "text": "chiamo per la fornitura gas di ",
        "userDefined": false
      },
      {
        "text": "via andrea doria 12 roma",
        "meta": "@sys.location",
        "alias": "location",
        "userDefined": true
      }
    ],
    "isTemplate": false,
    "count": 0,
    "lang": "it",
    "updated": 0
  },
  {
    "id": "0076e22e-7409-4abb-8f3a-0f7900055454",
    "data": [
      {
        "text": "chiamo per la fornitura luce di ",
        "userDefined": false
      },
      {
        "text": "viale manzoni 134",
        "meta": "@sys.location",
        "alias": "location",
        "userDefined": true
      }
    ],
    "isTemplate": false,
    "count": 0,
    "lang": "it",
    "updated": 0
  },
  {
    "id": "c8321fe9-8ef7-4f35-aab8-10b0c5708c0b",
    "data": [
      {
        "text": "chiamo per la fornitura gas di ",
        "userDefined": false
      },
      {
        "text": "via roma 19",
        "meta": "@sys.location",
        "alias": "location",
        "userDefined": true
      }
    ],
    "isTemplate": false,
    "count": 0,
    "lang": "it",
    "updated": 0
  },
  {
    "id": "ee6a9e90-2057-4786-91b2-5c8a7c1f904e",
    "data": [
      {
        "text": "abito a ",
        "userDefined": false
      },
      {
        "text": "via della meloria 12 roma",
        "meta": "@sys.location",
        "alias": "location",
        "userDefined": true
      }
    ],
    "isTemplate": false,
    "count": 0,
    "lang": "it",
    "updated": 0
  },
  {
    "id": "fcb81fc8-9d9e-410b-9b74-29bc640af255",
    "data": [
      {
        "text": "abito a ",
        "userDefined": false
      },
      {
        "text": "piazzale degli eroi pisa",
        "meta": "@sys.location",
        "alias": "location",
        "userDefined": true
      }
    ],
    "isTemplate": false,
    "count": 0,
    "lang": "it",
    "updated": 0
  },
  {
    "id": "a38b2a7c-925e-4cfc-a81f-e5e99f4510ce",
    "data": [
      {
        "text": "abito in ",
        "userDefined": false
      },
      {
        "text": "via xii maggio firenze",
        "meta": "@sys.location",
        "alias": "location",
        "userDefined": true
      }
    ],
    "isTemplate": false,
    "count": 0,
    "lang": "it",
    "updated": 0
  },
  {
    "id": "d55fc8e8-a2a4-47a4-8dc9-62587f19c5ab",
    "data": [
      {
        "text": "chiamo per la fornitura luce di ",
        "userDefined": false
      },
      {
        "text": "piazza rombon 12",
        "meta": "@sys.location",
        "alias": "location",
        "userDefined": true
      }
    ],
    "isTemplate": false,
    "count": 0,
    "lang": "it",
    "updated": 0
  },
  {
    "id": "38e2b63a-12c0-4556-a540-78a7852c3558",
    "data": [
      {
        "text": "chiamo per la fornitura gas di ",
        "userDefined": false
      },
      {
        "text": "viale delle milizie 19 carugate",
        "meta": "@sys.location",
        "alias": "location",
        "userDefined": true
      }
    ],
    "isTemplate": false,
    "count": 0,
    "lang": "it",
    "updated": 0
  },
  {
    "id": "dddb1127-88a0-4d74-9dfa-a6cbcd2fb7e4",
    "data": [
      {
        "text": "chiamo per la fornitura di ",
        "userDefined": false
      },
      {
        "text": "via brombeis 12",
        "meta": "@sys.location",
        "alias": "location",
        "userDefined": true
      }
    ],
    "isTemplate": false,
    "count": 0,
    "lang": "it",
    "updated": 0
  },
  {
    "id": "091d21b8-4867-4b48-bf1c-0add8762c3f9",
    "data": [
      {
        "text": "abito a empoli a ",
        "userDefined": false
      },
      {
        "text": "via dell\u0027oceano pacifico 14b",
        "meta": "@sys.location",
        "alias": "location",
        "userDefined": true
      }
    ],
    "isTemplate": false,
    "count": 0,
    "lang": "it",
    "updated": 0
  },
  {
    "id": "c50882ab-354f-453f-8005-0b021466d6f5",
    "data": [
      {
        "text": "abito a maccarese in ",
        "userDefined": false
      },
      {
        "text": "via scala 12",
        "meta": "@sys.location",
        "alias": "location",
        "userDefined": true
      }
    ],
    "isTemplate": false,
    "count": 0,
    "lang": "it",
    "updated": 0
  },
  {
    "id": "35762a1f-f647-4805-89cc-972c84624922",
    "data": [
      {
        "text": "fregene viale garibaldi 82",
        "meta": "@sys.location",
        "alias": "location",
        "userDefined": true
      }
    ],
    "isTemplate": false,
    "count": 0,
    "lang": "it",
    "updated": 0
  },
  {
    "id": "da9e7488-c2bb-4777-90df-f6fac52ab681",
    "data": [
      {
        "text": "abito ad ",
        "userDefined": false
      },
      {
        "text": "abbadia san salvatore via dei tigli 12 provincia di siena",
        "meta": "@sys.location",
        "alias": "location",
        "userDefined": true
      }
    ],
    "isTemplate": false,
    "count": 0,
    "lang": "it",
    "updated": 0
  },
  {
    "id": "739bbb67-1482-415b-827d-8114275edca8",
    "data": [
      {
        "text": "abito a ",
        "userDefined": false
      },
      {
        "text": "carugate via roma 43 20061",
        "meta": "@sys.location",
        "alias": "location",
        "userDefined": true
      }
    ],
    "isTemplate": false,
    "count": 0,
    "lang": "it",
    "updated": 0
  },
  {
    "id": "1c932037-2846-4865-b319-91d9fb71ef8c",
    "data": [
      {
        "text": "chiamo per la mia fornitura a ",
        "userDefined": false
      },
      {
        "text": "via milano 2 roma 00138",
        "meta": "@sys.location",
        "alias": "location",
        "userDefined": true
      }
    ],
    "isTemplate": false,
    "count": 0,
    "lang": "it",
    "updated": 0
  },
  {
    "id": "648d7027-d0a9-4e0e-a13a-c3ec145a02f8",
    "data": [
      {
        "text": "chiamo per la mia fornitura a ",
        "userDefined": false
      },
      {
        "text": "via roma 143",
        "meta": "@sys.location",
        "alias": "location",
        "userDefined": true
      }
    ],
    "isTemplate": false,
    "count": 0,
    "lang": "it",
    "updated": 0
  },
  {
    "id": "d671750a-005e-4202-ad1b-057bdadce216",
    "data": [
      {
        "text": "chiamo per la mia fornitura a ",
        "userDefined": false
      },
      {
        "text": "via napoli 12 pisa",
        "meta": "@sys.location",
        "alias": "location",
        "userDefined": true
      }
    ],
    "isTemplate": false,
    "count": 0,
    "lang": "it",
    "updated": 0
  },
  {
    "id": "b359f86b-c0b0-4b30-be84-60b24648d2fb",
    "data": [
      {
        "text": "chiamo per l\u0027indirizzo ",
        "userDefined": false
      },
      {
        "text": "piazzale degli eroi 14 roma",
        "meta": "@sys.location",
        "alias": "location",
        "userDefined": true
      }
    ],
    "isTemplate": false,
    "count": 0,
    "lang": "it",
    "updated": 0
  },
  {
    "id": "21d21d2b-e9dd-4008-9bac-4ae954a8fc61",
    "data": [
      {
        "text": "chiamo per la fornitura in ",
        "userDefined": false
      },
      {
        "text": "via luigi serafino barcellona pozzo di gotto",
        "meta": "@sys.location",
        "alias": "location",
        "userDefined": true
      }
    ],
    "isTemplate": false,
    "count": 0,
    "lang": "it",
    "updated": 0
  },
  {
    "id": "4f16c5cd-d3c9-40db-9afd-ea1ef12c1142",
    "data": [
      {
        "text": "via mario ridolfi 900 acquapendente",
        "meta": "@sys.location",
        "alias": "location",
        "userDefined": true
      }
    ],
    "isTemplate": false,
    "count": 0,
    "lang": "it",
    "updated": 0
  },
  {
    "id": "aa767bee-4414-4a4c-8d29-2b53a462d52e",
    "data": [
      {
        "text": "piazza maresciallo giardino 78 00136 roma",
        "meta": "@sys.location",
        "alias": "location",
        "userDefined": true
      }
    ],
    "isTemplate": false,
    "count": 0,
    "lang": "it",
    "updated": 0
  },
  {
    "id": "48b7221c-d636-49e3-9aaf-6f7f1a97249e",
    "data": [
      {
        "text": "viale giolitti 314 pisa",
        "meta": "@sys.location",
        "alias": "location",
        "userDefined": true
      }
    ],
    "isTemplate": false,
    "count": 0,
    "lang": "it",
    "updated": 0
  },
  {
    "id": "dcd88438-f013-47e2-a922-16778f609819",
    "data": [
      {
        "text": "via della meloria 190 bassano del grappa",
        "meta": "@sys.location",
        "alias": "location",
        "userDefined": true
      }
    ],
    "isTemplate": false,
    "count": 0,
    "lang": "it",
    "updated": 0
  },
  {
    "id": "aaee9443-0d3c-4a1a-a037-e44f8b9ed514",
    "data": [
      {
        "text": "il mio indirizzo è ",
        "userDefined": false
      },
      {
        "text": "via graziano dorin 189 castelnuovo di porto",
        "meta": "@sys.location",
        "alias": "location",
        "userDefined": true
      }
    ],
    "isTemplate": false,
    "count": 0,
    "lang": "it",
    "updated": 0
  },
  {
    "id": "7b6c6b23-1774-482b-8623-501559a1cc1f",
    "data": [
      {
        "text": "risiedo in ",
        "userDefined": false
      },
      {
        "text": "viale abruzzo 911 milano 20132",
        "meta": "@sys.location",
        "alias": "location",
        "userDefined": true
      }
    ],
    "isTemplate": false,
    "count": 0,
    "lang": "it",
    "updated": 0
  },
  {
    "id": "d87595a2-bbe4-4da3-8f1e-02d2b22271de",
    "data": [
      {
        "text": "via roma 12",
        "meta": "@sys.location",
        "alias": "location",
        "userDefined": true
      }
    ],
    "isTemplate": false,
    "count": 0,
    "lang": "it",
    "updated": 0
  },
  {
    "id": "6744fb7d-a7fa-48e5-986a-6399b7a86f74",
    "data": [
      {
        "text": "largo dei mille 101",
        "meta": "@sys.location",
        "alias": "location",
        "userDefined": true
      }
    ],
    "isTemplate": false,
    "count": 0,
    "lang": "it",
    "updated": 0
  },
  {
    "id": "96e7c06a-8136-400d-a885-e312626c9c52",
    "data": [
      {
        "text": "piazza dante 141",
        "meta": "@sys.location",
        "alias": "location",
        "userDefined": true
      }
    ],
    "isTemplate": false,
    "count": 0,
    "lang": "it",
    "updated": 0
  },
  {
    "id": "2f1c2d0d-3a9b-4fc8-a26e-19f187957546",
    "data": [
      {
        "text": "viale umbria 16",
        "meta": "@sys.location",
        "alias": "location",
        "userDefined": true
      }
    ],
    "isTemplate": false,
    "count": 0,
    "lang": "it",
    "updated": 0
  },
  {
    "id": "e41642d8-c20a-4a4e-9b93-c34e1c05c0d1",
    "data": [
      {
        "text": "il mio indirizzo è ",
        "userDefined": false
      },
      {
        "text": "via tasso 40",
        "meta": "@sys.location",
        "alias": "location",
        "userDefined": true
      }
    ],
    "isTemplate": false,
    "count": 0,
    "lang": "it",
    "updated": 0
  },
  {
    "id": "a76ab706-2fda-4210-9f61-59d83239a011",
    "data": [
      {
        "text": "corso garibaldi 25 casamicciola terme, napoli",
        "meta": "@sys.location",
        "alias": "location",
        "userDefined": true
      }
    ],
    "isTemplate": false,
    "count": 0,
    "lang": "it",
    "updated": 0
  },
  {
    "id": "9b4ee9fe-3bb3-470f-bbcc-ad783dcf94b1",
    "data": [
      {
        "text": "allora chiamo per ",
        "userDefined": false
      },
      {
        "text": "via tirundel 6, sondrio",
        "meta": "@sys.location",
        "alias": "location",
        "userDefined": true
      }
    ],
    "isTemplate": false,
    "count": 0,
    "lang": "it",
    "updated": 0
  },
  {
    "id": "20da8678-17fb-463e-aecd-6ffefe286673",
    "data": [
      {
        "text": "allora la fornitura per cui sto chiamando è in ",
        "userDefined": false
      },
      {
        "text": "via speranzella 124 napoli",
        "meta": "@sys.location",
        "alias": "location",
        "userDefined": true
      }
    ],
    "isTemplate": false,
    "count": 0,
    "lang": "it",
    "updated": 0
  },
  {
    "id": "afa27c43-db49-4818-85de-6d2ee365027d",
    "data": [
      {
        "text": "il contatore di ",
        "userDefined": false
      },
      {
        "text": "vico giardinetto 2",
        "meta": "@sys.location",
        "alias": "location",
        "userDefined": true
      }
    ],
    "isTemplate": false,
    "count": 0,
    "lang": "it",
    "updated": 0
  },
  {
    "id": "8d831c6b-3468-40be-a2dc-ed7410a7e550",
    "data": [
      {
        "text": "vivo a ",
        "userDefined": false
      },
      {
        "text": "via ostienze 20",
        "meta": "@sys.location",
        "alias": "location",
        "userDefined": true
      }
    ],
    "isTemplate": false,
    "count": 0,
    "lang": "it",
    "updated": 0
  },
  {
    "id": "16bde126-0725-4e35-86b6-ce19da06be4b",
    "data": [
      {
        "text": "allora sto chiamando per ",
        "userDefined": false
      },
      {
        "text": "via cristoforo colombo 30",
        "meta": "@sys.location",
        "alias": "location",
        "userDefined": true
      }
    ],
    "isTemplate": false,
    "count": 0,
    "lang": "it",
    "updated": 0
  },
  {
    "id": "2b4d14ab-bc85-41d8-9a38-63d254041b04",
    "data": [
      {
        "text": "senta sto in ",
        "userDefined": false
      },
      {
        "text": "via chiaia 20",
        "meta": "@sys.location",
        "alias": "location",
        "userDefined": true
      }
    ],
    "isTemplate": false,
    "count": 0,
    "lang": "it",
    "updated": 0
  },
  {
    "id": "979cc48c-1a0d-4e55-8c62-068cf5f841d5",
    "data": [
      {
        "text": "mi sente l\u0027indirizzo è ",
        "userDefined": false
      },
      {
        "text": "via santa teresella degli spagnoli 10",
        "meta": "@sys.location",
        "alias": "location",
        "userDefined": true
      }
    ],
    "isTemplate": false,
    "count": 0,
    "lang": "it",
    "updated": 0
  },
  {
    "id": "baf0c6fb-7d1f-4510-b25b-eed5e785ac0e",
    "data": [
      {
        "text": "ok vi contatto per informazioni su un allaccio in ",
        "userDefined": false
      },
      {
        "text": "via sant\u0027anna di palazzo 10",
        "meta": "@sys.location",
        "alias": "location",
        "userDefined": true
      }
    ],
    "isTemplate": false,
    "count": 0,
    "lang": "it",
    "updated": 0
  },
  {
    "id": "9a186ad6-6255-4277-a51a-d8299bec2827",
    "data": [
      {
        "text": "certo è in ",
        "userDefined": false
      },
      {
        "text": "via epomeo 8, napoli",
        "meta": "@sys.location",
        "alias": "location",
        "userDefined": true
      }
    ],
    "isTemplate": false,
    "count": 0,
    "lang": "it",
    "updated": 0
  },
  {
    "id": "5be2ed07-da04-4757-9622-69f0669049fe",
    "data": [
      {
        "text": "chiamo per un appartamento in ",
        "userDefined": false
      },
      {
        "text": "via pertini 5 pozzuoli",
        "meta": "@sys.location",
        "alias": "location",
        "userDefined": true
      }
    ],
    "isTemplate": false,
    "count": 0,
    "lang": "it",
    "updated": 0
  },
  {
    "id": "e4b10b07-9d88-43db-b009-81f7e3251e4f",
    "data": [
      {
        "text": "via acquedotto, ischia",
        "meta": "@sys.location",
        "alias": "location",
        "userDefined": true
      }
    ],
    "isTemplate": false,
    "count": 0,
    "lang": "it",
    "updated": 0
  },
  {
    "id": "e189dd2a-5bfe-4cb1-9463-8ea3cfeba8f0",
    "data": [
      {
        "text": "vi ho chiamati per ",
        "userDefined": false
      },
      {
        "text": "piazza degli eroi",
        "meta": "@sys.location",
        "alias": "location",
        "userDefined": true
      }
    ],
    "isTemplate": false,
    "count": 0,
    "lang": "it",
    "updated": 0
  },
  {
    "id": "c500fb10-59ff-49fd-b66c-c6659de04619",
    "data": [
      {
        "text": "sto chiamando per la casa di ",
        "userDefined": false
      },
      {
        "text": "via stradone 10, ischia",
        "meta": "@sys.location",
        "alias": "location",
        "userDefined": true
      }
    ],
    "isTemplate": false,
    "count": 0,
    "lang": "it",
    "updated": 0
  },
  {
    "id": "bb807ee7-6d08-4650-81fb-bcd603bf30f2",
    "data": [
      {
        "text": "si allora l\u0027utenza e\u0027 quella di mia suocera che vive presso ",
        "userDefined": false
      },
      {
        "text": "via d\u0027aloisio 20",
        "meta": "@sys.location",
        "alias": "location",
        "userDefined": true
      }
    ],
    "isTemplate": false,
    "count": 0,
    "lang": "it",
    "updated": 0
  },
  {
    "id": "8e09a7d8-be30-4e3b-8beb-60100ed53c55",
    "data": [
      {
        "text": "l\u0027indirizzo è ",
        "userDefined": false
      },
      {
        "text": "piazza duomo 10",
        "meta": "@sys.location",
        "alias": "location",
        "userDefined": true
      }
    ],
    "isTemplate": false,
    "count": 0,
    "lang": "it",
    "updated": 0
  },
  {
    "id": "6053a2f4-0f1d-471e-a926-b0589a49759b",
    "data": [
      {
        "text": "per via felice ",
        "userDefined": false
      },
      {
        "text": "via roma 12 frascati",
        "meta": "@sys.location",
        "alias": "location",
        "userDefined": true
      }
    ],
    "isTemplate": false,
    "count": 0,
    "lang": "it",
    "updated": 0
  }
]