[
  {
    "id": "27bcd0f0-7291-4dfe-a848-65714b3b35ea",
    "data": [
      {
        "text": "e l\u0027indirizzo è ",
        "userDefined": false
      },
      {
        "text": "via Ferrara 20 Bologna",
        "meta": "@sys.location",
        "alias": "location",
        "userDefined": false
      },
      {
        "text": " numero cliente è il seguente ",
        "userDefined": false
      },
      {
        "text": "50-55 0146 53 86",
        "meta": "@numero-cliente-generic",
        "alias": "numero-cliente-generic",
        "userDefined": false
      }
    ],
    "isTemplate": false,
    "count": 0,
    "lang": "it",
    "updated": 0
  },
  {
    "id": "197c9fc8-f896-405c-9440-fdbeda611936",
    "data": [
      {
        "text": "E allora ",
        "userDefined": false
      },
      {
        "text": "via chiappera 4 12032 Barge Cuneo",
        "meta": "@sys.location",
        "alias": "location",
        "userDefined": false
      }
    ],
    "isTemplate": false,
    "count": 0,
    "lang": "it",
    "updated": 0
  },
  {
    "id": "6af3d26e-74fb-49f0-b580-c6238da3cc14",
    "data": [
      {
        "text": "Allora la via è ",
        "userDefined": false
      },
      {
        "text": "via Ferrara 20",
        "meta": "@sys.location",
        "alias": "location",
        "userDefined": true
      },
      {
        "text": " numero cliente e ",
        "userDefined": false
      },
      {
        "text": "50-55 1319 7491",
        "meta": "@numero-cliente-generic",
        "alias": "numero-cliente-generic",
        "userDefined": true
      }
    ],
    "isTemplate": false,
    "count": 0,
    "lang": "it",
    "updated": 0
  },
  {
    "id": "cf59e409-cd6a-4f69-8aa3-bedeceb312d3",
    "data": [
      {
        "text": "Allora la ",
        "userDefined": false
      },
      {
        "text": "mia",
        "userDefined": false
      },
      {
        "text": " ",
        "userDefined": false
      },
      {
        "text": "via Ferrara 20",
        "meta": "@sys.location",
        "alias": "location",
        "userDefined": false
      },
      {
        "text": " numero cliente ",
        "userDefined": false
      },
      {
        "text": "2120 91 2900 2581",
        "meta": "@numero-cliente-generic",
        "alias": "numero-cliente-generic",
        "userDefined": false
      }
    ],
    "isTemplate": false,
    "count": 0,
    "lang": "it",
    "updated": 0
  },
  {
    "id": "8e745a9b-b5b4-411c-8c28-64a3cf38712d",
    "data": [
      {
        "text": "Allora indirizzo ",
        "userDefined": false
      },
      {
        "text": "via Ferrara 20 Bologna",
        "meta": "@sys.location",
        "alias": "location",
        "userDefined": false
      }
    ],
    "isTemplate": false,
    "count": 0,
    "lang": "it",
    "updated": 0
  },
  {
    "id": "7d7f68cc-10ae-4cae-aaeb-cf0d6263eb3b",
    "data": [
      {
        "text": "Allora il numero cliente è ",
        "userDefined": false
      },
      {
        "text": "25339 5 16501",
        "meta": "@numero-cliente-generic",
        "alias": "numero-cliente-generic",
        "userDefined": true
      }
    ],
    "isTemplate": false,
    "count": 0,
    "lang": "it",
    "updated": 0
  },
  {
    "id": "580e1724-877a-4823-88e3-280d16e4cacc",
    "data": [
      {
        "text": "Allora il ",
        "userDefined": false
      },
      {
        "text": "mio",
        "userDefined": false
      },
      {
        "text": " indirizzo è ",
        "userDefined": false
      },
      {
        "text": "via boccaccio numero 5 villabate",
        "meta": "@sys.location",
        "alias": "location",
        "userDefined": false
      }
    ],
    "isTemplate": false,
    "count": 0,
    "lang": "it",
    "updated": 0
  },
  {
    "id": "1f0eb9e7-772d-4b02-b2dd-497749cdaab8",
    "data": [
      {
        "text": "allora io sto contattando per la ",
        "userDefined": false
      },
      {
        "text": "via boccaccio numero 5 villabate",
        "meta": "@sys.location",
        "alias": "location",
        "userDefined": true
      }
    ],
    "isTemplate": false,
    "count": 0,
    "lang": "it",
    "updated": 0
  },
  {
    "id": "4e5ba8c7-ede7-4e58-b600-fe1b333ef625",
    "data": [
      {
        "text": "numero cliente eni gas ecco qua ",
        "userDefined": false
      },
      {
        "text": "50-55 1183 66 19",
        "meta": "@numero-cliente-generic",
        "alias": "numero-cliente-generic",
        "userDefined": false
      }
    ],
    "isTemplate": false,
    "count": 0,
    "lang": "it",
    "updated": 0
  },
  {
    "id": "6a79e07e-9cdd-48db-a312-4caca729d977",
    "data": [
      {
        "text": "allora il numero cliente della bolletta del ",
        "userDefined": false
      },
      {
        "text": "gas",
        "meta": "@lead-type",
        "alias": "lead-type",
        "userDefined": false
      },
      {
        "text": " è ",
        "userDefined": false
      },
      {
        "text": "50549 219 5761",
        "meta": "@numero-cliente-generic",
        "alias": "numero-cliente-generic",
        "userDefined": false
      }
    ],
    "isTemplate": false,
    "count": 0,
    "lang": "it",
    "updated": 0
  },
  {
    "id": "6be7223c-c402-4a5b-bbe4-b287bf8e8d9a",
    "data": [
      {
        "text": "cominciamo dalla ",
        "userDefined": false
      },
      {
        "text": "luce",
        "meta": "@lead-type",
        "alias": "lead-type",
        "userDefined": false
      },
      {
        "text": " ",
        "userDefined": false
      },
      {
        "text": "5 0543 00 94 977",
        "meta": "@numero-cliente-generic",
        "alias": "numero-cliente-generic",
        "userDefined": false
      }
    ],
    "isTemplate": false,
    "count": 0,
    "lang": "it",
    "updated": 0
  },
  {
    "id": "2695dc35-bd46-4d2c-9359-aafcbe6e02a2",
    "data": [
      {
        "text": "1300 35582 175",
        "meta": "@numero-cliente-generic",
        "alias": "numero-cliente-generic",
        "userDefined": false
      },
      {
        "text": " mi passi un operatore",
        "userDefined": false
      }
    ],
    "isTemplate": false,
    "count": 0,
    "lang": "it",
    "updated": 0
  },
  {
    "id": "b529ee63-7adc-4729-8384-6134d7321f60",
    "data": [
      {
        "text": "allora ",
        "userDefined": false
      },
      {
        "text": "via cesare battisti 17 21010 castelveccana",
        "meta": "@sys.location",
        "alias": "location",
        "userDefined": true
      }
    ],
    "isTemplate": false,
    "count": 0,
    "lang": "it",
    "updated": 0
  },
  {
    "id": "704202a0-9007-4bb6-9f21-aff61b81fa5f",
    "data": [
      {
        "text": "allora numero cliente ",
        "userDefined": false
      },
      {
        "text": "124 4334 1901",
        "meta": "@numero-cliente-generic",
        "alias": "numero-cliente-generic",
        "userDefined": false
      }
    ],
    "isTemplate": false,
    "count": 0,
    "lang": "it",
    "updated": 0
  },
  {
    "id": "c1a52a52-550e-468f-953c-95e94a9fb092",
    "data": [
      {
        "text": "allora il numero cliente è il seguente ",
        "userDefined": false
      },
      {
        "text": "50536 1236 1254 137",
        "meta": "@numero-cliente-generic",
        "alias": "numero-cliente-generic",
        "userDefined": false
      }
    ],
    "isTemplate": false,
    "count": 0,
    "lang": "it",
    "updated": 0
  },
  {
    "id": "4626c8e6-9c8e-4889-aae2-154e1719f841",
    "data": [
      {
        "text": "allora ",
        "userDefined": false
      },
      {
        "text": "5054 8089 1652",
        "meta": "@numero-cliente-generic",
        "alias": "numero-cliente-generic",
        "userDefined": false
      },
      {
        "text": " vorrei parlare con una persona grazie",
        "userDefined": false
      }
    ],
    "isTemplate": false,
    "count": 0,
    "lang": "it",
    "updated": 0
  },
  {
    "id": "cad55a38-5fc7-46d2-bf87-ab6005d36e09",
    "data": [
      {
        "text": "io chiamo da ",
        "userDefined": false
      },
      {
        "text": "via tito speri n 37 lissone",
        "meta": "@sys.location",
        "alias": "location",
        "userDefined": true
      }
    ],
    "isTemplate": false,
    "count": 0,
    "lang": "it",
    "updated": 0
  },
  {
    "id": "7f7ed512-1519-41ed-a80d-628a61ce06cd",
    "data": [
      {
        "text": "io abito in ",
        "userDefined": false
      },
      {
        "text": "via foligno 90",
        "meta": "@sys.location",
        "alias": "location",
        "userDefined": true
      }
    ],
    "isTemplate": false,
    "count": 0,
    "lang": "it",
    "updated": 0
  },
  {
    "id": "06a6ec95-e4af-415b-aa4a-75c121cb1b64",
    "data": [
      {
        "text": "codice conto ",
        "userDefined": false
      },
      {
        "text": "1404 1370 7501",
        "meta": "@numero-cliente-generic",
        "alias": "numero-cliente-generic",
        "userDefined": false
      }
    ],
    "isTemplate": false,
    "count": 0,
    "lang": "it",
    "updated": 0
  },
  {
    "id": "02d3ce45-d6a4-435c-a760-50f2f401b872",
    "data": [
      {
        "text": "allora codice cliente ",
        "userDefined": false
      },
      {
        "text": "50547 44749 45",
        "meta": "@numero-cliente-generic",
        "alias": "numero-cliente-generic",
        "userDefined": false
      }
    ],
    "isTemplate": false,
    "count": 0,
    "lang": "it",
    "updated": 0
  },
  {
    "id": "1a3fd34e-17be-4a81-82a0-7e931b2d3fcb",
    "data": [
      {
        "text": "allora codice conto ",
        "userDefined": false
      },
      {
        "text": "8150 550003 5819",
        "meta": "@numero-cliente-generic",
        "alias": "numero-cliente-generic",
        "userDefined": false
      }
    ],
    "isTemplate": false,
    "count": 0,
    "lang": "it",
    "updated": 0
  },
  {
    "id": "66a3e612-955c-424d-8a0a-097ec02b40a8",
    "data": [
      {
        "text": "220300366797",
        "meta": "@numero-cliente-generic",
        "alias": "numero-cliente-generic",
        "userDefined": false
      },
      {
        "text": " in ",
        "userDefined": false
      },
      {
        "text": "via foligno 90",
        "meta": "@sys.location",
        "alias": "location",
        "userDefined": true
      }
    ],
    "isTemplate": false,
    "count": 0,
    "lang": "it",
    "updated": 0
  },
  {
    "id": "9f898706-f834-4ef7-b700-1e5dff75af4d",
    "data": [
      {
        "text": "allora chiamo per la fornitura di ",
        "userDefined": false
      },
      {
        "text": "piazza degli eroi",
        "meta": "@sys.location",
        "alias": "location",
        "userDefined": true
      },
      {
        "text": " con codice cliente ",
        "userDefined": false
      },
      {
        "text": "5053 50379 374",
        "meta": "@numero-cliente-generic",
        "alias": "numero-cliente-generic",
        "userDefined": false
      }
    ],
    "isTemplate": false,
    "count": 0,
    "lang": "it",
    "updated": 0
  },
  {
    "id": "36f131f5-ab25-4626-80fe-4bb49100f7f5",
    "data": [
      {
        "text": "numero conto ",
        "userDefined": false
      },
      {
        "text": "50541 1986 118",
        "meta": "@numero-cliente-generic",
        "alias": "numero-cliente-generic",
        "userDefined": false
      },
      {
        "text": " per ",
        "userDefined": false
      },
      {
        "text": "via roma 3",
        "meta": "@sys.location",
        "alias": "location",
        "userDefined": true
      }
    ],
    "isTemplate": false,
    "count": 0,
    "lang": "it",
    "updated": 0
  },
  {
    "id": "7d9427ee-ecf7-4c3f-8b0c-6451a9528629",
    "data": [
      {
        "text": "allora ",
        "userDefined": false
      },
      {
        "text": "50547 485 9566",
        "meta": "@numero-cliente-generic",
        "alias": "numero-cliente-generic",
        "userDefined": false
      },
      {
        "text": " questo è il mio numero cliente per la fornitura di ",
        "userDefined": false
      },
      {
        "text": "via michele mazzella 100",
        "meta": "@sys.location",
        "alias": "location",
        "userDefined": true
      }
    ],
    "isTemplate": false,
    "count": 0,
    "lang": "it",
    "updated": 0
  },
  {
    "id": "f909d03d-806c-4fb1-a3e5-52c9893935ac",
    "data": [
      {
        "text": "sì numero cliente ",
        "userDefined": false
      },
      {
        "text": "5054 8573 8809",
        "meta": "@numero-cliente-generic",
        "alias": "numero-cliente-generic",
        "userDefined": false
      },
      {
        "text": " per la casa di ",
        "userDefined": false
      },
      {
        "text": "piazza trieste e trento",
        "meta": "@sys.location",
        "alias": "location",
        "userDefined": true
      }
    ],
    "isTemplate": false,
    "count": 0,
    "lang": "it",
    "updated": 0
  },
  {
    "id": "a7c1c0ab-8f11-4274-86ab-04bab4e136d3",
    "data": [
      {
        "text": "numero clienti ",
        "userDefined": false
      },
      {
        "text": "505 481 591 327",
        "meta": "@numero-cliente-generic",
        "alias": "numero-cliente-generic",
        "userDefined": false
      },
      {
        "text": " per il contatore di ",
        "userDefined": false
      },
      {
        "text": "corso garibaldi 2",
        "meta": "@sys.location",
        "alias": "location",
        "userDefined": true
      }
    ],
    "isTemplate": false,
    "count": 0,
    "lang": "it",
    "updated": 0
  },
  {
    "id": "069f14b0-25af-4114-9bf7-864e898982d6",
    "data": [
      {
        "text": "ah glielo leggo è così ",
        "userDefined": false
      },
      {
        "text": "450 117 430 31402 402",
        "meta": "@numero-cliente-generic",
        "alias": "numero-cliente-generic",
        "userDefined": false
      },
      {
        "text": " ",
        "userDefined": false
      },
      {
        "text": "via claudio 21",
        "meta": "@sys.location",
        "alias": "location",
        "userDefined": true
      }
    ],
    "isTemplate": false,
    "count": 0,
    "lang": "it",
    "updated": 0
  },
  {
    "id": "ea992547-e8ba-414e-a792-254f9bdfe620",
    "data": [
      {
        "text": "allora ti do il numero cliente ",
        "userDefined": false
      },
      {
        "text": "50-55 081 87 513",
        "meta": "@numero-cliente-generic",
        "alias": "numero-cliente-generic",
        "userDefined": false
      },
      {
        "text": " per la casa di ",
        "userDefined": false
      },
      {
        "text": "via alfredo de luca 20",
        "meta": "@sys.location",
        "alias": "location",
        "userDefined": true
      }
    ],
    "isTemplate": false,
    "count": 0,
    "lang": "it",
    "updated": 0
  },
  {
    "id": "ae68c431-5f86-4c48-ba74-c2e391815a53",
    "data": [
      {
        "text": "505 344 88 59 49",
        "meta": "@numero-cliente-generic",
        "alias": "numero-cliente-generic",
        "userDefined": false
      },
      {
        "text": " questo è vorrei ricevere le bollette a casa ",
        "userDefined": false
      },
      {
        "text": "via c.da castello 101 capizzi messina",
        "meta": "@sys.location",
        "alias": "location",
        "userDefined": true
      }
    ],
    "isTemplate": false,
    "count": 0,
    "lang": "it",
    "updated": 0
  },
  {
    "id": "dd2a1453-4f07-4d12-9779-74c066bc9b24",
    "data": [
      {
        "text": "numero conto ",
        "userDefined": false
      },
      {
        "text": "80 00 31 25 4579",
        "meta": "@numero-cliente-generic",
        "alias": "numero-cliente-generic",
        "userDefined": false
      },
      {
        "text": " chiamo per la casa al mare di ",
        "userDefined": false
      },
      {
        "text": "via d\u0027avalos 44",
        "meta": "@sys.location",
        "alias": "location",
        "userDefined": true
      }
    ],
    "isTemplate": false,
    "count": 0,
    "lang": "it",
    "updated": 0
  },
  {
    "id": "304ab2a7-8ef7-4395-bf07-712a28ba0a73",
    "data": [
      {
        "text": "lo ripeto ",
        "userDefined": false
      },
      {
        "text": "50534420 8378",
        "meta": "@numero-cliente-generic",
        "alias": "numero-cliente-generic",
        "userDefined": false
      },
      {
        "text": " per ",
        "userDefined": false
      },
      {
        "text": "via quercia 101",
        "meta": "@sys.location",
        "alias": "location",
        "userDefined": true
      }
    ],
    "isTemplate": false,
    "count": 0,
    "lang": "it",
    "updated": 0
  },
  {
    "id": "bd9dfcd6-5a98-4942-a3e4-e7cd40c68d1a",
    "data": [
      {
        "text": "codice cliente ",
        "userDefined": false
      },
      {
        "text": "21048 5652 701",
        "meta": "@numero-cliente-generic",
        "alias": "numero-cliente-generic",
        "userDefined": false
      },
      {
        "text": " ",
        "userDefined": false
      },
      {
        "text": "via iasolino 55",
        "meta": "@sys.location",
        "alias": "location",
        "userDefined": true
      }
    ],
    "isTemplate": false,
    "count": 0,
    "lang": "it",
    "updated": 0
  },
  {
    "id": "0a60094b-f1a8-468d-838a-56cce0425fa8",
    "data": [
      {
        "text": "ti dico il numero ",
        "userDefined": false
      },
      {
        "text": "14 02 4671 9302",
        "meta": "@numero-cliente-generic",
        "alias": "numero-cliente-generic",
        "userDefined": false
      },
      {
        "text": " ",
        "userDefined": false
      },
      {
        "text": "via degli orti 16",
        "meta": "@sys.location",
        "alias": "location",
        "userDefined": true
      }
    ],
    "isTemplate": false,
    "count": 0,
    "lang": "it",
    "updated": 0
  },
  {
    "id": "e73cd884-a5d6-4a57-975b-abbc24526676",
    "data": [
      {
        "text": "allora il numero cliente ",
        "userDefined": false
      },
      {
        "text": "27 06 3504 2401",
        "meta": "@numero-cliente-generic",
        "alias": "numero-cliente-generic",
        "userDefined": false
      },
      {
        "text": " ",
        "userDefined": false
      },
      {
        "text": "via cretaio 5",
        "meta": "@sys.location",
        "alias": "location",
        "userDefined": true
      }
    ],
    "isTemplate": false,
    "count": 0,
    "lang": "it",
    "updated": 0
  },
  {
    "id": "9b3ef6ce-4472-4c35-9f2b-6059825ac3b8",
    "data": [
      {
        "text": "numero cliente ",
        "userDefined": false
      },
      {
        "text": "130 0427 64 469",
        "meta": "@numero-cliente-generic",
        "alias": "numero-cliente-generic",
        "userDefined": false
      },
      {
        "text": " per il contatore di ",
        "userDefined": false
      },
      {
        "text": "via sogliuzzo 7",
        "meta": "@sys.location",
        "alias": "location",
        "userDefined": true
      }
    ],
    "isTemplate": false,
    "count": 0,
    "lang": "it",
    "updated": 0
  },
  {
    "id": "4931284c-5c7b-4bc2-97cb-acbe45e187d2",
    "data": [
      {
        "text": "allora ",
        "userDefined": false
      },
      {
        "text": "50 54 58 76 4857",
        "meta": "@numero-cliente-generic",
        "alias": "numero-cliente-generic",
        "userDefined": false
      },
      {
        "text": " per la casa di ",
        "userDefined": false
      },
      {
        "text": "via mirabella 20",
        "meta": "@sys.location",
        "alias": "location",
        "userDefined": true
      }
    ],
    "isTemplate": false,
    "count": 0,
    "lang": "it",
    "updated": 0
  },
  {
    "id": "17164944-d691-4de7-8f49-df1fd0aab165",
    "data": [
      {
        "text": "via giacomo puccini 32 brugherio",
        "meta": "@sys.location",
        "alias": "location",
        "userDefined": true
      },
      {
        "text": " il numero cliente ",
        "userDefined": false
      },
      {
        "text": "50571 1500 36",
        "meta": "@numero-cliente-generic",
        "alias": "numero-cliente-generic",
        "userDefined": false
      }
    ],
    "isTemplate": false,
    "count": 0,
    "lang": "it",
    "updated": 0
  },
  {
    "id": "61d2e5af-e165-4e0b-a348-aabf5d3d7551",
    "data": [
      {
        "text": "chiamo per il contatore di ",
        "userDefined": false
      },
      {
        "text": "via c.da castello 101 capizzi messina",
        "meta": "@sys.location",
        "alias": "location",
        "userDefined": true
      },
      {
        "text": " con numero conto ",
        "userDefined": false
      },
      {
        "text": "87429-349",
        "meta": "@numero-cliente-generic",
        "alias": "numero-cliente-generic",
        "userDefined": false
      }
    ],
    "isTemplate": false,
    "count": 0,
    "lang": "it",
    "updated": 0
  },
  {
    "id": "dcc86a14-e55a-43bc-82dd-e35d28787bd3",
    "data": [
      {
        "text": "il codice è ",
        "userDefined": false
      },
      {
        "text": "1231231",
        "meta": "@numero-cliente-generic",
        "alias": "numero-cliente-generic",
        "userDefined": false
      },
      {
        "text": " in ",
        "userDefined": false
      },
      {
        "text": "via domenico baffico 36 ostia lido",
        "meta": "@sys.location",
        "alias": "location",
        "userDefined": true
      }
    ],
    "isTemplate": false,
    "count": 0,
    "lang": "it",
    "updated": 0
  },
  {
    "id": "c855d327-6c66-409a-921a-977573ae9cf8",
    "data": [
      {
        "text": "il codice è ",
        "userDefined": false
      },
      {
        "text": "16 52 3 8912 30 12 37 16",
        "meta": "@numero-cliente-generic",
        "alias": "numero-cliente-generic",
        "userDefined": false
      },
      {
        "text": " e chiamo per la fornitura di ",
        "userDefined": false
      },
      {
        "text": "viale augusto 60",
        "meta": "@sys.location",
        "alias": "location",
        "userDefined": true
      }
    ],
    "isTemplate": false,
    "count": 0,
    "lang": "it",
    "updated": 0
  },
  {
    "id": "04224d13-37bf-42dd-b1e3-567cb0d41bda",
    "data": [
      {
        "text": "il codice è ",
        "userDefined": false
      },
      {
        "text": "12983",
        "meta": "@numero-cliente-generic",
        "alias": "numero-cliente-generic",
        "userDefined": false
      },
      {
        "text": " per il contatore di ",
        "userDefined": false
      },
      {
        "text": "via manzoni 24",
        "meta": "@sys.location",
        "alias": "location",
        "userDefined": true
      }
    ],
    "isTemplate": false,
    "count": 0,
    "lang": "it",
    "updated": 0
  },
  {
    "id": "c256f276-2a83-4664-9180-5ef8322df30d",
    "data": [
      {
        "text": "il codice è ",
        "userDefined": false
      },
      {
        "text": "12 45",
        "meta": "@numero-cliente-generic",
        "alias": "numero-cliente-generic",
        "userDefined": false
      },
      {
        "text": " e chiamo per la fornitura di ",
        "userDefined": false
      },
      {
        "text": "piazza plebiscito 5",
        "meta": "@sys.location",
        "alias": "location",
        "userDefined": true
      }
    ],
    "isTemplate": false,
    "count": 0,
    "lang": "it",
    "updated": 0
  },
  {
    "id": "2103647b-9a40-4ef7-bda8-da92ab419061",
    "data": [
      {
        "text": "l\u0027indirizzo è ",
        "userDefined": false
      },
      {
        "text": "via degli orti 16",
        "meta": "@sys.location",
        "alias": "location",
        "userDefined": true
      },
      {
        "text": " e il codice è ",
        "userDefined": false
      },
      {
        "text": "na ha1 718 8",
        "meta": "@numero-cliente-generic",
        "alias": "numero-cliente-generic",
        "userDefined": false
      }
    ],
    "isTemplate": false,
    "count": 0,
    "lang": "it",
    "updated": 0
  },
  {
    "id": "acd6b8fb-0365-409e-9888-5dbaaca60b23",
    "data": [
      {
        "text": "l\u0027indirizzo è ",
        "userDefined": false
      },
      {
        "text": "via duomo 123",
        "meta": "@sys.location",
        "alias": "location",
        "userDefined": true
      },
      {
        "text": " e il codice è ",
        "userDefined": false
      },
      {
        "text": "819 999 0 00 111",
        "meta": "@numero-cliente-generic",
        "alias": "numero-cliente-generic",
        "userDefined": false
      }
    ],
    "isTemplate": false,
    "count": 0,
    "lang": "it",
    "updated": 0
  },
  {
    "id": "d4e9bf5f-cb3d-49e9-9e29-d59a0b4ef27a",
    "data": [
      {
        "text": "ok te lo ripeto è ",
        "userDefined": false
      },
      {
        "text": "ldch999999",
        "meta": "@numero-cliente-generic",
        "alias": "numero-cliente-generic",
        "userDefined": false
      },
      {
        "text": " e l\u0027indirizzo della fornitura è ",
        "userDefined": false
      },
      {
        "text": "via luca degli abbruzzi 40",
        "meta": "@sys.location",
        "alias": "location",
        "userDefined": true
      }
    ],
    "isTemplate": false,
    "count": 0,
    "lang": "it",
    "updated": 0
  },
  {
    "id": "02073900-0745-427c-b907-2c10e293be81",
    "data": [
      {
        "text": "il mio codice conto è ",
        "userDefined": false
      },
      {
        "text": "856745678912",
        "meta": "@numero-cliente-generic",
        "alias": "numero-cliente-generic",
        "userDefined": false
      },
      {
        "text": " e l\u0027indirizzo è ",
        "userDefined": false
      },
      {
        "text": "via giovanni da procida 4",
        "meta": "@sys.location",
        "alias": "location",
        "userDefined": true
      }
    ],
    "isTemplate": false,
    "count": 0,
    "lang": "it",
    "updated": 0
  },
  {
    "id": "89d933cc-b875-453a-a3a4-b4d11d0f8108",
    "data": [
      {
        "text": "sì il codice conto è ",
        "userDefined": false
      },
      {
        "text": "fra444444",
        "meta": "@numero-cliente-generic",
        "alias": "numero-cliente-generic",
        "userDefined": false
      },
      {
        "text": " mentre l\u0027indirizzo è ",
        "userDefined": false
      },
      {
        "text": "piazza san rocco 10",
        "meta": "@sys.location",
        "alias": "location",
        "userDefined": true
      }
    ],
    "isTemplate": false,
    "count": 0,
    "lang": "it",
    "updated": 0
  },
  {
    "id": "2a3cbab3-f77a-45de-a4c7-1583ef87ab99",
    "data": [
      {
        "text": "sì sono pronto il codice conto è ",
        "userDefined": false
      },
      {
        "text": "581 9929 818 88",
        "meta": "@numero-cliente-generic",
        "alias": "numero-cliente-generic",
        "userDefined": false
      },
      {
        "text": " e l\u0027indirizzo è ",
        "userDefined": false
      },
      {
        "text": "via san giovan giuseppe della croce 20",
        "meta": "@sys.location",
        "alias": "location",
        "userDefined": true
      }
    ],
    "isTemplate": false,
    "count": 0,
    "lang": "it",
    "updated": 0
  },
  {
    "id": "58631475-05b7-4623-a0f3-b25f68ec5a4c",
    "data": [
      {
        "text": "il mio codice conto e ",
        "userDefined": false
      },
      {
        "text": "ci 12345678901",
        "meta": "@numero-cliente-generic",
        "alias": "numero-cliente-generic",
        "userDefined": false
      },
      {
        "text": " per il contatore in ",
        "userDefined": false
      },
      {
        "text": "lungomare colombo 4",
        "meta": "@sys.location",
        "alias": "location",
        "userDefined": true
      }
    ],
    "isTemplate": false,
    "count": 0,
    "lang": "it",
    "updated": 0
  },
  {
    "id": "d16f0ed6-951d-46ce-bfd7-d052858b03cc",
    "data": [
      {
        "text": "il mio codice è ",
        "userDefined": false
      },
      {
        "text": "12345 67 89 012",
        "meta": "@numero-cliente-generic",
        "alias": "numero-cliente-generic",
        "userDefined": false
      },
      {
        "text": " e il mio indirizzo è ",
        "userDefined": false
      },
      {
        "text": "via venanzio marone 5",
        "meta": "@sys.location",
        "alias": "location",
        "userDefined": true
      }
    ],
    "isTemplate": false,
    "count": 0,
    "lang": "it",
    "updated": 0
  },
  {
    "id": "872cc5b0-a36b-4e42-ab29-1a8f7e6694a4",
    "data": [
      {
        "text": "allora sto chiamando per una bolletta della luce per ",
        "userDefined": false
      },
      {
        "text": "via principessa margherita 59",
        "meta": "@sys.location",
        "alias": "location",
        "userDefined": true
      },
      {
        "text": " il codice conto è ",
        "userDefined": false
      },
      {
        "text": "9847329-420",
        "meta": "@numero-cliente-generic",
        "alias": "numero-cliente-generic",
        "userDefined": false
      }
    ],
    "isTemplate": false,
    "count": 0,
    "lang": "it",
    "updated": 0
  },
  {
    "id": "90a77b85-ffd6-4665-9fcb-4fe508813f56",
    "data": [
      {
        "text": "vediamo il numero cliente dovrebbe essere ",
        "userDefined": false
      },
      {
        "text": "123456789123",
        "meta": "@numero-cliente-generic",
        "alias": "numero-cliente-generic",
        "userDefined": false
      },
      {
        "text": " mentre l\u0027indirizzo è ",
        "userDefined": false
      },
      {
        "text": "via baldassarre cossa 7",
        "meta": "@sys.location",
        "alias": "location",
        "userDefined": true
      }
    ],
    "isTemplate": false,
    "count": 0,
    "lang": "it",
    "updated": 0
  },
  {
    "id": "416b0b3a-8826-4681-a0cd-465c42a0eb44",
    "data": [
      {
        "text": "allora vediamo il numero sarà questo qua ",
        "userDefined": false
      },
      {
        "text": "145767898725",
        "meta": "@numero-cliente-generic",
        "alias": "numero-cliente-generic",
        "userDefined": false
      },
      {
        "text": " mentre l\u0027indirizzo è ",
        "userDefined": false
      },
      {
        "text": "via gemito 10",
        "meta": "@sys.location",
        "alias": "location",
        "userDefined": true
      }
    ],
    "isTemplate": false,
    "count": 0,
    "lang": "it",
    "updated": 0
  },
  {
    "id": "c539a7c6-b6c8-465f-b833-89609a428d74",
    "data": [
      {
        "text": "allora come codice ho solo questo spero che andrà bene: ",
        "userDefined": false
      },
      {
        "text": "145654777888",
        "meta": "@numero-cliente-generic",
        "alias": "numero-cliente-generic",
        "userDefined": false
      },
      {
        "text": " mentre l\u0027indirizzo è ",
        "userDefined": false
      },
      {
        "text": "piazza mazzini",
        "meta": "@sys.location",
        "alias": "location",
        "userDefined": true
      }
    ],
    "isTemplate": false,
    "count": 0,
    "lang": "it",
    "updated": 0
  },
  {
    "id": "a81efba3-e439-407d-953d-f32ee9e55e3a",
    "data": [
      {
        "text": "sì certo è la fornitura ha codice un attimo solo ecco ",
        "userDefined": false
      },
      {
        "text": "1456-36787939",
        "meta": "@numero-cliente-generic",
        "alias": "numero-cliente-generic",
        "userDefined": false
      },
      {
        "text": " e l\u0027indirizzo è ",
        "userDefined": false
      },
      {
        "text": "via remigia gianturco",
        "meta": "@sys.location",
        "alias": "location",
        "userDefined": true
      }
    ],
    "isTemplate": false,
    "count": 0,
    "lang": "it",
    "updated": 0
  },
  {
    "id": "587327a4-6183-419a-bc07-1e303b6ea553",
    "data": [
      {
        "text": "sì subito  il codice cliente credo sia questo ",
        "userDefined": false
      },
      {
        "text": "145627363890",
        "meta": "@numero-cliente-generic",
        "alias": "numero-cliente-generic",
        "userDefined": false
      },
      {
        "text": " mentre il contatore è a ",
        "userDefined": false
      },
      {
        "text": "via dell\u0027amicizia 130",
        "meta": "@sys.location",
        "alias": "location",
        "userDefined": true
      }
    ],
    "isTemplate": false,
    "count": 0,
    "lang": "it",
    "updated": 0
  },
  {
    "id": "9febd58a-5615-4e82-8921-c55e9d5cbb19",
    "data": [
      {
        "text": "il numero è ",
        "userDefined": false
      },
      {
        "text": "505123456789",
        "meta": "@numero-cliente-generic",
        "alias": "numero-cliente-generic",
        "userDefined": false
      },
      {
        "text": " e la casa è a ",
        "userDefined": false
      },
      {
        "text": "via leonardo mazzella 129",
        "meta": "@sys.location",
        "alias": "location",
        "userDefined": true
      }
    ],
    "isTemplate": false,
    "count": 0,
    "lang": "it",
    "updated": 0
  },
  {
    "id": "7331696d-2196-44ca-b591-802ac8a295e0",
    "data": [
      {
        "text": "chiamo per la casa al mare in ",
        "userDefined": false
      },
      {
        "text": "via giovan battista vico 40",
        "meta": "@sys.location",
        "alias": "location",
        "userDefined": true
      },
      {
        "text": " mentre il codice conto è ",
        "userDefined": false
      },
      {
        "text": "5673284-4398",
        "meta": "@numero-cliente-generic",
        "alias": "numero-cliente-generic",
        "userDefined": false
      }
    ],
    "isTemplate": false,
    "count": 0,
    "lang": "it",
    "updated": 0
  },
  {
    "id": "15bb0ca7-2194-4ee8-af77-cb8e863f3b63",
    "data": [
      {
        "text": "ti do tutti e due guarda il mio codice è ",
        "userDefined": false
      },
      {
        "text": "156276356467",
        "meta": "@numero-cliente-generic",
        "alias": "numero-cliente-generic",
        "userDefined": false
      },
      {
        "text": " e l\u0027indirizzo è ",
        "userDefined": false
      },
      {
        "text": "via tirundel 5",
        "meta": "@sys.location",
        "alias": "location",
        "userDefined": true
      }
    ],
    "isTemplate": false,
    "count": 0,
    "lang": "it",
    "updated": 0
  },
  {
    "id": "ee6bf649-deba-42f3-ada1-7dcfe749a40c",
    "data": [
      {
        "text": "io chiamo per assistenza su una caldaia non ricordo che nominativo ho dato penso quello di mio ",
        "userDefined": false
      },
      {
        "text": "marito",
        "meta": "@delegato",
        "alias": "delegato",
        "userDefined": false
      },
      {
        "text": " il codice conto è ",
        "userDefined": false
      },
      {
        "text": "734792-43792",
        "meta": "@numero-cliente-generic",
        "alias": "numero-cliente-generic",
        "userDefined": false
      },
      {
        "text": " e l\u0027indirizzo è ",
        "userDefined": false
      },
      {
        "text": "via delle terme 30",
        "meta": "@sys.location",
        "alias": "location",
        "userDefined": true
      }
    ],
    "isTemplate": false,
    "count": 0,
    "lang": "it",
    "updated": 0
  },
  {
    "id": "f098fc31-a304-416c-a1d9-398f89ae5971",
    "data": [
      {
        "text": "il mio codice conto è ",
        "userDefined": false
      },
      {
        "text": "123456789123",
        "meta": "@numero-cliente-generic",
        "alias": "numero-cliente-generic",
        "userDefined": false
      },
      {
        "text": " e chiamo per la fornitura intestata a  mio ",
        "userDefined": false
      },
      {
        "text": "zio",
        "meta": "@delegato",
        "alias": "delegato",
        "userDefined": false
      },
      {
        "text": " in ",
        "userDefined": false
      },
      {
        "text": "via stella 125",
        "meta": "@sys.location",
        "alias": "location",
        "userDefined": true
      }
    ],
    "isTemplate": false,
    "count": 0,
    "lang": "it",
    "updated": 0
  },
  {
    "id": "93652957-54d3-435e-a55a-1be20c03c7b2",
    "data": [
      {
        "text": "il contratto luce è di mio ",
        "userDefined": false
      },
      {
        "text": "marito",
        "meta": "@delegato",
        "alias": "delegato",
        "userDefined": false
      },
      {
        "text": " in ",
        "userDefined": false
      },
      {
        "text": "via seminario 36",
        "meta": "@sys.location",
        "alias": "location",
        "userDefined": true
      },
      {
        "text": " con codice conto ",
        "userDefined": false
      },
      {
        "text": "37950-3404932",
        "meta": "@numero-cliente-generic",
        "alias": "numero-cliente-generic",
        "userDefined": false
      }
    ],
    "isTemplate": false,
    "count": 0,
    "lang": "it",
    "updated": 0
  },
  {
    "id": "a962e83c-9573-4f39-a336-342a631e31c5",
    "data": [
      {
        "text": "il codice conto inizia per ",
        "userDefined": false
      },
      {
        "text": "50523",
        "meta": "@numero-cliente-generic",
        "alias": "numero-cliente-generic",
        "userDefined": false
      },
      {
        "text": " ma non me lo ricordo intero e l\u0027indirizzo di casa è ",
        "userDefined": false
      },
      {
        "text": "via champault 7",
        "meta": "@sys.location",
        "alias": "location",
        "userDefined": true
      }
    ],
    "isTemplate": false,
    "count": 0,
    "lang": "it",
    "updated": 0
  },
  {
    "id": "1096afc1-aed0-43d7-84d4-0a9922e319f7",
    "data": [
      {
        "text": "il codice conto è ",
        "userDefined": false
      },
      {
        "text": "432112345678",
        "meta": "@numero-cliente-generic",
        "alias": "numero-cliente-generic",
        "userDefined": false
      },
      {
        "text": " mentre l\u0027indirizzo è ",
        "userDefined": false
      },
      {
        "text": "piazzetta croce 10",
        "meta": "@sys.location",
        "alias": "location",
        "userDefined": true
      }
    ],
    "isTemplate": false,
    "count": 0,
    "lang": "it",
    "updated": 0
  },
  {
    "id": "ab19797e-da61-4d38-a658-f08a80b95ea8",
    "data": [
      {
        "text": "il codice cliente di mia ",
        "userDefined": false
      },
      {
        "text": "madre",
        "meta": "@delegato",
        "alias": "delegato",
        "userDefined": false
      },
      {
        "text": " è ",
        "userDefined": false
      },
      {
        "text": "237289/2390",
        "meta": "@numero-cliente-generic",
        "alias": "numero-cliente-generic",
        "userDefined": false
      },
      {
        "text": " e l\u0027indirizzo è ",
        "userDefined": false
      },
      {
        "text": "viale roma 1",
        "meta": "@sys.location",
        "alias": "location",
        "userDefined": true
      }
    ],
    "isTemplate": false,
    "count": 0,
    "lang": "it",
    "updated": 0
  },
  {
    "id": "eb1b214d-fc5b-4997-8f9d-b7fce750ec7e",
    "data": [
      {
        "text": "allora vediamo il codice dovrebbe essere questo ",
        "userDefined": false
      },
      {
        "text": "123657835647",
        "meta": "@numero-cliente-generic",
        "alias": "numero-cliente-generic",
        "userDefined": false
      },
      {
        "text": " mentre l\u0027indirizzo è ",
        "userDefined": false
      },
      {
        "text": "via foce 78",
        "meta": "@sys.location",
        "alias": "location",
        "userDefined": true
      }
    ],
    "isTemplate": false,
    "count": 0,
    "lang": "it",
    "updated": 0
  },
  {
    "id": "9ab08a18-da14-4236-aa59-17e96e0160e5",
    "data": [
      {
        "text": "allora il codice di mia ",
        "userDefined": false
      },
      {
        "text": "zia",
        "meta": "@delegato",
        "alias": "delegato",
        "userDefined": false
      },
      {
        "text": " dovrebbe esser questo qui un secondo eh ",
        "userDefined": false
      },
      {
        "text": "145636787939",
        "meta": "@numero-cliente-generic",
        "alias": "numero-cliente-generic",
        "userDefined": false
      },
      {
        "text": " e la strada è ",
        "userDefined": false
      },
      {
        "text": "via fasolara 34",
        "meta": "@sys.location",
        "alias": "location",
        "userDefined": true
      }
    ],
    "isTemplate": false,
    "count": 0,
    "lang": "it",
    "updated": 0
  },
  {
    "id": "e3fb3984-c02e-4880-9810-f25165336994",
    "data": [
      {
        "text": "il numero cliente dovrebbe essere ",
        "userDefined": false
      },
      {
        "text": "12 3456 789",
        "meta": "@numero-cliente-generic",
        "alias": "numero-cliente-generic",
        "userDefined": false
      },
      {
        "text": " il titolare della bolletta sono io e l\u0027indirizzo è ",
        "userDefined": false
      },
      {
        "text": "via santa teresa degli scalzi 76",
        "meta": "@sys.location",
        "alias": "location",
        "userDefined": true
      }
    ],
    "isTemplate": false,
    "count": 0,
    "lang": "it",
    "updated": 0
  },
  {
    "id": "afa3671c-5bc8-477f-8a2d-06037aa9631b",
    "data": [
      {
        "text": "il numero cliente è ",
        "userDefined": false
      },
      {
        "text": "123 123",
        "meta": "@numero-cliente-generic",
        "alias": "numero-cliente-generic",
        "userDefined": false
      },
      {
        "text": " la fornitura è intestata a mio ",
        "userDefined": false
      },
      {
        "text": "zio",
        "meta": "@delegato",
        "alias": "delegato",
        "userDefined": false
      },
      {
        "text": " e l\u0027indirizzo della fornitura è ",
        "userDefined": false
      },
      {
        "text": "via nardones 140",
        "meta": "@sys.location",
        "alias": "location",
        "userDefined": true
      }
    ],
    "isTemplate": false,
    "count": 0,
    "lang": "it",
    "updated": 0
  },
  {
    "id": "ece2b09e-cee6-4176-9342-c860a9bdb90f",
    "data": [
      {
        "text": "il numero cliente è ",
        "userDefined": false
      },
      {
        "text": "182 122 999100",
        "meta": "@numero-cliente-generic",
        "alias": "numero-cliente-generic",
        "userDefined": false
      },
      {
        "text": " e il contatore si trova a ",
        "userDefined": false
      },
      {
        "text": "via tasso 154",
        "meta": "@sys.location",
        "alias": "location",
        "userDefined": true
      }
    ],
    "isTemplate": false,
    "count": 0,
    "lang": "it",
    "updated": 0
  },
  {
    "id": "64e60805-6050-45ce-9611-374d5f452c57",
    "data": [
      {
        "text": "si ho chiamato per la fornitura ",
        "userDefined": false
      },
      {
        "text": "via caprera 11",
        "meta": "@sys.location",
        "alias": "location",
        "userDefined": true
      },
      {
        "text": " con numero conto ",
        "userDefined": false
      },
      {
        "text": "43874-438",
        "meta": "@numero-cliente-generic",
        "alias": "numero-cliente-generic",
        "userDefined": false
      }
    ],
    "isTemplate": false,
    "count": 0,
    "lang": "it",
    "updated": 0
  },
  {
    "id": "40b906b0-458e-4270-bfeb-08118bfcb877",
    "data": [
      {
        "text": "per la fornitura ",
        "userDefined": false
      },
      {
        "text": "via giotto 47",
        "meta": "@sys.location",
        "alias": "location",
        "userDefined": true
      },
      {
        "text": " ",
        "userDefined": false
      },
      {
        "text": "43874-438",
        "meta": "@numero-cliente-generic",
        "alias": "numero-cliente-generic",
        "userDefined": false
      }
    ],
    "isTemplate": false,
    "count": 0,
    "lang": "it",
    "updated": 0
  },
  {
    "id": "4dc23483-92e0-4bae-98ee-bf7103235e52",
    "data": [
      {
        "text": "buongiorno ",
        "userDefined": false
      },
      {
        "text": "via varese 3",
        "meta": "@sys.location",
        "alias": "location",
        "userDefined": true
      },
      {
        "text": " ",
        "userDefined": false
      },
      {
        "text": "43874-438",
        "meta": "@numero-cliente-generic",
        "alias": "numero-cliente-generic",
        "userDefined": false
      }
    ],
    "isTemplate": false,
    "count": 0,
    "lang": "it",
    "updated": 0
  },
  {
    "id": "f93d8d06-0338-4063-9293-969c6755590d",
    "data": [
      {
        "text": "sì chiamo per l\u0027indirizzo di ",
        "userDefined": false
      },
      {
        "text": "via della novara 11",
        "meta": "@sys.location",
        "alias": "location",
        "userDefined": true
      },
      {
        "text": " con numero conto ",
        "userDefined": false
      },
      {
        "text": "43874-438",
        "meta": "@numero-cliente-generic",
        "alias": "numero-cliente-generic",
        "userDefined": false
      }
    ],
    "isTemplate": false,
    "count": 0,
    "lang": "it",
    "updated": 0
  },
  {
    "id": "c0b9ea2f-436b-4a7c-9858-54752a531767",
    "data": [
      {
        "text": "si per ",
        "userDefined": false
      },
      {
        "text": "via kennedy 6",
        "meta": "@sys.location",
        "alias": "location",
        "userDefined": true
      },
      {
        "text": " con numero conto ",
        "userDefined": false
      },
      {
        "text": "43874-438",
        "meta": "@numero-cliente-generic",
        "alias": "numero-cliente-generic",
        "userDefined": false
      }
    ],
    "isTemplate": false,
    "count": 0,
    "lang": "it",
    "updated": 0
  },
  {
    "id": "db31fc82-9eb9-4bd7-a0e7-b10ed3f98f46",
    "data": [
      {
        "text": "sì sì per ",
        "userDefined": false
      },
      {
        "text": "via francesco 89",
        "meta": "@sys.location",
        "alias": "location",
        "userDefined": true
      },
      {
        "text": " con numero conto ",
        "userDefined": false
      },
      {
        "text": "43874-438",
        "meta": "@numero-cliente-generic",
        "alias": "numero-cliente-generic",
        "userDefined": false
      }
    ],
    "isTemplate": false,
    "count": 0,
    "lang": "it",
    "updated": 0
  },
  {
    "id": "a9f3d86a-2eaf-4655-91d4-68de2fa231fa",
    "data": [
      {
        "text": "si dunque chiamo per la luce di ",
        "userDefined": false
      },
      {
        "text": "viale aldo moro 12 bis 73100 lecce",
        "meta": "@sys.location",
        "alias": "location",
        "userDefined": true
      },
      {
        "text": " con numero conto ",
        "userDefined": false
      },
      {
        "text": "43874-438",
        "meta": "@numero-cliente-generic",
        "alias": "numero-cliente-generic",
        "userDefined": false
      }
    ],
    "isTemplate": false,
    "count": 0,
    "lang": "it",
    "updated": 0
  },
  {
    "id": "b8bb372f-34da-4f70-b74d-55e5c4fae485",
    "data": [
      {
        "text": "allora l\u0027indirizzo del contatore è ",
        "userDefined": false
      },
      {
        "text": "piazzale tolstoj 26/7 a maglie",
        "meta": "@sys.location",
        "alias": "location",
        "userDefined": true
      },
      {
        "text": " con numero conto ",
        "userDefined": false
      },
      {
        "text": "43874-438",
        "meta": "@numero-cliente-generic",
        "alias": "numero-cliente-generic",
        "userDefined": false
      }
    ],
    "isTemplate": false,
    "count": 0,
    "lang": "it",
    "updated": 0
  },
  {
    "id": "2ac67aa5-ea04-4545-bf0e-49c15d106340",
    "data": [
      {
        "text": "via dei tigli",
        "meta": "@sys.location",
        "alias": "location",
        "userDefined": true
      },
      {
        "text": " senza numero civico e il codice conto è ",
        "userDefined": false
      },
      {
        "text": "aa4284444444442bb",
        "meta": "@numero-cliente-generic",
        "alias": "numero-cliente-generic",
        "userDefined": false
      }
    ],
    "isTemplate": false,
    "count": 0,
    "lang": "it",
    "updated": 0
  },
  {
    "id": "24755c11-3243-417f-86eb-7aedd265aa29",
    "data": [
      {
        "text": "non ricordo la via della casa di nonna prova ",
        "userDefined": false
      },
      {
        "text": "via muggio 4",
        "meta": "@sys.location",
        "alias": "location",
        "userDefined": true
      },
      {
        "text": " il codice conto è ",
        "userDefined": false
      },
      {
        "text": "aa4284444444442bb",
        "meta": "@numero-cliente-generic",
        "alias": "numero-cliente-generic",
        "userDefined": false
      }
    ],
    "isTemplate": false,
    "count": 0,
    "lang": "it",
    "updated": 0
  },
  {
    "id": "2f35bcc8-b442-4f35-a95f-e95c0d5911b1",
    "data": [
      {
        "text": "via francesco cilea 12",
        "meta": "@sys.location",
        "alias": "location",
        "userDefined": true
      },
      {
        "text": " vicino la chiesa il codice conto è ",
        "userDefined": false
      },
      {
        "text": "aa4284444444442bb",
        "meta": "@numero-cliente-generic",
        "alias": "numero-cliente-generic",
        "userDefined": false
      }
    ],
    "isTemplate": false,
    "count": 0,
    "lang": "it",
    "updated": 0
  },
  {
    "id": "5b35c38d-fe5b-4a61-83ab-81f75feb0671",
    "data": [
      {
        "text": "via della chiesa 11",
        "meta": "@sys.location",
        "alias": "location",
        "userDefined": true
      },
      {
        "text": " è la mia casa al mare il codice conto è ",
        "userDefined": false
      },
      {
        "text": "aa4284444444442bb",
        "meta": "@numero-cliente-generic",
        "alias": "numero-cliente-generic",
        "userDefined": false
      }
    ],
    "isTemplate": false,
    "count": 0,
    "lang": "it",
    "updated": 0
  },
  {
    "id": "6120a47a-b2e4-457e-9607-531dfba00f7b",
    "data": [
      {
        "text": "sto chiamando per l\u0027appartamento di ",
        "userDefined": false
      },
      {
        "text": "piazza cardinale sforza 117",
        "meta": "@sys.location",
        "alias": "location",
        "userDefined": true
      },
      {
        "text": " il codice conto è ",
        "userDefined": false
      },
      {
        "text": "aa4284444444442bb",
        "meta": "@numero-cliente-generic",
        "alias": "numero-cliente-generic",
        "userDefined": false
      }
    ],
    "isTemplate": false,
    "count": 0,
    "lang": "it",
    "updated": 0
  },
  {
    "id": "66dcf7d8-4eff-4589-8fa2-dc21b7569b36",
    "data": [
      {
        "text": "sto chiamando per la casa di ",
        "userDefined": false
      },
      {
        "text": "viale aldo moro 17",
        "meta": "@sys.location",
        "alias": "location",
        "userDefined": true
      },
      {
        "text": " il codice conto è ",
        "userDefined": false
      },
      {
        "text": "aa4284444444442bb",
        "meta": "@numero-cliente-generic",
        "alias": "numero-cliente-generic",
        "userDefined": false
      }
    ],
    "isTemplate": false,
    "count": 0,
    "lang": "it",
    "updated": 0
  },
  {
    "id": "889aac63-330f-4b20-bbc0-8560117da4ff",
    "data": [
      {
        "text": "chiamo per ",
        "userDefined": false
      },
      {
        "text": "piazzale delle province 00100 roma",
        "meta": "@sys.location",
        "alias": "location",
        "userDefined": true
      },
      {
        "text": " con codice conto ",
        "userDefined": false
      },
      {
        "text": "ff37218379237gh",
        "meta": "@numero-cliente-generic",
        "alias": "numero-cliente-generic",
        "userDefined": false
      }
    ],
    "isTemplate": false,
    "count": 0,
    "lang": "it",
    "updated": 0
  },
  {
    "id": "3e183cce-eeb9-44ec-8eef-217fb2f75359",
    "data": [
      {
        "text": "chiamo per ",
        "userDefined": false
      },
      {
        "text": "viale marche 19 maccarese",
        "meta": "@sys.location",
        "alias": "location",
        "userDefined": true
      },
      {
        "text": " con codice conto ",
        "userDefined": false
      },
      {
        "text": "ff37218379237gh",
        "meta": "@numero-cliente-generic",
        "alias": "numero-cliente-generic",
        "userDefined": false
      }
    ],
    "isTemplate": false,
    "count": 0,
    "lang": "it",
    "updated": 0
  },
  {
    "id": "34a5d8c4-bb10-48e7-965b-ec072c5e8fc9",
    "data": [
      {
        "text": "chiamo per la fornitura di mio padre a ",
        "userDefined": false
      },
      {
        "text": "piazzale delle province 00136 roma",
        "meta": "@sys.location",
        "alias": "location",
        "userDefined": true
      },
      {
        "text": " con codice conto ",
        "userDefined": false
      },
      {
        "text": "ff37218379237gh",
        "meta": "@numero-cliente-generic",
        "alias": "numero-cliente-generic",
        "userDefined": false
      }
    ],
    "isTemplate": false,
    "count": 0,
    "lang": "it",
    "updated": 0
  },
  {
    "id": "86c20935-ab1a-4d5d-8089-fbeebd3c3d53",
    "data": [
      {
        "text": "chiamo per la fornitura gas in ",
        "userDefined": false
      },
      {
        "text": "viale abruzzi 192",
        "meta": "@sys.location",
        "alias": "location",
        "userDefined": true
      },
      {
        "text": " con codice conto ",
        "userDefined": false
      },
      {
        "text": "ff37218379237gh",
        "meta": "@numero-cliente-generic",
        "alias": "numero-cliente-generic",
        "userDefined": false
      }
    ],
    "isTemplate": false,
    "count": 0,
    "lang": "it",
    "updated": 0
  },
  {
    "id": "7fb3f18a-ae71-4325-b83e-2dc7537a7e0b",
    "data": [
      {
        "text": "chiamo per la fornitura gas di ",
        "userDefined": false
      },
      {
        "text": "via andrea doria 12 roma",
        "meta": "@sys.location",
        "alias": "location",
        "userDefined": true
      },
      {
        "text": " con codice conto ",
        "userDefined": false
      },
      {
        "text": "ff37218379237gh",
        "meta": "@numero-cliente-generic",
        "alias": "numero-cliente-generic",
        "userDefined": false
      }
    ],
    "isTemplate": false,
    "count": 0,
    "lang": "it",
    "updated": 0
  },
  {
    "id": "91718618-2cb7-4524-867e-b49bd342e4c7",
    "data": [
      {
        "text": "chiamo per la fornitura luce di ",
        "userDefined": false
      },
      {
        "text": "viale manzoni 134",
        "meta": "@sys.location",
        "alias": "location",
        "userDefined": true
      },
      {
        "text": " con codice conto ",
        "userDefined": false
      },
      {
        "text": "ff37218379237gh",
        "meta": "@numero-cliente-generic",
        "alias": "numero-cliente-generic",
        "userDefined": false
      }
    ],
    "isTemplate": false,
    "count": 0,
    "lang": "it",
    "updated": 0
  },
  {
    "id": "07de2a54-5a19-4756-9d6e-c11e8e9552a0",
    "data": [
      {
        "text": "chiamo per la fornitura gas di ",
        "userDefined": false
      },
      {
        "text": "via roma 19",
        "meta": "@sys.location",
        "alias": "location",
        "userDefined": true
      },
      {
        "text": " con codice conto ",
        "userDefined": false
      },
      {
        "text": "ff37218379237gh",
        "meta": "@numero-cliente-generic",
        "alias": "numero-cliente-generic",
        "userDefined": false
      }
    ],
    "isTemplate": false,
    "count": 0,
    "lang": "it",
    "updated": 0
  },
  {
    "id": "88534823-863c-4cff-af8f-b1b7201bb2fd",
    "data": [
      {
        "text": "abito a ",
        "userDefined": false
      },
      {
        "text": "via della meloria 12 roma",
        "meta": "@sys.location",
        "alias": "location",
        "userDefined": true
      },
      {
        "text": " con codice conto ",
        "userDefined": false
      },
      {
        "text": "ff37218379237gh",
        "meta": "@numero-cliente-generic",
        "alias": "numero-cliente-generic",
        "userDefined": false
      }
    ],
    "isTemplate": false,
    "count": 0,
    "lang": "it",
    "updated": 0
  },
  {
    "id": "89b6ce21-5d50-423f-b8e3-e1a499aa3087",
    "data": [
      {
        "text": "abito a ",
        "userDefined": false
      },
      {
        "text": "piazzale degli eroi pisa",
        "meta": "@sys.location",
        "alias": "location",
        "userDefined": true
      },
      {
        "text": " con codice conto ",
        "userDefined": false
      },
      {
        "text": "34793/34242",
        "meta": "@numero-cliente-generic",
        "alias": "numero-cliente-generic",
        "userDefined": false
      }
    ],
    "isTemplate": false,
    "count": 0,
    "lang": "it",
    "updated": 0
  },
  {
    "id": "584d6d5d-af11-46f2-8f37-005837be0be4",
    "data": [
      {
        "text": "abito in ",
        "userDefined": false
      },
      {
        "text": "via xii maggio firenze",
        "meta": "@sys.location",
        "alias": "location",
        "userDefined": true
      },
      {
        "text": " con codice conto ",
        "userDefined": false
      },
      {
        "text": "34793/34242",
        "meta": "@numero-cliente-generic",
        "alias": "numero-cliente-generic",
        "userDefined": false
      }
    ],
    "isTemplate": false,
    "count": 0,
    "lang": "it",
    "updated": 0
  },
  {
    "id": "812c591f-2993-4e59-a79c-b59b3dda93f8",
    "data": [
      {
        "text": "chiamo per la fornitura luce di ",
        "userDefined": false
      },
      {
        "text": "piazza rombon 12",
        "meta": "@sys.location",
        "alias": "location",
        "userDefined": true
      },
      {
        "text": " con codice conto ",
        "userDefined": false
      },
      {
        "text": "34793/34242",
        "meta": "@numero-cliente-generic",
        "alias": "numero-cliente-generic",
        "userDefined": false
      }
    ],
    "isTemplate": false,
    "count": 0,
    "lang": "it",
    "updated": 0
  },
  {
    "id": "62613050-7f7c-477d-9376-87928adb0620",
    "data": [
      {
        "text": "chiamo per la fornitura gas di ",
        "userDefined": false
      },
      {
        "text": "viale delle milizie 19 carugate",
        "meta": "@sys.location",
        "alias": "location",
        "userDefined": true
      },
      {
        "text": " con codice conto ",
        "userDefined": false
      },
      {
        "text": "34793/34242",
        "meta": "@numero-cliente-generic",
        "alias": "numero-cliente-generic",
        "userDefined": false
      }
    ],
    "isTemplate": false,
    "count": 0,
    "lang": "it",
    "updated": 0
  },
  {
    "id": "eabe1812-01af-4da3-baaf-165a3a31b6f5",
    "data": [
      {
        "text": "chiamo per la fornitura di ",
        "userDefined": false
      },
      {
        "text": "via brombeis 12",
        "meta": "@sys.location",
        "alias": "location",
        "userDefined": true
      },
      {
        "text": " con codice conto ",
        "userDefined": false
      },
      {
        "text": "34793/34242",
        "meta": "@numero-cliente-generic",
        "alias": "numero-cliente-generic",
        "userDefined": false
      }
    ],
    "isTemplate": false,
    "count": 0,
    "lang": "it",
    "updated": 0
  },
  {
    "id": "a49446ff-9dd1-4779-891e-bb7b0cf02046",
    "data": [
      {
        "text": "abito a ",
        "userDefined": false
      },
      {
        "text": "empoli",
        "meta": "@sys.location",
        "alias": "location",
        "userDefined": true
      },
      {
        "text": " a ",
        "userDefined": false
      },
      {
        "text": "via dell\u0027oceano pacifico 14b",
        "meta": "@sys.location",
        "alias": "location",
        "userDefined": true
      },
      {
        "text": " con codice conto ",
        "userDefined": false
      },
      {
        "text": "34793/34242",
        "meta": "@numero-cliente-generic",
        "alias": "numero-cliente-generic",
        "userDefined": false
      }
    ],
    "isTemplate": false,
    "count": 0,
    "lang": "it",
    "updated": 0
  },
  {
    "id": "5485f1ac-fad4-4834-a5c4-685e587a7008",
    "data": [
      {
        "text": "abito a maccarese in ",
        "userDefined": false
      },
      {
        "text": "via scala 12",
        "meta": "@sys.location",
        "alias": "location",
        "userDefined": true
      },
      {
        "text": " con codice conto 34793/34242",
        "userDefined": false
      }
    ],
    "isTemplate": false,
    "count": 0,
    "lang": "it",
    "updated": 0
  },
  {
    "id": "19e68f94-296c-44e0-8a0f-91784d0aeb07",
    "data": [
      {
        "text": "fregene viale garibaldi 82",
        "meta": "@sys.location",
        "alias": "location",
        "userDefined": true
      },
      {
        "text": " con codice conto ",
        "userDefined": false
      },
      {
        "text": "34793/34242",
        "meta": "@numero-cliente-generic",
        "alias": "numero-cliente-generic",
        "userDefined": false
      }
    ],
    "isTemplate": false,
    "count": 0,
    "lang": "it",
    "updated": 0
  },
  {
    "id": "4b2f2f46-962c-4c07-bd7a-54d69ce1e0fd",
    "data": [
      {
        "text": "abito ad ",
        "userDefined": false
      },
      {
        "text": "abbadia san salvatore via dei tigli 12 provincia di siena",
        "meta": "@sys.location",
        "alias": "location",
        "userDefined": true
      },
      {
        "text": " con codice conto ",
        "userDefined": false
      },
      {
        "text": "34793/34242",
        "meta": "@numero-cliente-generic",
        "alias": "numero-cliente-generic",
        "userDefined": false
      }
    ],
    "isTemplate": false,
    "count": 0,
    "lang": "it",
    "updated": 0
  },
  {
    "id": "d190ef75-6513-4774-bbeb-d5659af5f131",
    "data": [
      {
        "text": "abito a ",
        "userDefined": false
      },
      {
        "text": "carugate via roma 43 20061",
        "meta": "@sys.location",
        "alias": "location",
        "userDefined": true
      },
      {
        "text": " con numero conto ",
        "userDefined": false
      },
      {
        "text": "483729 8439",
        "meta": "@numero-cliente-generic",
        "alias": "numero-cliente-generic",
        "userDefined": false
      }
    ],
    "isTemplate": false,
    "count": 0,
    "lang": "it",
    "updated": 0
  },
  {
    "id": "9270c21a-9cb4-4ab1-a5ac-e10b8030288f",
    "data": [
      {
        "text": "chiamo per la mia fornitura a ",
        "userDefined": false
      },
      {
        "text": "via milano 2 roma 00138",
        "meta": "@sys.location",
        "alias": "location",
        "userDefined": true
      },
      {
        "text": " con numero conto ",
        "userDefined": false
      },
      {
        "text": "483729 8439",
        "meta": "@numero-cliente-generic",
        "alias": "numero-cliente-generic",
        "userDefined": false
      }
    ],
    "isTemplate": false,
    "count": 0,
    "lang": "it",
    "updated": 0
  },
  {
    "id": "22a33398-1513-4820-812e-54a8ddb78e91",
    "data": [
      {
        "text": "chiamo per la mia fornitura a ",
        "userDefined": false
      },
      {
        "text": "via roma 143",
        "meta": "@sys.location",
        "alias": "location",
        "userDefined": true
      },
      {
        "text": " con numero conto ",
        "userDefined": false
      },
      {
        "text": "483729 8439",
        "meta": "@numero-cliente-generic",
        "alias": "numero-cliente-generic",
        "userDefined": false
      }
    ],
    "isTemplate": false,
    "count": 0,
    "lang": "it",
    "updated": 0
  },
  {
    "id": "0b935a00-09f0-4cfb-bfbb-f5f7c8a45611",
    "data": [
      {
        "text": "chiamo per la mia fornitura a ",
        "userDefined": false
      },
      {
        "text": "via napoli 12 pisa",
        "meta": "@sys.location",
        "alias": "location",
        "userDefined": true
      },
      {
        "text": " con numero conto ",
        "userDefined": false
      },
      {
        "text": "483729 8439",
        "meta": "@numero-cliente-generic",
        "alias": "numero-cliente-generic",
        "userDefined": false
      }
    ],
    "isTemplate": false,
    "count": 0,
    "lang": "it",
    "updated": 0
  },
  {
    "id": "97a1c6e8-6185-41ed-a9b5-1bcaf41d5491",
    "data": [
      {
        "text": "chiamo per l\u0027indirizzo ",
        "userDefined": false
      },
      {
        "text": "piazzale degli eroi 14 roma",
        "meta": "@sys.location",
        "alias": "location",
        "userDefined": true
      },
      {
        "text": " con numero conto ",
        "userDefined": false
      },
      {
        "text": "483729 8439",
        "meta": "@numero-cliente-generic",
        "alias": "numero-cliente-generic",
        "userDefined": false
      }
    ],
    "isTemplate": false,
    "count": 0,
    "lang": "it",
    "updated": 0
  },
  {
    "id": "2b4a8e19-c8e0-4316-8b68-2c7c3381d3e3",
    "data": [
      {
        "text": "chiamo per la fornitura in ",
        "userDefined": false
      },
      {
        "text": "via luigi serafino barcellona pozzo di gotto",
        "meta": "@sys.location",
        "alias": "location",
        "userDefined": true
      },
      {
        "text": " con numero conto ",
        "userDefined": false
      },
      {
        "text": "483729 8439",
        "meta": "@numero-cliente-generic",
        "alias": "numero-cliente-generic",
        "userDefined": false
      }
    ],
    "isTemplate": false,
    "count": 0,
    "lang": "it",
    "updated": 0
  },
  {
    "id": "376ae66c-ae83-448b-8173-d0c445e91f29",
    "data": [
      {
        "text": "via mario ridolfi 900 acquapendente",
        "meta": "@sys.location",
        "alias": "location",
        "userDefined": true
      },
      {
        "text": " con numero conto ",
        "userDefined": false
      },
      {
        "text": "483729 8439",
        "meta": "@numero-cliente-generic",
        "alias": "numero-cliente-generic",
        "userDefined": false
      }
    ],
    "isTemplate": false,
    "count": 0,
    "lang": "it",
    "updated": 0
  },
  {
    "id": "7a81d42a-4597-4a5c-97db-85a26787a4d6",
    "data": [
      {
        "text": "piazza maresciallo giardino 78 00136 roma",
        "meta": "@sys.location",
        "alias": "location",
        "userDefined": true
      },
      {
        "text": " con numero conto ",
        "userDefined": false
      },
      {
        "text": "483729 8439",
        "meta": "@numero-cliente-generic",
        "alias": "numero-cliente-generic",
        "userDefined": false
      }
    ],
    "isTemplate": false,
    "count": 0,
    "lang": "it",
    "updated": 0
  },
  {
    "id": "a4b63b7c-f54e-4cfc-813f-dc7355f16a1c",
    "data": [
      {
        "text": "viale giolitti 314 pisa",
        "meta": "@sys.location",
        "alias": "location",
        "userDefined": true
      },
      {
        "text": " con numero conto ",
        "userDefined": false
      },
      {
        "text": "483729 8439",
        "meta": "@numero-cliente-generic",
        "alias": "numero-cliente-generic",
        "userDefined": false
      }
    ],
    "isTemplate": false,
    "count": 0,
    "lang": "it",
    "updated": 0
  },
  {
    "id": "296cf987-f0c1-4321-b678-be3b46a06c80",
    "data": [
      {
        "text": "via della meloria 190 bassano del grappa",
        "meta": "@sys.location",
        "alias": "location",
        "userDefined": true
      },
      {
        "text": " con numero conto ",
        "userDefined": false
      },
      {
        "text": "483729 8439",
        "meta": "@numero-cliente-generic",
        "alias": "numero-cliente-generic",
        "userDefined": false
      }
    ],
    "isTemplate": false,
    "count": 0,
    "lang": "it",
    "updated": 0
  },
  {
    "id": "bc213134-47d5-43d9-b273-963b1326ab47",
    "data": [
      {
        "text": "il mio indirizzo è ",
        "userDefined": false
      },
      {
        "text": "via graziano dorin 189 castelnuovo di porto",
        "meta": "@sys.location",
        "alias": "location",
        "userDefined": true
      },
      {
        "text": " con numero conto ",
        "userDefined": false
      },
      {
        "text": "483729 8439",
        "meta": "@numero-cliente-generic",
        "alias": "numero-cliente-generic",
        "userDefined": false
      }
    ],
    "isTemplate": false,
    "count": 0,
    "lang": "it",
    "updated": 0
  },
  {
    "id": "98573759-73c9-43c4-bf51-0b6188390264",
    "data": [
      {
        "text": "risiedo in ",
        "userDefined": false
      },
      {
        "text": "viale abruzzo 911 milano 20132",
        "meta": "@sys.location",
        "alias": "location",
        "userDefined": true
      },
      {
        "text": " con numero conto ",
        "userDefined": false
      },
      {
        "text": "483729 8439",
        "meta": "@numero-cliente-generic",
        "alias": "numero-cliente-generic",
        "userDefined": false
      }
    ],
    "isTemplate": false,
    "count": 0,
    "lang": "it",
    "updated": 0
  },
  {
    "id": "dc109515-442f-4b27-9301-c5ab47a31f7e",
    "data": [
      {
        "text": "via roma 12",
        "meta": "@sys.location",
        "alias": "location",
        "userDefined": true
      },
      {
        "text": " con numero conto ",
        "userDefined": false
      },
      {
        "text": "483729 8439",
        "meta": "@numero-cliente-generic",
        "alias": "numero-cliente-generic",
        "userDefined": false
      }
    ],
    "isTemplate": false,
    "count": 0,
    "lang": "it",
    "updated": 0
  },
  {
    "id": "22d2b30f-9aa1-46a6-a7f8-9388a768fce5",
    "data": [
      {
        "text": "largo dei mille 101",
        "meta": "@sys.location",
        "alias": "location",
        "userDefined": true
      },
      {
        "text": " con numero conto ",
        "userDefined": false
      },
      {
        "text": "483729 8439",
        "meta": "@numero-cliente-generic",
        "alias": "numero-cliente-generic",
        "userDefined": false
      }
    ],
    "isTemplate": false,
    "count": 0,
    "lang": "it",
    "updated": 0
  },
  {
    "id": "e5f19eb4-8cbb-4175-9f84-e18ba8ada4f4",
    "data": [
      {
        "text": "indirizzo: ",
        "userDefined": false
      },
      {
        "text": "piazza dante 141",
        "meta": "@sys.location",
        "alias": "location",
        "userDefined": true
      },
      {
        "text": " e codice conto: ",
        "userDefined": false
      },
      {
        "text": "1239",
        "meta": "@numero-cliente-generic",
        "alias": "numero-cliente-generic",
        "userDefined": false
      }
    ],
    "isTemplate": false,
    "count": 0,
    "lang": "it",
    "updated": 0
  },
  {
    "id": "f7a109e6-ec78-45bf-8ad2-a822297b6950",
    "data": [
      {
        "text": "indirizzo: ",
        "userDefined": false
      },
      {
        "text": "viale umbria 16",
        "meta": "@sys.location",
        "alias": "location",
        "userDefined": true
      },
      {
        "text": " e codice conto: ",
        "userDefined": false
      },
      {
        "text": "8473",
        "meta": "@numero-cliente-generic",
        "alias": "numero-cliente-generic",
        "userDefined": false
      }
    ],
    "isTemplate": false,
    "count": 0,
    "lang": "it",
    "updated": 0
  },
  {
    "id": "80503939-1493-4431-a955-6729dc09da36",
    "data": [
      {
        "text": "indirizzo ",
        "userDefined": false
      },
      {
        "text": "via giovanni da procida 14",
        "meta": "@sys.location",
        "alias": "location",
        "userDefined": true
      },
      {
        "text": " e codice conto ",
        "userDefined": false
      },
      {
        "text": "w47923h",
        "meta": "@numero-cliente-generic",
        "alias": "numero-cliente-generic",
        "userDefined": false
      }
    ],
    "isTemplate": false,
    "count": 0,
    "lang": "it",
    "updated": 0
  }
]