[
  {
    "id": "4261eb89-4d93-4d77-a478-b41f935fbe68",
    "data": [
      {
        "text": "ci",
        "userDefined": false
      }
    ],
    "isTemplate": false,
    "count": 0,
    "lang": "it",
    "updated": 0
  },
  {
    "id": "017c2365-648d-4524-86b7-7c59c31638bb",
    "data": [
      {
        "text": "e",
        "userDefined": false
      }
    ],
    "isTemplate": false,
    "count": 0,
    "lang": "it",
    "updated": 0
  },
  {
    "id": "be5f1f6e-c8e1-481f-abf8-51e850757417",
    "data": [
      {
        "text": "sì ",
        "userDefined": false
      },
      {
        "text": "sì",
        "userDefined": false
      }
    ],
    "isTemplate": false,
    "count": 0,
    "lang": "it",
    "updated": 0
  },
  {
    "id": "6bd14027-557d-4919-b89d-ebd707bf9316",
    "data": [
      {
        "text": "se",
        "userDefined": false
      }
    ],
    "isTemplate": false,
    "count": 0,
    "lang": "it",
    "updated": 0
  },
  {
    "id": "a99fe287-0cbc-4ffb-92a8-c07f691214da",
    "data": [
      {
        "text": "sì",
        "userDefined": false
      }
    ],
    "isTemplate": false,
    "count": 0,
    "lang": "it",
    "updated": 0
  },
  {
    "id": "e819948f-f3fc-4c9a-81da-bcbb858cd006",
    "data": [
      {
        "text": "modificare",
        "meta": "@modifica",
        "alias": "modifica",
        "userDefined": true
      },
      {
        "text": " il pagamento",
        "userDefined": false
      }
    ],
    "isTemplate": false,
    "count": 0,
    "lang": "it",
    "updated": 0
  },
  {
    "id": "bf9ca37a-9ec5-4718-a58f-6116c41a7afd",
    "data": [
      {
        "text": "modificare",
        "meta": "@modifica",
        "alias": "modifica",
        "userDefined": true
      },
      {
        "text": " il conto corrente",
        "userDefined": false
      }
    ],
    "isTemplate": false,
    "count": 0,
    "lang": "it",
    "updated": 0
  },
  {
    "id": "f2f17f64-b4b8-4cb6-87c1-c9593469a27b",
    "data": [
      {
        "text": "modificare",
        "meta": "@modifica",
        "alias": "modifica",
        "userDefined": true
      },
      {
        "text": " il codice IBAN",
        "userDefined": false
      }
    ],
    "isTemplate": false,
    "count": 0,
    "lang": "it",
    "updated": 0
  },
  {
    "id": "4da98024-3a40-4a2e-91ec-6127d3512a3a",
    "data": [
      {
        "text": "devo ",
        "userDefined": false
      },
      {
        "text": "riattivare",
        "userDefined": true
      },
      {
        "text": " la domiciliazione bancaria",
        "userDefined": false
      }
    ],
    "isTemplate": false,
    "count": 0,
    "lang": "it",
    "updated": 0
  },
  {
    "id": "f134e701-937c-490f-8719-d9e5a40b3739",
    "data": [
      {
        "text": "devo ",
        "userDefined": false
      },
      {
        "text": "cambiare",
        "meta": "@modifica",
        "alias": "modifica",
        "userDefined": true
      },
      {
        "text": " IBAN per la domiciliazione",
        "userDefined": false
      }
    ],
    "isTemplate": false,
    "count": 0,
    "lang": "it",
    "updated": 0
  },
  {
    "id": "91f6df55-6625-4a71-8caa-f41bab46d85c",
    "data": [
      {
        "text": "attivarla",
        "meta": "@attivazione",
        "alias": "attivazione",
        "userDefined": true
      },
      {
        "text": " per bolletta ",
        "userDefined": false
      },
      {
        "text": "gas",
        "meta": "@lead-type",
        "alias": "lead-type",
        "userDefined": false
      }
    ],
    "isTemplate": false,
    "count": 0,
    "lang": "it",
    "updated": 0
  },
  {
    "id": "389f8d55-10f8-4c0b-9f5a-2814f2063b1f",
    "data": [
      {
        "text": "per ",
        "userDefined": false
      },
      {
        "text": "modifica",
        "meta": "@modifica",
        "alias": "modifica",
        "userDefined": false
      },
      {
        "text": " domiciliazione ",
        "userDefined": false
      },
      {
        "text": "metano",
        "meta": "@lead-type",
        "alias": "lead-type",
        "userDefined": false
      }
    ],
    "isTemplate": false,
    "count": 0,
    "lang": "it",
    "updated": 0
  },
  {
    "id": "03f5f312-2ee8-4310-b1cd-4dbaf2c81e75",
    "data": [
      {
        "text": "modifica",
        "meta": "@modifica",
        "alias": "modifica",
        "userDefined": false
      },
      {
        "text": " dati domiciliazione ",
        "userDefined": false
      },
      {
        "text": "luce",
        "meta": "@lead-type",
        "alias": "lead-type",
        "userDefined": false
      }
    ],
    "isTemplate": false,
    "count": 0,
    "lang": "it",
    "updated": 0
  },
  {
    "id": "7c5360ba-dbee-4844-8131-c4a22f1c7ace",
    "data": [
      {
        "text": "modificare",
        "meta": "@modifica",
        "alias": "modifica",
        "userDefined": false
      },
      {
        "text": " quella del ",
        "userDefined": false
      },
      {
        "text": "gas",
        "meta": "@lead-type",
        "alias": "lead-type",
        "userDefined": false
      },
      {
        "text": " di mio ",
        "userDefined": false
      },
      {
        "text": "padre",
        "meta": "@delegato",
        "alias": "delegato",
        "userDefined": false
      }
    ],
    "isTemplate": false,
    "count": 0,
    "lang": "it",
    "updated": 0
  },
  {
    "id": "ac649143-a5e7-4ff9-b7e5-e4457c757b10",
    "data": [
      {
        "text": "devo ",
        "userDefined": false
      },
      {
        "text": "modificare",
        "meta": "@modifica",
        "alias": "modifica",
        "userDefined": false
      },
      {
        "text": " i dati della domiciliazione della ",
        "userDefined": false
      },
      {
        "text": "luce",
        "meta": "@lead-type",
        "alias": "lead-type",
        "userDefined": false
      },
      {
        "text": " intestata a mia ",
        "userDefined": false
      },
      {
        "text": "madre",
        "meta": "@delegato",
        "alias": "delegato",
        "userDefined": false
      }
    ],
    "isTemplate": false,
    "count": 0,
    "lang": "it",
    "updated": 0
  },
  {
    "id": "fb3a43f3-e0e0-4d7e-b1a9-f00b91aea9db",
    "data": [
      {
        "text": "attivazione",
        "meta": "@attivazione",
        "alias": "attivazione",
        "userDefined": false
      },
      {
        "text": " domiciliazione del ",
        "userDefined": false
      },
      {
        "text": "gas",
        "meta": "@lead-type",
        "alias": "lead-type",
        "userDefined": false
      }
    ],
    "isTemplate": false,
    "count": 0,
    "lang": "it",
    "updated": 0
  },
  {
    "id": "f0859ca5-aee5-4547-90bd-5fe5fc5bb076",
    "data": [
      {
        "text": "mi serve ",
        "userDefined": false
      },
      {
        "text": "attivare",
        "meta": "@attivazione",
        "alias": "attivazione",
        "userDefined": false
      },
      {
        "text": " la domiciliazione dell\u0027utenza del ",
        "userDefined": false
      },
      {
        "text": "gas",
        "meta": "@lead-type",
        "alias": "lead-type",
        "userDefined": false
      },
      {
        "text": " di mia ",
        "userDefined": false
      },
      {
        "text": "madre",
        "meta": "@delegato",
        "alias": "delegato",
        "userDefined": false
      }
    ],
    "isTemplate": false,
    "count": 0,
    "lang": "it",
    "updated": 0
  },
  {
    "id": "bc59239d-9806-4d0a-a729-20e96980f748",
    "data": [
      {
        "text": "per una ",
        "userDefined": false
      },
      {
        "text": "nuova",
        "meta": "@attivazione",
        "alias": "attivazione",
        "userDefined": false
      },
      {
        "text": " domiciliazione della ",
        "userDefined": false
      },
      {
        "text": "luce",
        "meta": "@lead-type",
        "alias": "lead-type",
        "userDefined": false
      },
      {
        "text": " per mio ",
        "userDefined": false
      },
      {
        "text": "padre",
        "meta": "@delegato",
        "alias": "delegato",
        "userDefined": false
      }
    ],
    "isTemplate": false,
    "count": 0,
    "lang": "it",
    "updated": 0
  },
  {
    "id": "9df14b3d-4376-4fa6-8443-56cc024b0060",
    "data": [
      {
        "text": "voglio ",
        "userDefined": false
      },
      {
        "text": "attivare",
        "meta": "@attivazione",
        "alias": "attivazione",
        "userDefined": false
      },
      {
        "text": " una nuova domiciliazione della ",
        "userDefined": false
      },
      {
        "text": "luce",
        "meta": "@lead-type",
        "alias": "lead-type",
        "userDefined": false
      }
    ],
    "isTemplate": false,
    "count": 0,
    "lang": "it",
    "updated": 0
  },
  {
    "id": "4967ba57-83ed-4bbd-a047-5c62eba68fbc",
    "data": [
      {
        "text": "sì sì chiamo per una nuova ",
        "userDefined": false
      },
      {
        "text": "attivazione",
        "meta": "@attivazione",
        "alias": "attivazione",
        "userDefined": false
      }
    ],
    "isTemplate": false,
    "count": 0,
    "lang": "it",
    "updated": 0
  },
  {
    "id": "6022bca9-f0f9-4587-a7ac-dfd6f587c6a8",
    "data": [
      {
        "text": "per ",
        "userDefined": false
      },
      {
        "text": "modificare",
        "meta": "@modifica",
        "alias": "modifica",
        "userDefined": false
      },
      {
        "text": " gli estremi della domiciliazione di mia ",
        "userDefined": false
      },
      {
        "text": "madre",
        "meta": "@delegato",
        "alias": "delegato",
        "userDefined": false
      }
    ],
    "isTemplate": false,
    "count": 0,
    "lang": "it",
    "updated": 0
  },
  {
    "id": "2b231315-cb53-4329-b0c7-495177037800",
    "data": [
      {
        "text": "per ",
        "userDefined": false
      },
      {
        "text": "attivarla",
        "meta": "@attivazione",
        "alias": "attivazione",
        "userDefined": false
      },
      {
        "text": " a mio ",
        "userDefined": false
      },
      {
        "text": "nonno",
        "meta": "@delegato",
        "alias": "delegato",
        "userDefined": false
      }
    ],
    "isTemplate": false,
    "count": 0,
    "lang": "it",
    "updated": 0
  },
  {
    "id": "62ef391a-2d72-455a-a280-b8aa693aed5b",
    "data": [
      {
        "text": "devo ",
        "userDefined": false
      },
      {
        "text": "modificare",
        "meta": "@modifica",
        "alias": "modifica",
        "userDefined": false
      },
      {
        "text": " quella di mio ",
        "userDefined": false
      },
      {
        "text": "padre",
        "meta": "@delegato",
        "alias": "delegato",
        "userDefined": false
      }
    ],
    "isTemplate": false,
    "count": 0,
    "lang": "it",
    "updated": 0
  },
  {
    "id": "6902ff3b-f881-4df2-95b6-0e613cf4d8f2",
    "data": [
      {
        "text": "devo fare una ",
        "userDefined": false
      },
      {
        "text": "nuova",
        "meta": "@attivazione",
        "alias": "attivazione",
        "userDefined": false
      },
      {
        "text": " domiciliazione per la fornitura di mia ",
        "userDefined": false
      },
      {
        "text": "zia",
        "meta": "@delegato",
        "alias": "delegato",
        "userDefined": false
      }
    ],
    "isTemplate": false,
    "count": 0,
    "lang": "it",
    "updated": 0
  },
  {
    "id": "1e40ab1e-a00a-4b9c-abb8-b456bf330c0e",
    "data": [
      {
        "text": "sì lucilla per ",
        "userDefined": false
      },
      {
        "text": "modificarla",
        "meta": "@modifica",
        "alias": "modifica",
        "userDefined": false
      }
    ],
    "isTemplate": false,
    "count": 0,
    "lang": "it",
    "updated": 0
  },
  {
    "id": "91312ec2-5953-4d5f-b8b0-4db6b4a3017b",
    "data": [
      {
        "text": "sì sì lucilla per ",
        "userDefined": false
      },
      {
        "text": "attivarla",
        "meta": "@attivazione",
        "alias": "attivazione",
        "userDefined": false
      }
    ],
    "isTemplate": false,
    "count": 0,
    "lang": "it",
    "updated": 0
  },
  {
    "id": "8094709f-24dc-4491-bbe9-3c541cb2cefb",
    "data": [
      {
        "text": "devo fare una ",
        "userDefined": false
      },
      {
        "text": "modifica",
        "meta": "@modifica",
        "alias": "modifica",
        "userDefined": false
      },
      {
        "text": " grazie",
        "userDefined": false
      }
    ],
    "isTemplate": false,
    "count": 0,
    "lang": "it",
    "updated": 0
  },
  {
    "id": "3ac4e86e-77a3-4ce4-bd0a-30fd81f2fcf2",
    "data": [
      {
        "text": "per una ",
        "userDefined": false
      },
      {
        "text": "modifica",
        "meta": "@modifica",
        "alias": "modifica",
        "userDefined": false
      },
      {
        "text": " grazie",
        "userDefined": false
      }
    ],
    "isTemplate": false,
    "count": 0,
    "lang": "it",
    "updated": 0
  },
  {
    "id": "99c60c45-9a27-428b-b5b1-2755988034d5",
    "data": [
      {
        "text": "per un\u0027 ",
        "userDefined": false
      },
      {
        "text": "attivazione",
        "meta": "@attivazione",
        "alias": "attivazione",
        "userDefined": false
      },
      {
        "text": " grazie",
        "userDefined": false
      }
    ],
    "isTemplate": false,
    "count": 0,
    "lang": "it",
    "updated": 0
  },
  {
    "id": "7dd18ef7-8cc7-481c-999b-8818c84db35d",
    "data": [
      {
        "text": "devo ",
        "userDefined": false
      },
      {
        "text": "attivarne",
        "meta": "@attivazione",
        "alias": "attivazione",
        "userDefined": false
      },
      {
        "text": " una grazie",
        "userDefined": false
      }
    ],
    "isTemplate": false,
    "count": 0,
    "lang": "it",
    "updated": 0
  },
  {
    "id": "2ac882eb-853e-4273-baf1-3f00b83b53b8",
    "data": [
      {
        "text": "ho bisogno di effettuare una ",
        "userDefined": false
      },
      {
        "text": "modifica",
        "meta": "@modifica",
        "alias": "modifica",
        "userDefined": false
      },
      {
        "text": " alla domiciliazione",
        "userDefined": false
      }
    ],
    "isTemplate": false,
    "count": 0,
    "lang": "it",
    "updated": 0
  },
  {
    "id": "124206c5-e00a-4ae3-bc1a-15eb13f28449",
    "data": [
      {
        "text": "ho bisogno di un ",
        "userDefined": false
      },
      {
        "text": "nuova",
        "meta": "@attivazione",
        "alias": "attivazione",
        "userDefined": false
      },
      {
        "text": " domiciliazione",
        "userDefined": false
      }
    ],
    "isTemplate": false,
    "count": 0,
    "lang": "it",
    "updated": 0
  },
  {
    "id": "415709c9-6110-4207-a501-2d8f1b91f8da",
    "data": [
      {
        "text": "ho bisogno di fare una ",
        "userDefined": false
      },
      {
        "text": "nuova",
        "meta": "@attivazione",
        "alias": "attivazione",
        "userDefined": false
      },
      {
        "text": " domiciliazione",
        "userDefined": false
      }
    ],
    "isTemplate": false,
    "count": 0,
    "lang": "it",
    "updated": 0
  },
  {
    "id": "cdaa9a6f-b4a3-4b0b-adf2-44c7b9e8e47c",
    "data": [
      {
        "text": "ho bisogno di ",
        "userDefined": false
      },
      {
        "text": "attivare",
        "meta": "@attivazione",
        "alias": "attivazione",
        "userDefined": false
      },
      {
        "text": " una domiciliazioneh",
        "userDefined": false
      }
    ],
    "isTemplate": false,
    "count": 0,
    "lang": "it",
    "updated": 0
  },
  {
    "id": "90f1fb0d-13c6-420b-90d7-049b86bdf51d",
    "data": [
      {
        "text": "mi passi un umano che mi ",
        "userDefined": false
      },
      {
        "text": "modifichi",
        "meta": "@modifica",
        "alias": "modifica",
        "userDefined": false
      },
      {
        "text": " gli estremi bancari",
        "userDefined": false
      }
    ],
    "isTemplate": false,
    "count": 0,
    "lang": "it",
    "updated": 0
  },
  {
    "id": "d371fc76-7053-4620-8469-ba84f61d0f26",
    "data": [
      {
        "text": "ho bisogno di parlare con qualcuno per ",
        "userDefined": false
      },
      {
        "text": "modificare",
        "meta": "@modifica",
        "alias": "modifica",
        "userDefined": false
      },
      {
        "text": " gli estremi bancari",
        "userDefined": false
      }
    ],
    "isTemplate": false,
    "count": 0,
    "lang": "it",
    "updated": 0
  },
  {
    "id": "0f2eb6f7-ec1a-488d-a04b-0ee359c92929",
    "data": [
      {
        "text": "voglio parlare con una ",
        "userDefined": false
      },
      {
        "text": "persona",
        "meta": "@operatore",
        "alias": "operatore",
        "userDefined": false
      },
      {
        "text": " reale per la ",
        "userDefined": false
      },
      {
        "text": "modifica",
        "meta": "@modifica",
        "alias": "modifica",
        "userDefined": false
      },
      {
        "text": " degli estremi di domiciliazione",
        "userDefined": false
      }
    ],
    "isTemplate": false,
    "count": 0,
    "lang": "it",
    "updated": 0
  },
  {
    "id": "6973306b-52b8-47e6-8e44-955c8ea1d409",
    "data": [
      {
        "text": "vorrei parlare con un ",
        "userDefined": false
      },
      {
        "text": "operatore",
        "meta": "@operatore",
        "alias": "operatore",
        "userDefined": false
      },
      {
        "text": " per ",
        "userDefined": false
      },
      {
        "text": "modificare",
        "meta": "@modifica",
        "alias": "modifica",
        "userDefined": false
      },
      {
        "text": " la domiciliazione",
        "userDefined": false
      }
    ],
    "isTemplate": false,
    "count": 0,
    "lang": "it",
    "updated": 0
  },
  {
    "id": "076a662f-638d-4c85-86e3-c5d4ebbd4ae7",
    "data": [
      {
        "text": "posso parlare con una persona per ",
        "userDefined": false
      },
      {
        "text": "attivare",
        "meta": "@attivazione",
        "alias": "attivazione",
        "userDefined": false
      },
      {
        "text": " una nuova domiciliazione",
        "userDefined": false
      }
    ],
    "isTemplate": false,
    "count": 0,
    "lang": "it",
    "updated": 0
  },
  {
    "id": "dad46f4d-27d3-4de4-8012-116d34d5c4c9",
    "data": [
      {
        "text": "sì vorrei parlare con qualcuno per attivarla ",
        "userDefined": false
      },
      {
        "text": "nuova",
        "meta": "@attivazione",
        "alias": "attivazione",
        "userDefined": false
      }
    ],
    "isTemplate": false,
    "count": 0,
    "lang": "it",
    "updated": 0
  },
  {
    "id": "dcf22e61-1c0a-4a2f-a49b-3b19d0e35d5e",
    "data": [
      {
        "text": "devo parlare con un ",
        "userDefined": false
      },
      {
        "text": "operatore",
        "meta": "@operatore",
        "alias": "operatore",
        "userDefined": false
      },
      {
        "text": " per ",
        "userDefined": false
      },
      {
        "text": "attivarne",
        "meta": "@attivazione",
        "alias": "attivazione",
        "userDefined": false
      },
      {
        "text": " una nuova",
        "userDefined": false
      }
    ],
    "isTemplate": false,
    "count": 0,
    "lang": "it",
    "updated": 0
  },
  {
    "id": "8c9ea000-569a-48a3-9ddf-b9a38a2b9be1",
    "data": [
      {
        "text": "volevo parlare con un ",
        "userDefined": false
      },
      {
        "text": "operatore",
        "meta": "@operatore",
        "alias": "operatore",
        "userDefined": false
      },
      {
        "text": " per un ",
        "userDefined": false
      },
      {
        "text": "nuovo piano",
        "meta": "@attivazione",
        "alias": "attivazione",
        "userDefined": false
      }
    ],
    "isTemplate": false,
    "count": 0,
    "lang": "it",
    "updated": 0
  },
  {
    "id": "1973fd6c-a59f-46fe-ade5-25570bcd0bb7",
    "data": [
      {
        "text": "siamo per un ",
        "userDefined": false
      },
      {
        "text": "nuovo piano",
        "meta": "@attivazione",
        "alias": "attivazione",
        "userDefined": false
      }
    ],
    "isTemplate": false,
    "count": 0,
    "lang": "it",
    "updated": 0
  },
  {
    "id": "77a64e1d-e0d1-43d9-800f-54964dce5a68",
    "data": [
      {
        "text": "chiamo per una nuova ",
        "userDefined": false
      },
      {
        "text": "richiesta",
        "meta": "@attivazione",
        "alias": "attivazione",
        "userDefined": false
      }
    ],
    "isTemplate": false,
    "count": 0,
    "lang": "it",
    "updated": 0
  },
  {
    "id": "d760cdf1-baa6-4524-b513-a87a34b2cb6e",
    "data": [
      {
        "text": "e per fare una ",
        "userDefined": false
      },
      {
        "text": "richiesta",
        "meta": "@attivazione",
        "alias": "attivazione",
        "userDefined": false
      }
    ],
    "isTemplate": false,
    "count": 0,
    "lang": "it",
    "updated": 0
  },
  {
    "id": "536c5ef9-420e-4436-b975-8249b543d14f",
    "data": [
      {
        "text": "sì devo fare ",
        "userDefined": false
      },
      {
        "text": "richiesta",
        "meta": "@attivazione",
        "alias": "attivazione",
        "userDefined": false
      },
      {
        "text": " di domiciliazione",
        "userDefined": false
      }
    ],
    "isTemplate": false,
    "count": 0,
    "lang": "it",
    "updated": 0
  },
  {
    "id": "c4128de2-33d5-4184-8fb2-5e1b8273b1a3",
    "data": [
      {
        "text": "sì vorrei ",
        "userDefined": false
      },
      {
        "text": "attivarne",
        "meta": "@attivazione",
        "alias": "attivazione",
        "userDefined": false
      },
      {
        "text": " una",
        "userDefined": false
      }
    ],
    "isTemplate": false,
    "count": 0,
    "lang": "it",
    "updated": 0
  },
  {
    "id": "2c72f268-5663-40d3-b698-27e1322edd5f",
    "data": [
      {
        "text": "sì devo ",
        "userDefined": false
      },
      {
        "text": "modificarla",
        "meta": "@modifica",
        "alias": "modifica",
        "userDefined": false
      }
    ],
    "isTemplate": false,
    "count": 0,
    "lang": "it",
    "updated": 0
  },
  {
    "id": "cf038cb4-ca22-45a0-ac7e-15505022b7d6",
    "data": [
      {
        "text": "per la ",
        "userDefined": false
      },
      {
        "text": "modifica",
        "meta": "@modifica",
        "alias": "modifica",
        "userDefined": false
      },
      {
        "text": " di una domiciliazione esistente",
        "userDefined": false
      }
    ],
    "isTemplate": false,
    "count": 0,
    "lang": "it",
    "updated": 0
  },
  {
    "id": "86e79fa0-000a-4ab8-bc7f-97cce661d3ad",
    "data": [
      {
        "text": "modificare",
        "meta": "@modifica",
        "alias": "modifica",
        "userDefined": false
      },
      {
        "text": " una domiciliazione già esistente",
        "userDefined": false
      }
    ],
    "isTemplate": false,
    "count": 0,
    "lang": "it",
    "updated": 0
  },
  {
    "id": "b811c645-9e67-4439-bfff-78b598c036fd",
    "data": [
      {
        "text": "chiamo perchè devo ",
        "userDefined": false
      },
      {
        "text": "modificare",
        "meta": "@modifica",
        "alias": "modifica",
        "userDefined": false
      },
      {
        "text": " una domiciliazione già esistente",
        "userDefined": false
      }
    ],
    "isTemplate": false,
    "count": 0,
    "lang": "it",
    "updated": 0
  },
  {
    "id": "f11c0f62-4c23-40fa-a989-974b23c42455",
    "data": [
      {
        "text": "chiamo per una ",
        "userDefined": false
      },
      {
        "text": "modifica",
        "meta": "@modifica",
        "alias": "modifica",
        "userDefined": false
      }
    ],
    "isTemplate": false,
    "count": 0,
    "lang": "it",
    "updated": 0
  },
  {
    "id": "4f8e8a33-d08b-4a2e-be56-97ecc38f659b",
    "data": [
      {
        "text": "chiamo per farne una ",
        "userDefined": false
      },
      {
        "text": "nuova",
        "meta": "@attivazione",
        "alias": "attivazione",
        "userDefined": false
      }
    ],
    "isTemplate": false,
    "count": 0,
    "lang": "it",
    "updated": 0
  },
  {
    "id": "c66be2a2-8a7d-4265-b1a2-98d53a757b73",
    "data": [
      {
        "text": "chiamo per attivarla ",
        "userDefined": false
      },
      {
        "text": "nuova",
        "meta": "@attivazione",
        "alias": "attivazione",
        "userDefined": false
      }
    ],
    "isTemplate": false,
    "count": 0,
    "lang": "it",
    "updated": 0
  },
  {
    "id": "701b9510-493a-466a-86cb-10e04abc9089",
    "data": [
      {
        "text": "chiamiamo per attivarne una ",
        "userDefined": false
      },
      {
        "text": "nuova",
        "meta": "@attivazione",
        "alias": "attivazione",
        "userDefined": false
      }
    ],
    "isTemplate": false,
    "count": 0,
    "lang": "it",
    "updated": 0
  },
  {
    "id": "c8726f61-1bb6-4c83-b515-d8949eeb5d57",
    "data": [
      {
        "text": "chiamavo per ",
        "userDefined": false
      },
      {
        "text": "attivare",
        "meta": "@attivazione",
        "alias": "attivazione",
        "userDefined": false
      },
      {
        "text": " una domiciliazione",
        "userDefined": false
      }
    ],
    "isTemplate": false,
    "count": 0,
    "lang": "it",
    "updated": 0
  },
  {
    "id": "971f86d2-773a-4ab8-9971-fa999efab7d4",
    "data": [
      {
        "text": "io la domiciliazione ce l\u0027ho già però vorrei ",
        "userDefined": false
      },
      {
        "text": "modificarla",
        "meta": "@modifica",
        "alias": "modifica",
        "userDefined": false
      }
    ],
    "isTemplate": false,
    "count": 0,
    "lang": "it",
    "updated": 0
  },
  {
    "id": "a7e373f8-fc05-4da4-8048-5918d05f1481",
    "data": [
      {
        "text": "ho una bolletta domiciliata sul un conto ma lo vorrei ",
        "userDefined": false
      },
      {
        "text": "modificare",
        "meta": "@modifica",
        "alias": "modifica",
        "userDefined": false
      }
    ],
    "isTemplate": false,
    "count": 0,
    "lang": "it",
    "updated": 0
  },
  {
    "id": "f59d8f58-7b59-47e7-9975-a6247fd2ba95",
    "data": [
      {
        "text": "abbiamo una bolletta domiciliata e vogliamo fare una ",
        "userDefined": false
      },
      {
        "text": "modifica",
        "meta": "@modifica",
        "alias": "modifica",
        "userDefined": false
      }
    ],
    "isTemplate": false,
    "count": 0,
    "lang": "it",
    "updated": 0
  },
  {
    "id": "21968d2d-5b31-452c-9bc6-e86eb2f39e59",
    "data": [
      {
        "text": "volevamo ",
        "userDefined": false
      },
      {
        "text": "modificare",
        "meta": "@modifica",
        "alias": "modifica",
        "userDefined": false
      },
      {
        "text": " la domiciliazione",
        "userDefined": false
      }
    ],
    "isTemplate": false,
    "count": 0,
    "lang": "it",
    "updated": 0
  },
  {
    "id": "f0fbc6ac-4f23-45fd-9d72-e604cc65c42e",
    "data": [
      {
        "text": "volevamo ",
        "userDefined": false
      },
      {
        "text": "attivare",
        "meta": "@attivazione",
        "alias": "attivazione",
        "userDefined": false
      },
      {
        "text": " una domiciliazione nuova",
        "userDefined": false
      }
    ],
    "isTemplate": false,
    "count": 0,
    "lang": "it",
    "updated": 0
  },
  {
    "id": "41326441-1ae5-4d47-ae84-df53518c3d86",
    "data": [
      {
        "text": "volevo ",
        "userDefined": false
      },
      {
        "text": "modificare",
        "meta": "@modifica",
        "alias": "modifica",
        "userDefined": false
      },
      {
        "text": " una domiciliazione",
        "userDefined": false
      }
    ],
    "isTemplate": false,
    "count": 0,
    "lang": "it",
    "updated": 0
  },
  {
    "id": "4c7b2c2f-6a65-4a17-9e28-81e607dbbd5f",
    "data": [
      {
        "text": "e volevo ",
        "userDefined": false
      },
      {
        "text": "attivare",
        "meta": "@attivazione",
        "alias": "attivazione",
        "userDefined": false
      },
      {
        "text": " una nuova domiciliazione",
        "userDefined": false
      }
    ],
    "isTemplate": false,
    "count": 0,
    "lang": "it",
    "updated": 0
  },
  {
    "id": "7b2ba68a-e111-4ee5-b718-64b32b097bd2",
    "data": [
      {
        "text": "modificare",
        "meta": "@modifica",
        "alias": "modifica",
        "userDefined": false
      },
      {
        "text": " iban",
        "userDefined": false
      }
    ],
    "isTemplate": false,
    "count": 0,
    "lang": "it",
    "updated": 0
  },
  {
    "id": "17a5a897-102b-40cb-99ac-b93b8286a119",
    "data": [
      {
        "text": "devo ",
        "userDefined": false
      },
      {
        "text": "cambiare",
        "meta": "@modifica",
        "alias": "modifica",
        "userDefined": false
      },
      {
        "text": " l\u0027 iban associato alla domiciliazione",
        "userDefined": false
      }
    ],
    "isTemplate": false,
    "count": 0,
    "lang": "it",
    "updated": 0
  },
  {
    "id": "4228844f-dad4-4598-8270-1a6bfa7b3113",
    "data": [
      {
        "text": "devo ",
        "userDefined": false
      },
      {
        "text": "modificare",
        "meta": "@modifica",
        "alias": "modifica",
        "userDefined": false
      },
      {
        "text": " l\u0027iban della domiciliazione",
        "userDefined": false
      }
    ],
    "isTemplate": false,
    "count": 0,
    "lang": "it",
    "updated": 0
  },
  {
    "id": "0a3f7c42-4ca8-4053-b226-bfc614814e0e",
    "data": [
      {
        "text": "devo ",
        "userDefined": false
      },
      {
        "text": "attivarla",
        "meta": "@attivazione",
        "alias": "attivazione",
        "userDefined": false
      }
    ],
    "isTemplate": false,
    "count": 0,
    "lang": "it",
    "updated": 0
  },
  {
    "id": "810701df-84b1-47d2-a7e0-87d5cf908617",
    "data": [
      {
        "text": "una ",
        "userDefined": false
      },
      {
        "text": "nuova",
        "meta": "@attivazione",
        "alias": "attivazione",
        "userDefined": false
      }
    ],
    "isTemplate": false,
    "count": 0,
    "lang": "it",
    "updated": 0
  },
  {
    "id": "ebf2eb1d-d70c-4642-b3fe-d63cc52cba25",
    "data": [
      {
        "text": "una ",
        "userDefined": false
      },
      {
        "text": "modifica",
        "meta": "@modifica",
        "alias": "modifica",
        "userDefined": false
      }
    ],
    "isTemplate": false,
    "count": 0,
    "lang": "it",
    "updated": 0
  },
  {
    "id": "26421c18-e31b-40ab-9843-5a40a9c36892",
    "data": [
      {
        "text": "modifica",
        "meta": "@modifica",
        "alias": "modifica",
        "userDefined": false
      }
    ],
    "isTemplate": false,
    "count": 0,
    "lang": "it",
    "updated": 0
  },
  {
    "id": "88fb79e3-22be-4e0e-943e-b9150ce4892e",
    "data": [
      {
        "text": "attivarla",
        "meta": "@attivazione",
        "alias": "attivazione",
        "userDefined": false
      }
    ],
    "isTemplate": false,
    "count": 0,
    "lang": "it",
    "updated": 0
  },
  {
    "id": "6aede380-16c7-49fe-b0c8-83773e726584",
    "data": [
      {
        "text": "per ",
        "userDefined": false
      },
      {
        "text": "modificare",
        "meta": "@modifica",
        "alias": "modifica",
        "userDefined": false
      },
      {
        "text": " i dati della domiciliazione",
        "userDefined": false
      }
    ],
    "isTemplate": false,
    "count": 0,
    "lang": "it",
    "updated": 0
  },
  {
    "id": "cb0d017c-9946-4b8a-9887-0761bb790a90",
    "data": [
      {
        "text": "per ",
        "userDefined": false
      },
      {
        "text": "modificare",
        "meta": "@modifica",
        "alias": "modifica",
        "userDefined": false
      },
      {
        "text": " i dati",
        "userDefined": false
      }
    ],
    "isTemplate": false,
    "count": 0,
    "lang": "it",
    "updated": 0
  },
  {
    "id": "95c61252-bf9d-45ad-a882-7dd78ba8b586",
    "data": [
      {
        "text": "per ",
        "userDefined": false
      },
      {
        "text": "modificarla",
        "meta": "@modifica",
        "alias": "modifica",
        "userDefined": false
      }
    ],
    "isTemplate": false,
    "count": 0,
    "lang": "it",
    "updated": 0
  },
  {
    "id": "7d48fbef-05f3-4997-a05d-015e8d60b1c7",
    "data": [
      {
        "text": "per ",
        "userDefined": false
      },
      {
        "text": "attivarne",
        "meta": "@attivazione",
        "alias": "attivazione",
        "userDefined": false
      },
      {
        "text": " una nuova",
        "userDefined": false
      }
    ],
    "isTemplate": false,
    "count": 0,
    "lang": "it",
    "updated": 0
  },
  {
    "id": "ff71f8ed-546a-47b1-bab0-a47e1ddb786a",
    "data": [
      {
        "text": "per ",
        "userDefined": false
      },
      {
        "text": "attivare",
        "meta": "@attivazione",
        "alias": "attivazione",
        "userDefined": false
      },
      {
        "text": " la domiciliazione",
        "userDefined": false
      }
    ],
    "isTemplate": false,
    "count": 0,
    "lang": "it",
    "updated": 0
  },
  {
    "id": "71ccf120-5ec9-4d8d-baa8-c9af0c59d814",
    "data": [
      {
        "text": "per ",
        "userDefined": false
      },
      {
        "text": "attivare",
        "meta": "@attivazione",
        "alias": "attivazione",
        "userDefined": false
      }
    ],
    "isTemplate": false,
    "count": 0,
    "lang": "it",
    "updated": 0
  },
  {
    "id": "92df9aec-a501-428a-bad3-2a34adb73fdb",
    "data": [
      {
        "text": "per l\u0027 ",
        "userDefined": false
      },
      {
        "text": "attivazione",
        "meta": "@attivazione",
        "alias": "attivazione",
        "userDefined": false
      }
    ],
    "isTemplate": false,
    "count": 0,
    "lang": "it",
    "updated": 0
  },
  {
    "id": "33c60c70-8dce-4bdf-8fdf-8dc5938fbd3a",
    "data": [
      {
        "text": "per una ",
        "userDefined": false
      },
      {
        "text": "modifica",
        "meta": "@modifica",
        "alias": "modifica",
        "userDefined": false
      }
    ],
    "isTemplate": false,
    "count": 0,
    "lang": "it",
    "updated": 0
  },
  {
    "id": "abaa3d90-5abe-4e39-ad64-88aec0349a43",
    "data": [
      {
        "text": "per una ",
        "userDefined": false
      },
      {
        "text": "nuova",
        "meta": "@attivazione",
        "alias": "attivazione",
        "userDefined": false
      },
      {
        "text": " ",
        "userDefined": false
      },
      {
        "text": "richiesta",
        "meta": "@attivazione",
        "alias": "attivazione",
        "userDefined": false
      }
    ],
    "isTemplate": false,
    "count": 0,
    "lang": "it",
    "updated": 0
  },
  {
    "id": "4346cbc9-62ce-4de0-bef9-8f748ce2b70d",
    "data": [
      {
        "text": "devo farne una ",
        "userDefined": false
      },
      {
        "text": "nuova",
        "meta": "@attivazione",
        "alias": "attivazione",
        "userDefined": false
      }
    ],
    "isTemplate": false,
    "count": 0,
    "lang": "it",
    "updated": 0
  },
  {
    "id": "345f1f14-fa30-4d6c-9ff0-1b8554df882a",
    "data": [
      {
        "text": "voglio ",
        "userDefined": false
      },
      {
        "text": "attivarla",
        "meta": "@attivazione",
        "alias": "attivazione",
        "userDefined": false
      }
    ],
    "isTemplate": false,
    "count": 0,
    "lang": "it",
    "updated": 0
  },
  {
    "id": "fee7b743-1be0-4ab8-8d34-bf564adf4314",
    "data": [
      {
        "text": "devo ",
        "userDefined": false
      },
      {
        "text": "variarla",
        "meta": "@modifica",
        "alias": "modifica",
        "userDefined": false
      }
    ],
    "isTemplate": false,
    "count": 0,
    "lang": "it",
    "updated": 0
  },
  {
    "id": "7bc046f4-3eed-4cea-9d0c-9aa87e048ac6",
    "data": [
      {
        "text": "vorrei ",
        "userDefined": false
      },
      {
        "text": "cambiare",
        "meta": "@modifica",
        "alias": "modifica",
        "userDefined": false
      },
      {
        "text": " la domiciliazione della fattura",
        "userDefined": false
      }
    ],
    "isTemplate": false,
    "count": 0,
    "lang": "it",
    "updated": 0
  },
  {
    "id": "784e2ba0-7552-464c-8aa1-12d688b94ecc",
    "data": [
      {
        "text": "vorrei ",
        "userDefined": false
      },
      {
        "text": "attivare",
        "meta": "@attivazione",
        "alias": "attivazione",
        "userDefined": false
      },
      {
        "text": " la domiciliazione bancaria",
        "userDefined": false
      }
    ],
    "isTemplate": false,
    "count": 0,
    "lang": "it",
    "updated": 0
  },
  {
    "id": "8ac3691c-e797-4805-800b-47eeed2381e6",
    "data": [
      {
        "text": "voglio ",
        "userDefined": false
      },
      {
        "text": "cambiare",
        "meta": "@modifica",
        "alias": "modifica",
        "userDefined": false
      },
      {
        "text": " la domiciliazione bancaria",
        "userDefined": false
      }
    ],
    "isTemplate": false,
    "count": 0,
    "lang": "it",
    "updated": 0
  },
  {
    "id": "72ba4e9d-b96b-4e08-96fb-fb3f1603e378",
    "data": [
      {
        "text": "attivare",
        "meta": "@attivazione",
        "alias": "attivazione",
        "userDefined": false
      },
      {
        "text": " domiciliazione bancaria",
        "userDefined": false
      }
    ],
    "isTemplate": false,
    "count": 0,
    "lang": "it",
    "updated": 0
  },
  {
    "id": "c110eeb6-85f9-4cc0-9b22-ae4e314e28b5",
    "data": [
      {
        "text": "attivazione",
        "meta": "@attivazione",
        "alias": "attivazione",
        "userDefined": false
      },
      {
        "text": " domiciliazione",
        "userDefined": false
      }
    ],
    "isTemplate": false,
    "count": 0,
    "lang": "it",
    "updated": 0
  },
  {
    "id": "109359fa-92fd-49be-a067-7d0ef3639e28",
    "data": [
      {
        "text": "chiamo per ",
        "userDefined": false
      },
      {
        "text": "attivarla",
        "meta": "@attivazione",
        "alias": "attivazione",
        "userDefined": false
      }
    ],
    "isTemplate": false,
    "count": 0,
    "lang": "it",
    "updated": 0
  },
  {
    "id": "157ceef6-8c93-47d8-aca7-8c1f33f84156",
    "data": [
      {
        "text": "variazione",
        "meta": "@modifica",
        "alias": "modifica",
        "userDefined": false
      },
      {
        "text": " conto corrente della domiciliazione delle bollette",
        "userDefined": false
      }
    ],
    "isTemplate": false,
    "count": 0,
    "lang": "it",
    "updated": 0
  },
  {
    "id": "cb788d3a-78ad-461e-9b1e-55638afe332c",
    "data": [
      {
        "text": "modificare",
        "meta": "@modifica",
        "alias": "modifica",
        "userDefined": false
      },
      {
        "text": " la domiciliazione della fattura",
        "userDefined": false
      }
    ],
    "isTemplate": false,
    "count": 0,
    "lang": "it",
    "updated": 0
  },
  {
    "id": "60435ddd-06eb-47a2-abb6-31f52f4f292d",
    "data": [
      {
        "text": "e devo ",
        "userDefined": false
      },
      {
        "text": "variare",
        "meta": "@modifica",
        "alias": "modifica",
        "userDefined": false
      },
      {
        "text": " la domiciliazione bancaria",
        "userDefined": false
      }
    ],
    "isTemplate": false,
    "count": 0,
    "lang": "it",
    "updated": 0
  },
  {
    "id": "9ec79718-a10c-4c3e-ad1f-33a57cb45095",
    "data": [
      {
        "text": "debbo ",
        "userDefined": false
      },
      {
        "text": "cambiare",
        "meta": "@modifica",
        "alias": "modifica",
        "userDefined": false
      },
      {
        "text": " la domiciliazione di pagamento dare un nuovo iban",
        "userDefined": false
      }
    ],
    "isTemplate": false,
    "count": 0,
    "lang": "it",
    "updated": 0
  },
  {
    "id": "112cf4c9-e314-41a8-8120-bc5fff830c04",
    "data": [
      {
        "text": "cambio",
        "meta": "@modifica",
        "alias": "modifica",
        "userDefined": false
      },
      {
        "text": " domiciliazione bancaria",
        "userDefined": false
      }
    ],
    "isTemplate": false,
    "count": 0,
    "lang": "it",
    "updated": 0
  },
  {
    "id": "97a7896b-8905-445c-adaa-2a6b7467aece",
    "data": [
      {
        "text": "cambio",
        "meta": "@modifica",
        "alias": "modifica",
        "userDefined": false
      },
      {
        "text": " domiciliazione",
        "userDefined": false
      }
    ],
    "isTemplate": false,
    "count": 0,
    "lang": "it",
    "updated": 0
  },
  {
    "id": "44f103c0-dd54-4f20-a6f9-6e8699611d0d",
    "data": [
      {
        "text": "avrei bisogno di ",
        "userDefined": false
      },
      {
        "text": "cambiare",
        "meta": "@modifica",
        "alias": "modifica",
        "userDefined": false
      },
      {
        "text": " la domiciliazione bancaria",
        "userDefined": false
      }
    ],
    "isTemplate": false,
    "count": 0,
    "lang": "it",
    "updated": 0
  },
  {
    "id": "02d5f56a-c364-4f8c-a4f6-31c57104d383",
    "data": [
      {
        "text": "chiamo per ",
        "userDefined": false
      },
      {
        "text": "modificarla",
        "meta": "@modifica",
        "alias": "modifica",
        "userDefined": false
      }
    ],
    "isTemplate": false,
    "count": 0,
    "lang": "it",
    "updated": 0
  },
  {
    "id": "1b87d4cf-49d4-49be-931d-844e94b652ce",
    "data": [
      {
        "text": "voglio ",
        "userDefined": false
      },
      {
        "text": "cambiarla",
        "meta": "@modifica",
        "alias": "modifica",
        "userDefined": false
      }
    ],
    "isTemplate": false,
    "count": 0,
    "lang": "it",
    "updated": 0
  },
  {
    "id": "90e519b1-04e9-45ba-9fb0-920e800941c4",
    "data": [
      {
        "text": "voglio ",
        "userDefined": false
      },
      {
        "text": "cambiare",
        "meta": "@modifica",
        "alias": "modifica",
        "userDefined": false
      },
      {
        "text": " domicilio",
        "userDefined": false
      }
    ],
    "isTemplate": false,
    "count": 0,
    "lang": "it",
    "updated": 0
  },
  {
    "id": "03296842-1c18-4705-b9e2-3857b1a468a6",
    "data": [
      {
        "text": "voglio ",
        "userDefined": false
      },
      {
        "text": "modificare",
        "meta": "@modifica",
        "alias": "modifica",
        "userDefined": false
      },
      {
        "text": " il piano di domiciliazione",
        "userDefined": false
      }
    ],
    "isTemplate": false,
    "count": 0,
    "lang": "it",
    "updated": 0
  },
  {
    "id": "47ee6d11-2b1f-47c7-b474-6f36856fa7e3",
    "data": [
      {
        "text": "sto chiamando per una ",
        "userDefined": false
      },
      {
        "text": "nuova",
        "meta": "@attivazione",
        "alias": "attivazione",
        "userDefined": false
      },
      {
        "text": " domiciliazione",
        "userDefined": false
      }
    ],
    "isTemplate": false,
    "count": 0,
    "lang": "it",
    "updated": 0
  },
  {
    "id": "851cbe5c-76fd-46b2-9cd7-43086b22b2e8",
    "data": [
      {
        "text": "sto chiamando sempre per una nuova",
        "userDefined": false
      }
    ],
    "isTemplate": false,
    "count": 0,
    "lang": "it",
    "updated": 0
  },
  {
    "id": "14a2e2f6-5873-4d2c-b5cc-44168e89e717",
    "data": [
      {
        "text": "ti ho già detto che chiamo per una modifica",
        "userDefined": false
      }
    ],
    "isTemplate": false,
    "count": 0,
    "lang": "it",
    "updated": 0
  },
  {
    "id": "2e01ee8f-02ce-489e-b55a-78922d4994af",
    "data": [
      {
        "text": "per dare le nuove coordinate bancarie",
        "userDefined": false
      }
    ],
    "isTemplate": false,
    "count": 0,
    "lang": "it",
    "updated": 0
  },
  {
    "id": "2222484c-3042-4c61-b64e-ba0901fca682",
    "data": [
      {
        "text": "per indicare un altro iban",
        "userDefined": false
      }
    ],
    "isTemplate": false,
    "count": 0,
    "lang": "it",
    "updated": 0
  },
  {
    "id": "b8b8e384-d912-4bd7-8601-bbd2e0ea6ed7",
    "data": [
      {
        "text": "devo dare un altro iban",
        "userDefined": false
      }
    ],
    "isTemplate": false,
    "count": 0,
    "lang": "it",
    "updated": 0
  }
]