[
  {
    "id": "95b5c11e-cb30-4f00-9938-48af2aab8f7a",
    "data": [
      {
        "text": "ci",
        "userDefined": false
      }
    ],
    "isTemplate": false,
    "count": 0,
    "lang": "it",
    "updated": 0
  },
  {
    "id": "befa85b6-5572-47ee-b6dd-496e5455f68d",
    "data": [
      {
        "text": "sì sì",
        "userDefined": false
      }
    ],
    "isTemplate": false,
    "count": 0,
    "lang": "it",
    "updated": 0
  },
  {
    "id": "e2e07bfa-6559-4ba3-b420-a92a260450d4",
    "data": [
      {
        "text": "e",
        "userDefined": false
      }
    ],
    "isTemplate": false,
    "count": 0,
    "lang": "it",
    "updated": 0
  },
  {
    "id": "27ba82a9-f61a-4068-b606-9ba8084551d2",
    "data": [
      {
        "text": "se",
        "userDefined": false
      }
    ],
    "isTemplate": false,
    "count": 0,
    "lang": "it",
    "updated": 0
  },
  {
    "id": "bc9e658c-ae27-46e6-99fc-77b02d632ce5",
    "data": [
      {
        "text": "sì",
        "userDefined": false
      }
    ],
    "isTemplate": false,
    "count": 0,
    "lang": "it",
    "updated": 0
  },
  {
    "id": "083c441c-94ed-43b9-8026-91fe0a2e20c3",
    "data": [
      {
        "text": "devo fare ",
        "userDefined": false
      },
      {
        "text": "una prima",
        "userDefined": false
      },
      {
        "text": " rateizzazione",
        "userDefined": false
      }
    ],
    "isTemplate": false,
    "count": 0,
    "lang": "it",
    "updated": 0
  },
  {
    "id": "9e5bac80-2506-4de2-a04c-2f27f8d7de49",
    "data": [
      {
        "text": "devo rateizzare",
        "userDefined": false
      }
    ],
    "isTemplate": false,
    "count": 0,
    "lang": "it",
    "updated": 0
  },
  {
    "id": "31c6fe50-6cdd-4771-ac45-7c9c7c4d97ac",
    "data": [
      {
        "text": "devo rateizzare la bolletta",
        "userDefined": false
      }
    ],
    "isTemplate": false,
    "count": 0,
    "lang": "it",
    "updated": 0
  },
  {
    "id": "f154a621-af79-4575-9ea7-c294ccd9f6d4",
    "data": [
      {
        "text": "No ",
        "userDefined": false
      },
      {
        "text": "devo",
        "userDefined": false
      },
      {
        "text": " rateizzare ",
        "userDefined": false
      },
      {
        "text": "una",
        "userDefined": false
      },
      {
        "text": " bolletta",
        "userDefined": false
      }
    ],
    "isTemplate": false,
    "count": 0,
    "lang": "it",
    "updated": 0
  },
  {
    "id": "a2dae029-8311-4dab-ae0c-4b71f7d7211d",
    "data": [
      {
        "text": "No è ",
        "userDefined": false
      },
      {
        "text": "la",
        "userDefined": false
      },
      {
        "text": " ",
        "userDefined": false
      },
      {
        "text": "prima",
        "userDefined": false
      },
      {
        "text": " rateizzazione che voglio fare",
        "userDefined": false
      }
    ],
    "isTemplate": false,
    "count": 0,
    "lang": "it",
    "updated": 0
  },
  {
    "id": "1755abb4-c4ec-4c8e-a83c-a12664425c65",
    "data": [
      {
        "text": "No non è esistente",
        "userDefined": false
      }
    ],
    "isTemplate": false,
    "count": 0,
    "lang": "it",
    "updated": 0
  },
  {
    "id": "6b6b2796-9529-4db7-8319-043264dd23e2",
    "data": [
      {
        "text": "No per una ",
        "userDefined": false
      },
      {
        "text": "nuova",
        "meta": "@attivazione",
        "alias": "attivazione",
        "userDefined": true
      }
    ],
    "isTemplate": false,
    "count": 0,
    "lang": "it",
    "updated": 0
  },
  {
    "id": "a59c0dc1-c909-43c3-9fdd-4b2c6bf85e20",
    "data": [
      {
        "text": "vorrei ",
        "userDefined": false
      },
      {
        "text": "attivare",
        "meta": "@attivazione",
        "alias": "attivazione",
        "userDefined": false
      },
      {
        "text": " la rateizzazione del ",
        "userDefined": false
      },
      {
        "text": "gas",
        "meta": "@lead-type",
        "alias": "lead-type",
        "userDefined": false
      },
      {
        "text": " di mia ",
        "userDefined": false
      },
      {
        "text": "madre",
        "meta": "@delegato",
        "alias": "delegato",
        "userDefined": false
      }
    ],
    "isTemplate": false,
    "count": 0,
    "lang": "it",
    "updated": 0
  },
  {
    "id": "5a07058d-43bd-482b-87ed-e26cbf021227",
    "data": [
      {
        "text": "per una ",
        "userDefined": false
      },
      {
        "text": "nuova",
        "meta": "@attivazione",
        "alias": "attivazione",
        "userDefined": false
      },
      {
        "text": " rateizzazione del ",
        "userDefined": false
      },
      {
        "text": "gas",
        "meta": "@lead-type",
        "alias": "lead-type",
        "userDefined": false
      }
    ],
    "isTemplate": false,
    "count": 0,
    "lang": "it",
    "updated": 0
  },
  {
    "id": "48fd9be1-f0e7-4e09-a8c5-8501f2eb2f2b",
    "data": [
      {
        "text": "volevo una ",
        "userDefined": false
      },
      {
        "text": "nuova",
        "meta": "@attivazione",
        "alias": "attivazione",
        "userDefined": false
      },
      {
        "text": " dilazione del pagamento",
        "userDefined": false
      }
    ],
    "isTemplate": false,
    "count": 0,
    "lang": "it",
    "updated": 0
  },
  {
    "id": "496a4e7e-f1ab-48c2-bc0a-8ccdff60b606",
    "data": [
      {
        "text": "vorrei ",
        "userDefined": false
      },
      {
        "text": "attivare",
        "meta": "@attivazione",
        "alias": "attivazione",
        "userDefined": false
      },
      {
        "text": " il pagamento rateale",
        "userDefined": false
      }
    ],
    "isTemplate": false,
    "count": 0,
    "lang": "it",
    "updated": 0
  },
  {
    "id": "5aa3f5e5-d923-4aa3-82d8-be4dad9cc867",
    "data": [
      {
        "text": "debbo ",
        "userDefined": false
      },
      {
        "text": "attivare",
        "meta": "@attivazione",
        "alias": "attivazione",
        "userDefined": false
      },
      {
        "text": " il pagamento della bolletta a rate",
        "userDefined": false
      }
    ],
    "isTemplate": false,
    "count": 0,
    "lang": "it",
    "updated": 0
  },
  {
    "id": "854071b9-d888-4724-a832-9abb5ff7e0c0",
    "data": [
      {
        "text": "debbo ",
        "userDefined": false
      },
      {
        "text": "attivare",
        "meta": "@attivazione",
        "alias": "attivazione",
        "userDefined": false
      },
      {
        "text": " una rateizzazione",
        "userDefined": false
      }
    ],
    "isTemplate": false,
    "count": 0,
    "lang": "it",
    "updated": 0
  },
  {
    "id": "69b638a8-aeb3-4cb8-b391-1a4faaf23eb7",
    "data": [
      {
        "text": "debbo ",
        "userDefined": false
      },
      {
        "text": "attivare",
        "meta": "@attivazione",
        "alias": "attivazione",
        "userDefined": false
      },
      {
        "text": " un nuovo piano di rateizzazione",
        "userDefined": false
      }
    ],
    "isTemplate": false,
    "count": 0,
    "lang": "it",
    "updated": 0
  },
  {
    "id": "7bc33dca-13e7-4ea8-8334-06441f639259",
    "data": [
      {
        "text": "devo farne una ",
        "userDefined": false
      },
      {
        "text": "nuova",
        "meta": "@attivazione",
        "alias": "attivazione",
        "userDefined": false
      }
    ],
    "isTemplate": false,
    "count": 0,
    "lang": "it",
    "updated": 0
  },
  {
    "id": "ce152f6f-a975-41bf-8881-405fdfc287a4",
    "data": [
      {
        "text": "vorrei ",
        "userDefined": false
      },
      {
        "text": "attivare",
        "meta": "@attivazione",
        "alias": "attivazione",
        "userDefined": false
      },
      {
        "text": " una rateizzazione nuova",
        "userDefined": false
      }
    ],
    "isTemplate": false,
    "count": 0,
    "lang": "it",
    "updated": 0
  },
  {
    "id": "c892edb4-f8e2-4af8-94ff-fea5c9808581",
    "data": [
      {
        "text": "volevamo ",
        "userDefined": false
      },
      {
        "text": "attivare",
        "meta": "@attivazione",
        "alias": "attivazione",
        "userDefined": false
      },
      {
        "text": " una nuova rateizzazione",
        "userDefined": false
      }
    ],
    "isTemplate": false,
    "count": 0,
    "lang": "it",
    "updated": 0
  },
  {
    "id": "444dbb93-01d8-418e-bcc0-defe506704fa",
    "data": [
      {
        "text": "volevamo ",
        "userDefined": false
      },
      {
        "text": "attivare",
        "meta": "@attivazione",
        "alias": "attivazione",
        "userDefined": false
      },
      {
        "text": " una rateizzazione nuova",
        "userDefined": false
      }
    ],
    "isTemplate": false,
    "count": 0,
    "lang": "it",
    "updated": 0
  },
  {
    "id": "8ea0f6b2-42eb-4262-9ad4-f84da188481b",
    "data": [
      {
        "text": "vorrei ",
        "userDefined": false
      },
      {
        "text": "attivarla",
        "meta": "@attivazione",
        "alias": "attivazione",
        "userDefined": false
      }
    ],
    "isTemplate": false,
    "count": 0,
    "lang": "it",
    "updated": 0
  },
  {
    "id": "8d0193f0-7439-4685-be00-ca2481ded745",
    "data": [
      {
        "text": "volevo ",
        "userDefined": false
      },
      {
        "text": "attivarla",
        "meta": "@attivazione",
        "alias": "attivazione",
        "userDefined": false
      }
    ],
    "isTemplate": false,
    "count": 0,
    "lang": "it",
    "updated": 0
  },
  {
    "id": "0d084bdb-3111-4078-9e67-c41c6a0d70dd",
    "data": [
      {
        "text": "devo ",
        "userDefined": false
      },
      {
        "text": "attivarla",
        "meta": "@attivazione",
        "alias": "attivazione",
        "userDefined": false
      }
    ],
    "isTemplate": false,
    "count": 0,
    "lang": "it",
    "updated": 0
  },
  {
    "id": "9b900833-86b1-4c9f-b26a-31d18c7c7197",
    "data": [
      {
        "text": "mi serve l\u0027 ",
        "userDefined": false
      },
      {
        "text": "operatore",
        "meta": "@operatore",
        "alias": "operatore",
        "userDefined": false
      },
      {
        "text": " per un\u0027 ",
        "userDefined": false
      },
      {
        "text": "attivazione",
        "meta": "@attivazione",
        "alias": "attivazione",
        "userDefined": false
      }
    ],
    "isTemplate": false,
    "count": 0,
    "lang": "it",
    "updated": 0
  },
  {
    "id": "161a07a4-869b-431e-b9e5-221f4b826940",
    "data": [
      {
        "text": "volevo parlare per un ",
        "userDefined": false
      },
      {
        "text": "nuovo piano",
        "meta": "@attivazione",
        "alias": "attivazione",
        "userDefined": false
      }
    ],
    "isTemplate": false,
    "count": 0,
    "lang": "it",
    "updated": 0
  },
  {
    "id": "d069697e-25cb-493f-af72-a422b8969ef9",
    "data": [
      {
        "text": "nuovo piano",
        "meta": "@attivazione",
        "alias": "attivazione",
        "userDefined": false
      },
      {
        "text": " grazie",
        "userDefined": false
      }
    ],
    "isTemplate": false,
    "count": 0,
    "lang": "it",
    "updated": 0
  },
  {
    "id": "e25e0a90-61fb-4dda-aa83-12963a1ad8a8",
    "data": [
      {
        "text": "sì mi interessa una ",
        "userDefined": false
      },
      {
        "text": "nuova",
        "meta": "@attivazione",
        "alias": "attivazione",
        "userDefined": false
      },
      {
        "text": " rateizzazione",
        "userDefined": false
      }
    ],
    "isTemplate": false,
    "count": 0,
    "lang": "it",
    "updated": 0
  },
  {
    "id": "3d477c1a-6a09-4d70-8061-9094e4a3e427",
    "data": [
      {
        "text": "nuova",
        "meta": "@attivazione",
        "alias": "attivazione",
        "userDefined": false
      },
      {
        "text": " rateizzazione grazie",
        "userDefined": false
      }
    ],
    "isTemplate": false,
    "count": 0,
    "lang": "it",
    "updated": 0
  },
  {
    "id": "19bedc50-6106-473f-9ebf-5ba0535d8826",
    "data": [
      {
        "text": "chiamo per una ",
        "userDefined": false
      },
      {
        "text": "nuova",
        "meta": "@attivazione",
        "alias": "attivazione",
        "userDefined": false
      },
      {
        "text": " grazie",
        "userDefined": false
      }
    ],
    "isTemplate": false,
    "count": 0,
    "lang": "it",
    "updated": 0
  },
  {
    "id": "eba55ac9-d8c4-42ff-8414-ff9963adc3e5",
    "data": [
      {
        "text": "per un\u0027 ",
        "userDefined": false
      },
      {
        "text": "attivazione",
        "meta": "@attivazione",
        "alias": "attivazione",
        "userDefined": false
      },
      {
        "text": " grazie",
        "userDefined": false
      }
    ],
    "isTemplate": false,
    "count": 0,
    "lang": "it",
    "updated": 0
  },
  {
    "id": "9f7ee14e-7857-427f-8a2e-827969a30840",
    "data": [
      {
        "text": "sì vorrei ",
        "userDefined": false
      },
      {
        "text": "attivarne",
        "meta": "@attivazione",
        "alias": "attivazione",
        "userDefined": false
      },
      {
        "text": " una",
        "userDefined": false
      }
    ],
    "isTemplate": false,
    "count": 0,
    "lang": "it",
    "updated": 0
  },
  {
    "id": "c590ff1f-22a5-4800-8d11-4b672e0b6a67",
    "data": [
      {
        "text": "per farne una ",
        "userDefined": false
      },
      {
        "text": "nuova",
        "meta": "@attivazione",
        "alias": "attivazione",
        "userDefined": false
      }
    ],
    "isTemplate": false,
    "count": 0,
    "lang": "it",
    "updated": 0
  },
  {
    "id": "51da166a-4a02-4960-848c-4a964b7a404c",
    "data": [
      {
        "text": "e sì per ",
        "userDefined": false
      },
      {
        "text": "attivarla",
        "meta": "@attivazione",
        "alias": "attivazione",
        "userDefined": false
      }
    ],
    "isTemplate": false,
    "count": 0,
    "lang": "it",
    "updated": 0
  },
  {
    "id": "0564bf81-7903-49bf-a22e-0ccf4c47b294",
    "data": [
      {
        "text": "vorrei parlare con una ",
        "userDefined": false
      },
      {
        "text": "persona",
        "meta": "@operatore",
        "alias": "operatore",
        "userDefined": false
      },
      {
        "text": " per una ",
        "userDefined": false
      },
      {
        "text": "nuova",
        "meta": "@attivazione",
        "alias": "attivazione",
        "userDefined": false
      },
      {
        "text": " attivazione",
        "userDefined": false
      }
    ],
    "isTemplate": false,
    "count": 0,
    "lang": "it",
    "updated": 0
  },
  {
    "id": "a0197305-c3a7-4775-b85c-6d27f3bacbab",
    "data": [
      {
        "text": "devo parlare con qualcuno per l\u0027 ",
        "userDefined": false
      },
      {
        "text": "attivazione",
        "meta": "@attivazione",
        "alias": "attivazione",
        "userDefined": false
      }
    ],
    "isTemplate": false,
    "count": 0,
    "lang": "it",
    "updated": 0
  },
  {
    "id": "30b419fb-4d3f-49bd-969b-cd318701ca1d",
    "data": [
      {
        "text": "voglio parlare con un ",
        "userDefined": false
      },
      {
        "text": "operatore",
        "meta": "@operatore",
        "alias": "operatore",
        "userDefined": false
      },
      {
        "text": " per attivarne una ",
        "userDefined": false
      },
      {
        "text": "nuova",
        "meta": "@attivazione",
        "alias": "attivazione",
        "userDefined": false
      }
    ],
    "isTemplate": false,
    "count": 0,
    "lang": "it",
    "updated": 0
  },
  {
    "id": "be9e7e0f-2965-4ea5-93e8-30857ed8f4ee",
    "data": [
      {
        "text": "ho bisogno di una ",
        "userDefined": false
      },
      {
        "text": "nuova",
        "meta": "@attivazione",
        "alias": "attivazione",
        "userDefined": false
      },
      {
        "text": " rateizzazione",
        "userDefined": false
      }
    ],
    "isTemplate": false,
    "count": 0,
    "lang": "it",
    "updated": 0
  },
  {
    "id": "c0e8f45c-73f5-4a33-b942-5db54794e7be",
    "data": [
      {
        "text": "ho bisogno di ",
        "userDefined": false
      },
      {
        "text": "attivarla",
        "meta": "@attivazione",
        "alias": "attivazione",
        "userDefined": false
      }
    ],
    "isTemplate": false,
    "count": 0,
    "lang": "it",
    "updated": 0
  },
  {
    "id": "3d889b07-316d-4ef9-9ca5-348dd3418d3d",
    "data": [
      {
        "text": "chiamiamo per ",
        "userDefined": false
      },
      {
        "text": "attivarla",
        "meta": "@attivazione",
        "alias": "attivazione",
        "userDefined": false
      }
    ],
    "isTemplate": false,
    "count": 0,
    "lang": "it",
    "updated": 0
  },
  {
    "id": "bb68bc00-7776-462f-9bf1-7167ce2cd764",
    "data": [
      {
        "text": "chiamiamo per una ",
        "userDefined": false
      },
      {
        "text": "nuova",
        "meta": "@attivazione",
        "alias": "attivazione",
        "userDefined": false
      }
    ],
    "isTemplate": false,
    "count": 0,
    "lang": "it",
    "updated": 0
  },
  {
    "id": "546ab44d-c3a9-4a21-867e-a2b47103ba02",
    "data": [
      {
        "text": "chiamo per una ",
        "userDefined": false
      },
      {
        "text": "nuova",
        "meta": "@attivazione",
        "alias": "attivazione",
        "userDefined": false
      }
    ],
    "isTemplate": false,
    "count": 0,
    "lang": "it",
    "updated": 0
  },
  {
    "id": "fe76745e-1fab-4500-90f9-c9af58bc732d",
    "data": [
      {
        "text": "siamo per l\u0027 ",
        "userDefined": false
      },
      {
        "text": "attivazione",
        "meta": "@attivazione",
        "alias": "attivazione",
        "userDefined": false
      },
      {
        "text": " di una rateizzazione",
        "userDefined": false
      }
    ],
    "isTemplate": false,
    "count": 0,
    "lang": "it",
    "updated": 0
  },
  {
    "id": "e2dbcbcf-f24c-4d87-bd71-57ccd44fa960",
    "data": [
      {
        "text": "siamo per una ",
        "userDefined": false
      },
      {
        "text": "nuova",
        "meta": "@attivazione",
        "alias": "attivazione",
        "userDefined": false
      }
    ],
    "isTemplate": false,
    "count": 0,
    "lang": "it",
    "updated": 0
  },
  {
    "id": "e374b29f-dc56-4fb7-abac-8cd113bf789a",
    "data": [
      {
        "text": "e ne volevo ",
        "userDefined": false
      },
      {
        "text": "attivare",
        "meta": "@attivazione",
        "alias": "attivazione",
        "userDefined": false
      },
      {
        "text": " una nuova",
        "userDefined": false
      }
    ],
    "isTemplate": false,
    "count": 0,
    "lang": "it",
    "updated": 0
  },
  {
    "id": "51f1350a-6f37-46fd-aa9b-772bb4dd5248",
    "data": [
      {
        "text": "per ",
        "userDefined": false
      },
      {
        "text": "attivarla",
        "meta": "@attivazione",
        "alias": "attivazione",
        "userDefined": false
      }
    ],
    "isTemplate": false,
    "count": 0,
    "lang": "it",
    "updated": 0
  },
  {
    "id": "7b54e885-3e07-4947-8584-8a9019b00d58",
    "data": [
      {
        "text": "chiamo per ",
        "userDefined": false
      },
      {
        "text": "attivarla",
        "meta": "@attivazione",
        "alias": "attivazione",
        "userDefined": false
      }
    ],
    "isTemplate": false,
    "count": 0,
    "lang": "it",
    "updated": 0
  },
  {
    "id": "6b294323-5d90-46a7-b4ec-46e00a2ea624",
    "data": [
      {
        "text": "voglio ",
        "userDefined": false
      },
      {
        "text": "attivarla",
        "meta": "@attivazione",
        "alias": "attivazione",
        "userDefined": false
      }
    ],
    "isTemplate": false,
    "count": 0,
    "lang": "it",
    "updated": 0
  },
  {
    "id": "f58b516d-c42e-4fc1-b33d-a73d6808b5d1",
    "data": [
      {
        "text": "sì sì lucilla una nuova ",
        "userDefined": false
      },
      {
        "text": "attivazione",
        "meta": "@attivazione",
        "alias": "attivazione",
        "userDefined": false
      }
    ],
    "isTemplate": false,
    "count": 0,
    "lang": "it",
    "updated": 0
  },
  {
    "id": "9f52ceea-eb64-476d-964b-984e1d7d9e14",
    "data": [
      {
        "text": "lucilla chiamo per un ",
        "userDefined": false
      },
      {
        "text": "nuovo piano",
        "meta": "@attivazione",
        "alias": "attivazione",
        "userDefined": false
      },
      {
        "text": " grazie",
        "userDefined": false
      }
    ],
    "isTemplate": false,
    "count": 0,
    "lang": "it",
    "updated": 0
  },
  {
    "id": "8b70436b-cdff-4c4d-848b-b458e07c9848",
    "data": [
      {
        "text": "aeee come ho detto chiamo per una ",
        "userDefined": false
      },
      {
        "text": "nuova",
        "meta": "@attivazione",
        "alias": "attivazione",
        "userDefined": false
      },
      {
        "text": " rateizzazione",
        "userDefined": false
      }
    ],
    "isTemplate": false,
    "count": 0,
    "lang": "it",
    "updated": 0
  },
  {
    "id": "c3ffceed-927f-492c-b400-7ca144068f35",
    "data": [
      {
        "text": "voglio ",
        "userDefined": false
      },
      {
        "text": "attivare",
        "meta": "@attivazione",
        "alias": "attivazione",
        "userDefined": false
      },
      {
        "text": " la rateizzazione",
        "userDefined": false
      }
    ],
    "isTemplate": false,
    "count": 0,
    "lang": "it",
    "updated": 0
  },
  {
    "id": "0611b23e-884b-4cb2-94ed-2fed78e0a2e0",
    "data": [
      {
        "text": "voglio ",
        "userDefined": false
      },
      {
        "text": "richiedere",
        "meta": "@attivazione",
        "alias": "attivazione",
        "userDefined": false
      },
      {
        "text": " la rateizzazione",
        "userDefined": false
      }
    ],
    "isTemplate": false,
    "count": 0,
    "lang": "it",
    "updated": 0
  },
  {
    "id": "00a554a1-bdd6-4452-a546-f5292d6a00bc",
    "data": [
      {
        "text": "nuovo piano",
        "meta": "@attivazione",
        "alias": "attivazione",
        "userDefined": false
      },
      {
        "text": " di rateizzazione",
        "userDefined": false
      }
    ],
    "isTemplate": false,
    "count": 0,
    "lang": "it",
    "updated": 0
  },
  {
    "id": "5d7be5cc-142c-4f5a-8f2f-3092d813427a",
    "data": [
      {
        "text": "nuovo piano",
        "meta": "@attivazione",
        "alias": "attivazione",
        "userDefined": false
      }
    ],
    "isTemplate": false,
    "count": 0,
    "lang": "it",
    "updated": 0
  },
  {
    "id": "a44f8de7-d4bb-4b83-99f9-e52962f358f5",
    "data": [
      {
        "text": "attivare",
        "meta": "@attivazione",
        "alias": "attivazione",
        "userDefined": false
      },
      {
        "text": " rateizzazione",
        "userDefined": false
      }
    ],
    "isTemplate": false,
    "count": 0,
    "lang": "it",
    "updated": 0
  },
  {
    "id": "ebe734b0-d375-41b1-9a2b-1830c04240c2",
    "data": [
      {
        "text": "attivazione",
        "meta": "@attivazione",
        "alias": "attivazione",
        "userDefined": false
      }
    ],
    "isTemplate": false,
    "count": 0,
    "lang": "it",
    "updated": 0
  },
  {
    "id": "bb343903-4c27-4b4e-b530-43fe9f9c0478",
    "data": [
      {
        "text": "aspetta sì chiamo per ",
        "userDefined": false
      },
      {
        "text": "attivare",
        "meta": "@attivazione",
        "alias": "attivazione",
        "userDefined": false
      },
      {
        "text": " la rateizzazione",
        "userDefined": false
      }
    ],
    "isTemplate": false,
    "count": 0,
    "lang": "it",
    "updated": 0
  },
  {
    "id": "790ce971-42bc-4d1d-a4ee-8f676cb2ed9f",
    "data": [
      {
        "text": "no no chiamo per un ",
        "userDefined": false
      },
      {
        "text": "nuovo piano",
        "meta": "@attivazione",
        "alias": "attivazione",
        "userDefined": false
      }
    ],
    "isTemplate": false,
    "count": 0,
    "lang": "it",
    "updated": 0
  },
  {
    "id": "9d6cf8c0-9d8f-4903-aa5b-bd22d1c97004",
    "data": [
      {
        "text": "no aspetta chiamo per una ",
        "userDefined": false
      },
      {
        "text": "nuova",
        "meta": "@attivazione",
        "alias": "attivazione",
        "userDefined": false
      },
      {
        "text": " rateizzazione",
        "userDefined": false
      }
    ],
    "isTemplate": false,
    "count": 0,
    "lang": "it",
    "updated": 0
  },
  {
    "id": "a701b072-2dc1-4740-a784-a4681e461991",
    "data": [
      {
        "text": "sì sì chiamo per una nuova ",
        "userDefined": false
      },
      {
        "text": "attivazione",
        "meta": "@attivazione",
        "alias": "attivazione",
        "userDefined": false
      }
    ],
    "isTemplate": false,
    "count": 0,
    "lang": "it",
    "updated": 0
  },
  {
    "id": "0c037306-5996-465b-8a66-dcd0532a9813",
    "data": [
      {
        "text": "aeee ",
        "userDefined": false
      },
      {
        "text": "nuovo piano",
        "meta": "@attivazione",
        "alias": "attivazione",
        "userDefined": false
      }
    ],
    "isTemplate": false,
    "count": 0,
    "lang": "it",
    "updated": 0
  },
  {
    "id": "fd79508b-0161-4529-a4ed-f5b08cd2e278",
    "data": [
      {
        "text": "uffa già l\u0027ho detto voglio una ",
        "userDefined": false
      },
      {
        "text": "nuova",
        "meta": "@attivazione",
        "alias": "attivazione",
        "userDefined": false
      },
      {
        "text": " rateizzazione",
        "userDefined": false
      }
    ],
    "isTemplate": false,
    "count": 0,
    "lang": "it",
    "updated": 0
  },
  {
    "id": "b9117a62-e2ee-4bd1-9bbb-7f05477e8202",
    "data": [
      {
        "text": "allora sì un ",
        "userDefined": false
      },
      {
        "text": "nuovo piano",
        "meta": "@attivazione",
        "alias": "attivazione",
        "userDefined": false
      }
    ],
    "isTemplate": false,
    "count": 0,
    "lang": "it",
    "updated": 0
  },
  {
    "id": "48c581ea-7c65-4801-a80f-8bdfa2c9cc08",
    "data": [
      {
        "text": "sì come dicevo voglio ",
        "userDefined": false
      },
      {
        "text": "attivare",
        "meta": "@attivazione",
        "alias": "attivazione",
        "userDefined": false
      },
      {
        "text": " una nuova rateizzazione per casa di ",
        "userDefined": false
      },
      {
        "text": "zia",
        "meta": "@delegato",
        "alias": "delegato",
        "userDefined": false
      }
    ],
    "isTemplate": false,
    "count": 0,
    "lang": "it",
    "updated": 0
  },
  {
    "id": "d7204610-b0ae-41fa-90f6-4d5306da158c",
    "data": [
      {
        "text": "sì chiamo per un nuovo ",
        "userDefined": false
      },
      {
        "text": "piano",
        "meta": "@attivazione",
        "alias": "attivazione",
        "userDefined": false
      },
      {
        "text": " rate per mia ",
        "userDefined": false
      },
      {
        "text": "madre",
        "meta": "@delegato",
        "alias": "delegato",
        "userDefined": false
      }
    ],
    "isTemplate": false,
    "count": 0,
    "lang": "it",
    "updated": 0
  },
  {
    "id": "cbb67eb0-5048-4d19-a5fa-aef7a84902e2",
    "data": [
      {
        "text": "ho ricevuto una fattura e c\u0027è il messaggio che posso ",
        "userDefined": false
      },
      {
        "text": "richiedere",
        "meta": "@attivazione",
        "alias": "attivazione",
        "userDefined": false
      },
      {
        "text": " un piano di rateizzazione posso fare la richiesta telefonicamente?",
        "userDefined": false
      }
    ],
    "isTemplate": false,
    "count": 0,
    "lang": "it",
    "updated": 0
  },
  {
    "id": "b3a77e4f-446a-459e-9fd2-bad191beced6",
    "data": [
      {
        "text": "come dicevo ho ricevuto la fattura ma al momento non posso pagarla vorrei un ",
        "userDefined": false
      },
      {
        "text": "nuovo piano",
        "meta": "@attivazione",
        "alias": "attivazione",
        "userDefined": false
      }
    ],
    "isTemplate": false,
    "count": 0,
    "lang": "it",
    "updated": 0
  },
  {
    "id": "0d6a126e-d9e5-4e55-926c-90488e15b2d7",
    "data": [
      {
        "text": "sì allora ho ricevuto l\u0027ultima bolletta in ritardo già scaduta voglio pagarla con delle rate ",
        "userDefined": false
      },
      {
        "text": "nuova attivazione",
        "meta": "@attivazione",
        "alias": "attivazione",
        "userDefined": false
      }
    ],
    "isTemplate": false,
    "count": 0,
    "lang": "it",
    "updated": 0
  },
  {
    "id": "97a71816-f2bf-4725-9a51-f1da6f3fc856",
    "data": [
      {
        "text": "ho necessità di un ",
        "userDefined": false
      },
      {
        "text": "piano",
        "meta": "@attivazione",
        "alias": "attivazione",
        "userDefined": false
      },
      {
        "text": " di rateizzazione della bolletta lavori",
        "userDefined": false
      }
    ],
    "isTemplate": false,
    "count": 0,
    "lang": "it",
    "updated": 0
  },
  {
    "id": "c0a02370-dd03-46b8-9a72-74942369aec1",
    "data": [
      {
        "text": "sì dicevo che ho delle grosse difficoltà economiche e vorrei pagare l\u0027ultima bolletta con un ",
        "userDefined": false
      },
      {
        "text": "nuovo piano",
        "meta": "@attivazione",
        "alias": "attivazione",
        "userDefined": false
      },
      {
        "text": " di rate",
        "userDefined": false
      }
    ],
    "isTemplate": false,
    "count": 0,
    "lang": "it",
    "updated": 0
  },
  {
    "id": "88b4bc1b-d743-4c13-bfce-229900bf9bce",
    "data": [
      {
        "text": "è possibile  effettuare una ",
        "userDefined": false
      },
      {
        "text": "nuova",
        "meta": "@attivazione",
        "alias": "attivazione",
        "userDefined": false
      },
      {
        "text": " rateizzazione della fattura",
        "userDefined": false
      }
    ],
    "isTemplate": false,
    "count": 0,
    "lang": "it",
    "updated": 0
  },
  {
    "id": "cae2fdc9-f8af-49d2-ac87-946f8ecee687",
    "data": [
      {
        "text": "chiamo per accedere ad un ",
        "userDefined": false
      },
      {
        "text": "nuovo servizio",
        "meta": "@attivazione",
        "alias": "attivazione",
        "userDefined": false
      }
    ],
    "isTemplate": false,
    "count": 0,
    "lang": "it",
    "updated": 0
  },
  {
    "id": "55760e86-bf5c-4420-8659-11a8415002ef",
    "data": [
      {
        "text": "chiamo per una ",
        "userDefined": false
      },
      {
        "text": "nuova",
        "meta": "@attivazione",
        "alias": "attivazione",
        "userDefined": false
      },
      {
        "text": " rateizzazione",
        "userDefined": false
      }
    ],
    "isTemplate": false,
    "count": 0,
    "lang": "it",
    "updated": 0
  },
  {
    "id": "c5c87f34-d676-4dce-9929-c47b52d7adb4",
    "data": [
      {
        "text": "chiamo per un ",
        "userDefined": false
      },
      {
        "text": "nuovo piano",
        "meta": "@attivazione",
        "alias": "attivazione",
        "userDefined": false
      }
    ],
    "isTemplate": false,
    "count": 0,
    "lang": "it",
    "updated": 0
  },
  {
    "id": "cc8b6aa1-71ad-4134-871f-704ebd6de018",
    "data": [
      {
        "text": "chiamo per una nuova ",
        "userDefined": false
      },
      {
        "text": "attivazione",
        "meta": "@attivazione",
        "alias": "attivazione",
        "userDefined": false
      }
    ],
    "isTemplate": false,
    "count": 0,
    "lang": "it",
    "updated": 0
  },
  {
    "id": "5e718043-0433-4a1d-bfc3-62363265cc94",
    "data": [
      {
        "text": "nuova ",
        "userDefined": false
      },
      {
        "text": "attivazione",
        "meta": "@attivazione",
        "alias": "attivazione",
        "userDefined": false
      },
      {
        "text": " servizio di rateizzazione",
        "userDefined": false
      }
    ],
    "isTemplate": false,
    "count": 0,
    "lang": "it",
    "updated": 0
  },
  {
    "id": "c9d2bf16-8f2a-4718-aebe-d8ff6cf1b58e",
    "data": [
      {
        "text": "sì dicevo è da mesi che non ricevevo la bolletta e adesso è arrivata un botto quindi voglio ",
        "userDefined": false
      },
      {
        "text": "attivare",
        "meta": "@attivazione",
        "alias": "attivazione",
        "userDefined": false
      },
      {
        "text": " una rateizzaione",
        "userDefined": false
      }
    ],
    "isTemplate": false,
    "count": 0,
    "lang": "it",
    "updated": 0
  },
  {
    "id": "49c19116-dd2a-4467-814d-1e796a5cf52d",
    "data": [
      {
        "text": "dovrei rateizzare la bolletta con un ",
        "userDefined": false
      },
      {
        "text": "nuovo piano",
        "meta": "@attivazione",
        "alias": "attivazione",
        "userDefined": false
      }
    ],
    "isTemplate": false,
    "count": 0,
    "lang": "it",
    "updated": 0
  },
  {
    "id": "cd44faad-05e4-46ee-befa-40cbedda2911",
    "data": [
      {
        "text": "sì devo ",
        "userDefined": false
      },
      {
        "text": "attivare",
        "meta": "@attivazione",
        "alias": "attivazione",
        "userDefined": false
      },
      {
        "text": " la rateizzaione del conguaglio",
        "userDefined": false
      }
    ],
    "isTemplate": false,
    "count": 0,
    "lang": "it",
    "updated": 0
  },
  {
    "id": "d89efbf7-6ca7-447f-8481-5854d9f3557e",
    "data": [
      {
        "text": "richiedere",
        "meta": "@attivazione",
        "alias": "attivazione",
        "userDefined": false
      },
      {
        "text": " la rateizzazione",
        "userDefined": false
      }
    ],
    "isTemplate": false,
    "count": 0,
    "lang": "it",
    "updated": 0
  },
  {
    "id": "6ec5c851-cc1d-4a9f-94fd-a12a23d47695",
    "data": [
      {
        "text": "come posso accedere ad un ",
        "userDefined": false
      },
      {
        "text": "nuovo piano",
        "meta": "@attivazione",
        "alias": "attivazione",
        "userDefined": false
      },
      {
        "text": " di rateizzazione della bolletta?",
        "userDefined": false
      }
    ],
    "isTemplate": false,
    "count": 0,
    "lang": "it",
    "updated": 0
  },
  {
    "id": "ac4c1b74-5a20-4eca-930f-e3430756932a",
    "data": [
      {
        "text": "chiamo per una ",
        "userDefined": false
      },
      {
        "text": "nuova",
        "meta": "@attivazione",
        "alias": "attivazione",
        "userDefined": false
      },
      {
        "text": " rateizzazione della ",
        "userDefined": false
      },
      {
        "text": "luce",
        "meta": "@lead-type",
        "alias": "lead-type",
        "userDefined": false
      }
    ],
    "isTemplate": false,
    "count": 0,
    "lang": "it",
    "updated": 0
  },
  {
    "id": "3e0eb6db-cd3a-4a18-9f6d-3026ec04d08e",
    "data": [
      {
        "text": "sì chiedo un ",
        "userDefined": false
      },
      {
        "text": "nuovo",
        "meta": "@attivazione",
        "alias": "attivazione",
        "userDefined": false
      },
      {
        "text": " rateizzo della fattura di euro 2.854 perché troppo elevata",
        "userDefined": false
      }
    ],
    "isTemplate": false,
    "count": 0,
    "lang": "it",
    "updated": 0
  },
  {
    "id": "255e6564-a742-4226-a82f-64d1aa8f1fc4",
    "data": [
      {
        "text": "buongiorno volevo sapere se posso fare un ",
        "userDefined": false
      },
      {
        "text": "piano",
        "meta": "@attivazione",
        "alias": "attivazione",
        "userDefined": false
      },
      {
        "text": " rate per una bolletta di conguaglio.",
        "userDefined": false
      }
    ],
    "isTemplate": false,
    "count": 0,
    "lang": "it",
    "updated": 0
  },
  {
    "id": "f448e3d8-96e8-441d-9375-c39966b49e1e",
    "data": [
      {
        "text": "buongiorno volevo rateizzare una ",
        "userDefined": false
      },
      {
        "text": "nuova",
        "meta": "@attivazione",
        "alias": "attivazione",
        "userDefined": false
      },
      {
        "text": " fattura.",
        "userDefined": false
      }
    ],
    "isTemplate": false,
    "count": 0,
    "lang": "it",
    "updated": 0
  },
  {
    "id": "5ac1b010-c9e0-495f-ba39-3802eabd24f3",
    "data": [
      {
        "text": "buongiorno posso ",
        "userDefined": false
      },
      {
        "text": "accedere",
        "meta": "@attivazione",
        "alias": "attivazione",
        "userDefined": false
      },
      {
        "text": " al servizio di rateizzazione della fattura?",
        "userDefined": false
      }
    ],
    "isTemplate": false,
    "count": 0,
    "lang": "it",
    "updated": 0
  },
  {
    "id": "74a1a681-a020-4d6c-b8c9-4b1a2c2571ea",
    "data": [
      {
        "text": "a chi mi devo rivolgere per chiedere la ",
        "userDefined": false
      },
      {
        "text": "nuova",
        "meta": "@attivazione",
        "alias": "attivazione",
        "userDefined": false
      },
      {
        "text": " rateizzazione della bolletta",
        "userDefined": false
      }
    ],
    "isTemplate": false,
    "count": 0,
    "lang": "it",
    "updated": 0
  },
  {
    "id": "efae0cb2-b0d3-4963-a4a7-25cea07f36ee",
    "data": [
      {
        "text": "chiamo per ",
        "userDefined": false
      },
      {
        "text": "attivare",
        "meta": "@attivazione",
        "alias": "attivazione",
        "userDefined": false
      },
      {
        "text": " la rateizzazione",
        "userDefined": false
      }
    ],
    "isTemplate": false,
    "count": 0,
    "lang": "it",
    "updated": 0
  },
  {
    "id": "8976ee6b-fc3c-486e-93a2-8aa7b416da63",
    "data": [
      {
        "text": "voglio una ",
        "userDefined": false
      },
      {
        "text": "nuova",
        "meta": "@attivazione",
        "alias": "attivazione",
        "userDefined": false
      },
      {
        "text": " rateizzazione",
        "userDefined": false
      }
    ],
    "isTemplate": false,
    "count": 0,
    "lang": "it",
    "updated": 0
  },
  {
    "id": "8dbce2e8-737f-490d-bf20-3952ec16df88",
    "data": [
      {
        "text": "voglio attivare un ",
        "userDefined": false
      },
      {
        "text": "nuovo servizio",
        "meta": "@attivazione",
        "alias": "attivazione",
        "userDefined": false
      },
      {
        "text": " di rateizzazione",
        "userDefined": false
      }
    ],
    "isTemplate": false,
    "count": 0,
    "lang": "it",
    "updated": 0
  }
]