[
  {
    "id": "f2d3333d-cbb9-466e-95be-e75e77e4f975",
    "data": [
      {
        "text": "volevo parlare con ",
        "userDefined": false
      },
      {
        "text": "un",
        "userDefined": false
      },
      {
        "text": " collega",
        "userDefined": false
      }
    ],
    "isTemplate": false,
    "count": 0,
    "lang": "it",
    "updated": 0
  },
  {
    "id": "16d84518-47d7-48e3-8ba2-23103bb5662d",
    "data": [
      {
        "text": "Vorrei ",
        "userDefined": false
      },
      {
        "text": "una consulenza",
        "userDefined": false
      },
      {
        "text": " con ",
        "userDefined": false
      },
      {
        "text": "un",
        "userDefined": false
      },
      {
        "text": " operatore",
        "userDefined": false
      }
    ],
    "isTemplate": false,
    "count": 1,
    "lang": "it",
    "updated": 0
  },
  {
    "id": "6a1397cb-bcec-47b1-9004-d77b0484e627",
    "data": [
      {
        "text": "voglio comunicare con un ",
        "userDefined": false
      },
      {
        "text": "operatore",
        "meta": "@operatore",
        "alias": "operatore",
        "userDefined": false
      }
    ],
    "isTemplate": false,
    "count": 0,
    "lang": "it",
    "updated": 0
  },
  {
    "id": "04ca0ca2-e342-4641-a7e8-aeafa685000b",
    "data": [
      {
        "text": "voglio parlare con l\u0027 ",
        "userDefined": false
      },
      {
        "text": "assistente",
        "meta": "@operatore",
        "alias": "operatore",
        "userDefined": false
      },
      {
        "text": " di eni gas e luce",
        "userDefined": false
      }
    ],
    "isTemplate": false,
    "count": 0,
    "lang": "it",
    "updated": 0
  },
  {
    "id": "299e1fc0-590b-4450-bea4-d60013935acf",
    "data": [
      {
        "text": "voglio parlare con reparto ",
        "userDefined": false
      },
      {
        "text": "commerciale",
        "meta": "@operatore",
        "alias": "operatore",
        "userDefined": false
      }
    ],
    "isTemplate": false,
    "count": 0,
    "lang": "it",
    "updated": 0
  },
  {
    "id": "072d0a8d-f8ba-4502-adbd-162004c80608",
    "data": [
      {
        "text": "voglio parlare con un ",
        "userDefined": false
      },
      {
        "text": "collaboratore",
        "meta": "@operatore",
        "alias": "operatore",
        "userDefined": false
      },
      {
        "text": " di ieri",
        "userDefined": false
      }
    ],
    "isTemplate": false,
    "count": 0,
    "lang": "it",
    "updated": 0
  },
  {
    "id": "5dc160fb-0dbd-4055-aa2a-00984e56b767",
    "data": [
      {
        "text": "vorrei parlare con una ",
        "userDefined": false
      },
      {
        "text": "signorina",
        "meta": "@operatore",
        "alias": "operatore",
        "userDefined": false
      },
      {
        "text": " gentilmente",
        "userDefined": false
      }
    ],
    "isTemplate": false,
    "count": 0,
    "lang": "it",
    "updated": 0
  },
  {
    "id": "a9477b91-a2c7-4995-a0d2-763d8a747f25",
    "data": [
      {
        "text": "vorrei parlare con un vostro ",
        "userDefined": false
      },
      {
        "text": "dipendente",
        "meta": "@operatore",
        "alias": "operatore",
        "userDefined": false
      }
    ],
    "isTemplate": false,
    "count": 0,
    "lang": "it",
    "updated": 0
  },
  {
    "id": "6291d8fd-9c72-41ac-95c4-b6c28a748b4d",
    "data": [
      {
        "text": "passami per favore qualcuno dei vostri ",
        "userDefined": false
      },
      {
        "text": "dipendenti",
        "meta": "@operatore",
        "alias": "operatore",
        "userDefined": false
      }
    ],
    "isTemplate": false,
    "count": 0,
    "lang": "it",
    "updated": 0
  },
  {
    "id": "8e572357-b2cb-4c11-a5ef-96c24fa9abd8",
    "data": [
      {
        "text": "c\u0027è un ",
        "userDefined": false
      },
      {
        "text": "vero assistente telefonico",
        "meta": "@operatore",
        "alias": "operatore",
        "userDefined": false
      },
      {
        "text": " disponibile?",
        "userDefined": false
      }
    ],
    "isTemplate": false,
    "count": 0,
    "lang": "it",
    "updated": 0
  },
  {
    "id": "79be2061-41ef-403a-9d88-61bc538ce2b4",
    "data": [
      {
        "text": "mi passi un ",
        "userDefined": false
      },
      {
        "text": "operatore",
        "meta": "@operatore",
        "alias": "operatore",
        "userDefined": false
      },
      {
        "text": " per cortesia",
        "userDefined": false
      }
    ],
    "isTemplate": false,
    "count": 0,
    "lang": "it",
    "updated": 0
  },
  {
    "id": "d950533d-68b8-4157-b448-489717d99864",
    "data": [
      {
        "text": "la telefonata è già durata troppo passami un ",
        "userDefined": false
      },
      {
        "text": "operatore",
        "meta": "@operatore",
        "alias": "operatore",
        "userDefined": false
      }
    ],
    "isTemplate": false,
    "count": 0,
    "lang": "it",
    "updated": 0
  },
  {
    "id": "8b7faae4-6e0c-4677-b4d8-08c776a6500d",
    "data": [
      {
        "text": "non ho tempo da perdere passami un ",
        "userDefined": false
      },
      {
        "text": "impiegato",
        "meta": "@operatore",
        "alias": "operatore",
        "userDefined": false
      }
    ],
    "isTemplate": false,
    "count": 0,
    "lang": "it",
    "updated": 0
  },
  {
    "id": "0c159534-690b-491a-9d34-59dda3286a96",
    "data": [
      {
        "text": "io preferirei parlare con un vostro ",
        "userDefined": false
      },
      {
        "text": "impiegato",
        "meta": "@operatore",
        "alias": "operatore",
        "userDefined": false
      },
      {
        "text": " in realtà",
        "userDefined": false
      }
    ],
    "isTemplate": false,
    "count": 0,
    "lang": "it",
    "updated": 0
  },
  {
    "id": "125fef1d-d901-4e1d-a81c-810b91eedd00",
    "data": [
      {
        "text": "senti ma posso parlare direttamente con un vostro ",
        "userDefined": false
      },
      {
        "text": "impiegato",
        "meta": "@operatore",
        "alias": "operatore",
        "userDefined": false
      },
      {
        "text": " ?",
        "userDefined": false
      }
    ],
    "isTemplate": false,
    "count": 0,
    "lang": "it",
    "updated": 0
  },
  {
    "id": "4f7afcf8-d736-4ffb-a90c-14a768440f38",
    "data": [
      {
        "text": "senti ma mi puoi far parlare con gli ",
        "userDefined": false
      },
      {
        "text": "operatori",
        "meta": "@operatore",
        "alias": "operatore",
        "userDefined": false
      },
      {
        "text": " ?",
        "userDefined": false
      }
    ],
    "isTemplate": false,
    "count": 0,
    "lang": "it",
    "updated": 0
  },
  {
    "id": "6ea6fefd-3d54-48e3-89ff-e6445323a661",
    "data": [
      {
        "text": "mi sento più sicura a parlare con un ",
        "userDefined": false
      },
      {
        "text": "operatore",
        "meta": "@operatore",
        "alias": "operatore",
        "userDefined": false
      }
    ],
    "isTemplate": false,
    "count": 0,
    "lang": "it",
    "updated": 0
  },
  {
    "id": "c4382307-7518-4075-a1e1-2117243450c8",
    "data": [
      {
        "text": "ho dei problemi ma voglio parlarne con un ",
        "userDefined": false
      },
      {
        "text": "operatore",
        "meta": "@operatore",
        "alias": "operatore",
        "userDefined": false
      }
    ],
    "isTemplate": false,
    "count": 0,
    "lang": "it",
    "updated": 0
  },
  {
    "id": "5128acdb-e564-40e0-a3b1-1a654d0cff94",
    "data": [
      {
        "text": "preferisco sempre parlare con un ",
        "userDefined": false
      },
      {
        "text": "operatore",
        "meta": "@operatore",
        "alias": "operatore",
        "userDefined": false
      }
    ],
    "isTemplate": false,
    "count": 0,
    "lang": "it",
    "updated": 0
  },
  {
    "id": "f0291aa7-ce18-4426-a4a3-5c9f044f8cef",
    "data": [
      {
        "text": "è meglio se mi passi gli ",
        "userDefined": false
      },
      {
        "text": "operatori",
        "meta": "@operatore",
        "alias": "operatore",
        "userDefined": false
      }
    ],
    "isTemplate": false,
    "count": 0,
    "lang": "it",
    "updated": 0
  },
  {
    "id": "42a971cc-0b28-41f9-b6bf-aa2320524e7e",
    "data": [
      {
        "text": "tu non capisci passami un ",
        "userDefined": false
      },
      {
        "text": "operatore",
        "meta": "@operatore",
        "alias": "operatore",
        "userDefined": false
      }
    ],
    "isTemplate": false,
    "count": 0,
    "lang": "it",
    "updated": 0
  },
  {
    "id": "742ddeb4-33f9-4f91-b5cc-9608ee7865a7",
    "data": [
      {
        "text": "io lo voglio spiegare ad un ",
        "userDefined": false
      },
      {
        "text": "operatore",
        "meta": "@operatore",
        "alias": "operatore",
        "userDefined": false
      }
    ],
    "isTemplate": false,
    "count": 0,
    "lang": "it",
    "updated": 0
  },
  {
    "id": "5a3ad2e5-d1e4-40ed-9e55-f0d6823d6dd4",
    "data": [
      {
        "text": "mi dispiace ma lo spiego solo ad un ",
        "userDefined": false
      },
      {
        "text": "operatore",
        "meta": "@operatore",
        "alias": "operatore",
        "userDefined": false
      }
    ],
    "isTemplate": false,
    "count": 0,
    "lang": "it",
    "updated": 0
  },
  {
    "id": "5d1cb0fb-4586-4a22-8ad1-ec927d3a4be1",
    "data": [
      {
        "text": "guarda che non sei simpatica passami un ",
        "userDefined": false
      },
      {
        "text": "operatore",
        "meta": "@operatore",
        "alias": "operatore",
        "userDefined": false
      }
    ],
    "isTemplate": false,
    "count": 0,
    "lang": "it",
    "updated": 0
  },
  {
    "id": "9fafd877-bd4f-4356-8d48-dd9d644bc90d",
    "data": [
      {
        "text": "non mi piace come parli passami un ",
        "userDefined": false
      },
      {
        "text": "consulente",
        "meta": "@operatore",
        "alias": "operatore",
        "userDefined": false
      }
    ],
    "isTemplate": false,
    "count": 0,
    "lang": "it",
    "updated": 0
  },
  {
    "id": "3ec02129-9a8f-4623-af7c-748df15e660f",
    "data": [
      {
        "text": "non mi piace il tuo tono passami un ",
        "userDefined": false
      },
      {
        "text": "operatore",
        "meta": "@operatore",
        "alias": "operatore",
        "userDefined": false
      }
    ],
    "isTemplate": false,
    "count": 0,
    "lang": "it",
    "updated": 0
  },
  {
    "id": "5f8c0090-b8c3-4d5e-bb9f-cef305f60c12",
    "data": [
      {
        "text": "io voglio parlare con un ",
        "userDefined": false
      },
      {
        "text": "operatore",
        "meta": "@operatore",
        "alias": "operatore",
        "userDefined": false
      },
      {
        "text": " tu non capisci",
        "userDefined": false
      }
    ],
    "isTemplate": false,
    "count": 0,
    "lang": "it",
    "updated": 0
  },
  {
    "id": "01f724b3-8761-46f9-9546-5de80e077adf",
    "data": [
      {
        "text": "non mi sembra che tu capisca tanto preferisco parlare con un ",
        "userDefined": false
      },
      {
        "text": "operatore",
        "meta": "@operatore",
        "alias": "operatore",
        "userDefined": false
      }
    ],
    "isTemplate": false,
    "count": 0,
    "lang": "it",
    "updated": 0
  },
  {
    "id": "97da039a-4a5f-4caf-92ff-b74faac5cd45",
    "data": [
      {
        "text": "prima non hai neanche capito il mio numero cliente fammi parlare con un ",
        "userDefined": false
      },
      {
        "text": "operatore",
        "meta": "@operatore",
        "alias": "operatore",
        "userDefined": false
      }
    ],
    "isTemplate": false,
    "count": 0,
    "lang": "it",
    "updated": 0
  },
  {
    "id": "4a091101-e16b-40a5-9ec1-851c9bb7a36d",
    "data": [
      {
        "text": "tu non capisci quello che ti dico fammi parlare con una ",
        "userDefined": false
      },
      {
        "text": "persona",
        "meta": "@operatore",
        "alias": "operatore",
        "userDefined": false
      }
    ],
    "isTemplate": false,
    "count": 0,
    "lang": "it",
    "updated": 0
  },
  {
    "id": "ccae6987-17fb-4e07-b0c7-7d2d49b7d025",
    "data": [
      {
        "text": "siamo stati tanto al telefono e non hai capito quello che ti ho detto adesso voglio parlare con una ",
        "userDefined": false
      },
      {
        "text": "persona",
        "meta": "@operatore",
        "alias": "operatore",
        "userDefined": false
      }
    ],
    "isTemplate": false,
    "count": 0,
    "lang": "it",
    "updated": 0
  },
  {
    "id": "df09bc7f-9683-4d2b-bb81-6ce9f7f721d1",
    "data": [
      {
        "text": "sono già stufo che siamo al telefono da un po\u0027 fammi parlare con un ",
        "userDefined": false
      },
      {
        "text": "operatore",
        "meta": "@operatore",
        "alias": "operatore",
        "userDefined": false
      }
    ],
    "isTemplate": false,
    "count": 0,
    "lang": "it",
    "updated": 0
  },
  {
    "id": "db8fee02-6bbf-4fea-ab60-675c27d266ff",
    "data": [
      {
        "text": "mi hai già tenuto al telefono  minuti fammi parlare con un ",
        "userDefined": false
      },
      {
        "text": "operatore",
        "meta": "@operatore",
        "alias": "operatore",
        "userDefined": false
      }
    ],
    "isTemplate": false,
    "count": 0,
    "lang": "it",
    "updated": 0
  },
  {
    "id": "8fd0604e-776a-4777-8b79-5bdb0e8c3916",
    "data": [
      {
        "text": "non rompere e fammi parlare con un ",
        "userDefined": false
      },
      {
        "text": "operatore",
        "meta": "@operatore",
        "alias": "operatore",
        "userDefined": false
      }
    ],
    "isTemplate": false,
    "count": 0,
    "lang": "it",
    "updated": 0
  },
  {
    "id": "2ccf32af-5b8a-4bed-93a1-a5c18f0d825d",
    "data": [
      {
        "text": "senti ma fammi parlare con un ",
        "userDefined": false
      },
      {
        "text": "consulente",
        "meta": "@operatore",
        "alias": "operatore",
        "userDefined": false
      }
    ],
    "isTemplate": false,
    "count": 0,
    "lang": "it",
    "updated": 0
  },
  {
    "id": "723d5e0c-4e6b-4982-9ff4-a84939783c1a",
    "data": [
      {
        "text": "senti ma io voglio parlare con l\u0027 ",
        "userDefined": false
      },
      {
        "text": "operatore",
        "meta": "@operatore",
        "alias": "operatore",
        "userDefined": false
      }
    ],
    "isTemplate": false,
    "count": 0,
    "lang": "it",
    "updated": 0
  },
  {
    "id": "3809a570-e239-4c3e-9748-265d17acc5ee",
    "data": [
      {
        "text": "ma non ho voglia di stare a spiegarti passami un ",
        "userDefined": false
      },
      {
        "text": "operatore",
        "meta": "@operatore",
        "alias": "operatore",
        "userDefined": false
      }
    ],
    "isTemplate": false,
    "count": 0,
    "lang": "it",
    "updated": 0
  },
  {
    "id": "2cb2dea7-0401-4d4c-88b1-c76a9874e41c",
    "data": [
      {
        "text": "si fidi che p meglio se parlo con un ",
        "userDefined": false
      },
      {
        "text": "operatore",
        "meta": "@operatore",
        "alias": "operatore",
        "userDefined": false
      }
    ],
    "isTemplate": false,
    "count": 0,
    "lang": "it",
    "updated": 0
  },
  {
    "id": "89b3f5b4-8f38-4188-8557-aed7e9ed4116",
    "data": [
      {
        "text": "posso anche spiegare ma meglio se parlo con un ",
        "userDefined": false
      },
      {
        "text": "operatore",
        "meta": "@operatore",
        "alias": "operatore",
        "userDefined": false
      }
    ],
    "isTemplate": false,
    "count": 0,
    "lang": "it",
    "updated": 0
  },
  {
    "id": "fb58d61d-16c3-4aec-aaf2-fa5262292264",
    "data": [
      {
        "text": "eh va bene ma io voglio parlare con un ",
        "userDefined": false
      },
      {
        "text": "operatore",
        "meta": "@operatore",
        "alias": "operatore",
        "userDefined": false
      }
    ],
    "isTemplate": false,
    "count": 0,
    "lang": "it",
    "updated": 0
  },
  {
    "id": "b2d908c0-2f62-4ef7-8819-a26339d931a2",
    "data": [
      {
        "text": "di solito preferiso parlare direttamente con un ",
        "userDefined": false
      },
      {
        "text": "operatore",
        "meta": "@operatore",
        "alias": "operatore",
        "userDefined": false
      }
    ],
    "isTemplate": false,
    "count": 0,
    "lang": "it",
    "updated": 0
  },
  {
    "id": "791d30ac-979d-4aef-8b87-871f8c1a50d5",
    "data": [
      {
        "text": "voglio parlare con un ",
        "userDefined": false
      },
      {
        "text": "impiegato",
        "meta": "@operatore",
        "alias": "operatore",
        "userDefined": false
      },
      {
        "text": " del call center",
        "userDefined": false
      }
    ],
    "isTemplate": false,
    "count": 0,
    "lang": "it",
    "updated": 0
  },
  {
    "id": "1bf4c457-5154-4983-8bdd-b5819178340d",
    "data": [
      {
        "text": "voglio parlare con un ",
        "userDefined": false
      },
      {
        "text": "addetto",
        "meta": "@operatore",
        "alias": "operatore",
        "userDefined": false
      },
      {
        "text": " del call center",
        "userDefined": false
      }
    ],
    "isTemplate": false,
    "count": 0,
    "lang": "it",
    "updated": 0
  },
  {
    "id": "27df1f7d-d319-4368-b4a0-993069c55e3d",
    "data": [
      {
        "text": "esigo di parlare con un ",
        "userDefined": false
      },
      {
        "text": "operatore",
        "meta": "@operatore",
        "alias": "operatore",
        "userDefined": false
      }
    ],
    "isTemplate": false,
    "count": 0,
    "lang": "it",
    "updated": 0
  },
  {
    "id": "0d6bb343-2d25-45e3-80f0-965f4378c3ab",
    "data": [
      {
        "text": "passami subito un ",
        "userDefined": false
      },
      {
        "text": "operatore",
        "meta": "@operatore",
        "alias": "operatore",
        "userDefined": false
      }
    ],
    "isTemplate": false,
    "count": 0,
    "lang": "it",
    "updated": 0
  },
  {
    "id": "22b675b7-1603-44f8-ba70-42958ebe5aeb",
    "data": [
      {
        "text": "mi stanno venendo i nervi voglio un ",
        "userDefined": false
      },
      {
        "text": "essere umano",
        "meta": "@operatore",
        "alias": "operatore",
        "userDefined": false
      }
    ],
    "isTemplate": false,
    "count": 0,
    "lang": "it",
    "updated": 0
  },
  {
    "id": "718b742f-6804-4d91-a2fe-0dc95b23b6d2",
    "data": [
      {
        "text": "mi fai parlare con un ",
        "userDefined": false
      },
      {
        "text": "essere umano",
        "meta": "@operatore",
        "alias": "operatore",
        "userDefined": false
      },
      {
        "text": " ?",
        "userDefined": false
      }
    ],
    "isTemplate": false,
    "count": 0,
    "lang": "it",
    "updated": 0
  },
  {
    "id": "3ad7ef66-1cd2-4c50-9e15-669bf90677f8",
    "data": [
      {
        "text": "mi fai parlare con un ",
        "userDefined": false
      },
      {
        "text": "operatore",
        "meta": "@operatore",
        "alias": "operatore",
        "userDefined": false
      },
      {
        "text": " ?",
        "userDefined": false
      }
    ],
    "isTemplate": false,
    "count": 0,
    "lang": "it",
    "updated": 0
  },
  {
    "id": "67b99544-0132-4818-a025-5afcadb41e14",
    "data": [
      {
        "text": "mi fai parlare con una ",
        "userDefined": false
      },
      {
        "text": "persona",
        "meta": "@operatore",
        "alias": "operatore",
        "userDefined": false
      },
      {
        "text": " ?",
        "userDefined": false
      }
    ],
    "isTemplate": false,
    "count": 0,
    "lang": "it",
    "updated": 0
  },
  {
    "id": "ca8edada-857c-4c03-ba9f-5e8d7c6c050e",
    "data": [
      {
        "text": "passami una ",
        "userDefined": false
      },
      {
        "text": "persona",
        "meta": "@operatore",
        "alias": "operatore",
        "userDefined": false
      }
    ],
    "isTemplate": false,
    "count": 0,
    "lang": "it",
    "updated": 0
  },
  {
    "id": "8f48b8f5-e5a5-49e5-86d7-2bae470169ce",
    "data": [
      {
        "text": "passami il primo ",
        "userDefined": false
      },
      {
        "text": "consulente",
        "meta": "@operatore",
        "alias": "operatore",
        "userDefined": false
      },
      {
        "text": " disponibile",
        "userDefined": false
      }
    ],
    "isTemplate": false,
    "count": 0,
    "lang": "it",
    "updated": 0
  },
  {
    "id": "f088c972-ed4d-4f75-bf8b-18f338200b71",
    "data": [
      {
        "text": "voglio parlare direttamente con un ",
        "userDefined": false
      },
      {
        "text": "operatore",
        "meta": "@operatore",
        "alias": "operatore",
        "userDefined": false
      }
    ],
    "isTemplate": false,
    "count": 0,
    "lang": "it",
    "updated": 0
  },
  {
    "id": "0343193b-87bd-403e-a198-6cea06844872",
    "data": [
      {
        "text": "no io voglio un ",
        "userDefined": false
      },
      {
        "text": "operatore",
        "meta": "@operatore",
        "alias": "operatore",
        "userDefined": false
      }
    ],
    "isTemplate": false,
    "count": 0,
    "lang": "it",
    "updated": 0
  },
  {
    "id": "c0b71cdb-869c-43ad-80e4-8ece9784a108",
    "data": [
      {
        "text": "a me serve spiegarlo all\u0027 ",
        "userDefined": false
      },
      {
        "text": "operatore",
        "meta": "@operatore",
        "alias": "operatore",
        "userDefined": false
      }
    ],
    "isTemplate": false,
    "count": 0,
    "lang": "it",
    "updated": 0
  },
  {
    "id": "9de1102d-8119-4535-ac20-f3df4e213d24",
    "data": [
      {
        "text": "la cosa più facile è che lo spieghi direttamente all\u0027 ",
        "userDefined": false
      },
      {
        "text": "operatore",
        "meta": "@operatore",
        "alias": "operatore",
        "userDefined": false
      }
    ],
    "isTemplate": false,
    "count": 0,
    "lang": "it",
    "updated": 0
  },
  {
    "id": "a81135d5-c4a9-4b21-8499-a7b13f92c1ea",
    "data": [
      {
        "text": "è più semplice se lo spiego ad un ",
        "userDefined": false
      },
      {
        "text": "operatore",
        "meta": "@operatore",
        "alias": "operatore",
        "userDefined": false
      }
    ],
    "isTemplate": false,
    "count": 0,
    "lang": "it",
    "updated": 0
  },
  {
    "id": "c15cfcb3-b474-4d54-99a3-c0884496f3d1",
    "data": [
      {
        "text": "guardi mi sembra più semplice spiegarlo ad un ",
        "userDefined": false
      },
      {
        "text": "operatore",
        "meta": "@operatore",
        "alias": "operatore",
        "userDefined": false
      }
    ],
    "isTemplate": false,
    "count": 0,
    "lang": "it",
    "updated": 0
  },
  {
    "id": "a5f33c9c-26d3-490f-829f-d59504cdec45",
    "data": [
      {
        "text": "meglio se lo spiego direttamente ad un ",
        "userDefined": false
      },
      {
        "text": "operatore",
        "meta": "@operatore",
        "alias": "operatore",
        "userDefined": false
      }
    ],
    "isTemplate": false,
    "count": 0,
    "lang": "it",
    "updated": 0
  },
  {
    "id": "0b273454-1517-428b-a2a6-be88343b33aa",
    "data": [
      {
        "text": "vorrei parlarne con un ",
        "userDefined": false
      },
      {
        "text": "operatore",
        "meta": "@operatore",
        "alias": "operatore",
        "userDefined": false
      },
      {
        "text": " se possibile",
        "userDefined": false
      }
    ],
    "isTemplate": false,
    "count": 0,
    "lang": "it",
    "updated": 0
  },
  {
    "id": "67d6f56e-a7d8-4fda-814d-f8988c24b0a5",
    "data": [
      {
        "text": "sarebbe possibile un ",
        "userDefined": false
      },
      {
        "text": "operatore",
        "meta": "@operatore",
        "alias": "operatore",
        "userDefined": false
      },
      {
        "text": " ?",
        "userDefined": false
      }
    ],
    "isTemplate": false,
    "count": 0,
    "lang": "it",
    "updated": 0
  },
  {
    "id": "e93575b0-dd8d-4f08-a8a4-41a27030b734",
    "data": [
      {
        "text": "passatemi una ",
        "userDefined": false
      },
      {
        "text": "persona del call center",
        "meta": "@operatore",
        "alias": "operatore",
        "userDefined": false
      }
    ],
    "isTemplate": false,
    "count": 0,
    "lang": "it",
    "updated": 0
  },
  {
    "id": "6e7525e7-211b-4264-8d8d-99cee2fa4805",
    "data": [
      {
        "text": "preferisco che sia un ",
        "userDefined": false
      },
      {
        "text": "operatore",
        "meta": "@operatore",
        "alias": "operatore",
        "userDefined": false
      },
      {
        "text": " a servirmi",
        "userDefined": false
      }
    ],
    "isTemplate": false,
    "count": 0,
    "lang": "it",
    "updated": 0
  },
  {
    "id": "c10cd006-440d-4deb-975f-5f37db988ba7",
    "data": [
      {
        "text": "non so bene quale sia il mio problema. ho bisogno di un ",
        "userDefined": false
      },
      {
        "text": "operatore",
        "meta": "@operatore",
        "alias": "operatore",
        "userDefined": false
      }
    ],
    "isTemplate": false,
    "count": 0,
    "lang": "it",
    "updated": 0
  },
  {
    "id": "04c0a408-634c-40a7-9969-901d6c4a7210",
    "data": [
      {
        "text": "mi serve parlare con un ",
        "userDefined": false
      },
      {
        "text": "consulente",
        "meta": "@operatore",
        "alias": "operatore",
        "userDefined": false
      }
    ],
    "isTemplate": false,
    "count": 0,
    "lang": "it",
    "updated": 0
  },
  {
    "id": "6dfa82d1-0742-4708-9b06-c0842b1153a3",
    "data": [
      {
        "text": "l\u0027altro giorno ho chiamato e mi ha servito un\u0027 ",
        "userDefined": false
      },
      {
        "text": "operatrice",
        "meta": "@operatore",
        "alias": "operatore",
        "userDefined": false
      },
      {
        "text": " molto brava posso riparlare con lei?",
        "userDefined": false
      }
    ],
    "isTemplate": false,
    "count": 0,
    "lang": "it",
    "updated": 0
  },
  {
    "id": "b2262496-a4b1-44d0-8724-427bcb8bd079",
    "data": [
      {
        "text": "ma se volessi parlare con una ",
        "userDefined": false
      },
      {
        "text": "persona",
        "meta": "@operatore",
        "alias": "operatore",
        "userDefined": false
      },
      {
        "text": " ?",
        "userDefined": false
      }
    ],
    "isTemplate": false,
    "count": 0,
    "lang": "it",
    "updated": 0
  },
  {
    "id": "3aa1d390-acd2-4dca-a363-120ad62914cb",
    "data": [
      {
        "text": "ci sarebbe la possibilità di parlare con una ",
        "userDefined": false
      },
      {
        "text": "persona",
        "meta": "@operatore",
        "alias": "operatore",
        "userDefined": false
      },
      {
        "text": " ?",
        "userDefined": false
      }
    ],
    "isTemplate": false,
    "count": 0,
    "lang": "it",
    "updated": 0
  },
  {
    "id": "4ef68fc5-a572-4b74-b788-86bb0239d48b",
    "data": [
      {
        "text": "non ci sarebbe la possibilità di parlare con una ",
        "userDefined": false
      },
      {
        "text": "persona",
        "meta": "@operatore",
        "alias": "operatore",
        "userDefined": false
      },
      {
        "text": " ?",
        "userDefined": false
      }
    ],
    "isTemplate": false,
    "count": 0,
    "lang": "it",
    "updated": 0
  },
  {
    "id": "dad7a36f-2639-40f6-9782-13c9849d50f5",
    "data": [
      {
        "text": "mi serve una ",
        "userDefined": false
      },
      {
        "text": "persona umana",
        "meta": "@operatore",
        "alias": "operatore",
        "userDefined": false
      }
    ],
    "isTemplate": false,
    "count": 0,
    "lang": "it",
    "updated": 0
  },
  {
    "id": "f1ba6ab7-f121-4c98-b019-17c6a149ba2a",
    "data": [
      {
        "text": "mi serve un ",
        "userDefined": false
      },
      {
        "text": "essere umano",
        "meta": "@operatore",
        "alias": "operatore",
        "userDefined": false
      }
    ],
    "isTemplate": false,
    "count": 0,
    "lang": "it",
    "updated": 0
  },
  {
    "id": "b7701816-3f5b-40ef-a458-bde1ff88a7e0",
    "data": [
      {
        "text": "devo parlare con un ",
        "userDefined": false
      },
      {
        "text": "essere umano",
        "meta": "@operatore",
        "alias": "operatore",
        "userDefined": false
      }
    ],
    "isTemplate": false,
    "count": 0,
    "lang": "it",
    "updated": 0
  },
  {
    "id": "610641f8-3022-410e-a683-3b49c58e6721",
    "data": [
      {
        "text": "ho proprio bisogno di spiegarlo ad un ",
        "userDefined": false
      },
      {
        "text": "operatore",
        "meta": "@operatore",
        "alias": "operatore",
        "userDefined": false
      }
    ],
    "isTemplate": false,
    "count": 0,
    "lang": "it",
    "updated": 0
  },
  {
    "id": "0a9964b1-adba-4142-8be5-acfb02d77b3c",
    "data": [
      {
        "text": "io non vorrei offendere però posso parlare con un ",
        "userDefined": false
      },
      {
        "text": "essere umano",
        "meta": "@operatore",
        "alias": "operatore",
        "userDefined": false
      },
      {
        "text": " ?",
        "userDefined": false
      }
    ],
    "isTemplate": false,
    "count": 0,
    "lang": "it",
    "updated": 0
  },
  {
    "id": "2df42476-d620-4c86-adf3-530fc5ea43fb",
    "data": [
      {
        "text": "mi sento a disagio posso parlare con una ",
        "userDefined": false
      },
      {
        "text": "persona",
        "meta": "@operatore",
        "alias": "operatore",
        "userDefined": false
      },
      {
        "text": " ?",
        "userDefined": false
      }
    ],
    "isTemplate": false,
    "count": 0,
    "lang": "it",
    "updated": 0
  },
  {
    "id": "384c8f47-7896-4438-bbf1-82817757dc96",
    "data": [
      {
        "text": "mi sento più a mio agio se parlo con una ",
        "userDefined": false
      },
      {
        "text": "persona",
        "meta": "@operatore",
        "alias": "operatore",
        "userDefined": false
      }
    ],
    "isTemplate": false,
    "count": 0,
    "lang": "it",
    "updated": 0
  },
  {
    "id": "f663c3a0-37d8-4a30-b949-20852cccd280",
    "data": [
      {
        "text": "preferisco parlare con una ",
        "userDefined": false
      },
      {
        "text": "persona",
        "meta": "@operatore",
        "alias": "operatore",
        "userDefined": false
      }
    ],
    "isTemplate": false,
    "count": 0,
    "lang": "it",
    "updated": 0
  },
  {
    "id": "762f2ace-d257-4768-87be-9ef9bc5425e7",
    "data": [
      {
        "text": "ho bisogno di una ",
        "userDefined": false
      },
      {
        "text": "persona",
        "meta": "@operatore",
        "alias": "operatore",
        "userDefined": false
      }
    ],
    "isTemplate": false,
    "count": 0,
    "lang": "it",
    "updated": 0
  },
  {
    "id": "e77827d0-d512-487f-af01-aa2568f9a548",
    "data": [
      {
        "text": "ho bisogno di parlare con un ",
        "userDefined": false
      },
      {
        "text": "consulente",
        "meta": "@operatore",
        "alias": "operatore",
        "userDefined": false
      }
    ],
    "isTemplate": false,
    "count": 0,
    "lang": "it",
    "updated": 0
  },
  {
    "id": "e363bf6b-9f9a-4326-9895-3b50acdc455d",
    "data": [
      {
        "text": "devo parlare con un ",
        "userDefined": false
      },
      {
        "text": "operatore",
        "meta": "@operatore",
        "alias": "operatore",
        "userDefined": false
      }
    ],
    "isTemplate": false,
    "count": 0,
    "lang": "it",
    "updated": 0
  },
  {
    "id": "f4b0deb7-4ae7-4ea9-8759-d8737e28996b",
    "data": [
      {
        "text": "non io devo parlare con un ",
        "userDefined": false
      },
      {
        "text": "operatore",
        "meta": "@operatore",
        "alias": "operatore",
        "userDefined": false
      }
    ],
    "isTemplate": false,
    "count": 0,
    "lang": "it",
    "updated": 0
  },
  {
    "id": "f36e1e38-13bf-4f78-bfdc-51346e46db63",
    "data": [
      {
        "text": "posso parlare con lo stesso ",
        "userDefined": false
      },
      {
        "text": "operatore",
        "meta": "@operatore",
        "alias": "operatore",
        "userDefined": false
      },
      {
        "text": " di ieri?",
        "userDefined": false
      }
    ],
    "isTemplate": false,
    "count": 0,
    "lang": "it",
    "updated": 0
  },
  {
    "id": "f251f93f-a0d4-46e3-8cc7-e82644c8e15a",
    "data": [
      {
        "text": "ieri ho parlato con una ",
        "userDefined": false
      },
      {
        "text": "persona",
        "meta": "@operatore",
        "alias": "operatore",
        "userDefined": false
      },
      {
        "text": " posso parlare ancora con lei?",
        "userDefined": false
      }
    ],
    "isTemplate": false,
    "count": 0,
    "lang": "it",
    "updated": 0
  },
  {
    "id": "2a76540f-212a-4977-8740-39fe694bf848",
    "data": [
      {
        "text": "io sono di fretta preferisco un ",
        "userDefined": false
      },
      {
        "text": "operatore",
        "meta": "@operatore",
        "alias": "operatore",
        "userDefined": false
      }
    ],
    "isTemplate": false,
    "count": 0,
    "lang": "it",
    "updated": 0
  },
  {
    "id": "3db9480c-ebb3-4e20-b600-803764e79e10",
    "data": [
      {
        "text": "non ho tempo passami un ",
        "userDefined": false
      },
      {
        "text": "operatore",
        "meta": "@operatore",
        "alias": "operatore",
        "userDefined": false
      }
    ],
    "isTemplate": false,
    "count": 0,
    "lang": "it",
    "updated": 0
  },
  {
    "id": "8bfc61ca-5bd4-44f4-bc7e-8d1963115f7c",
    "data": [
      {
        "text": "guardi io avrei premura non posso parlare con un ",
        "userDefined": false
      },
      {
        "text": "operatore",
        "meta": "@operatore",
        "alias": "operatore",
        "userDefined": false
      },
      {
        "text": " ?",
        "userDefined": false
      }
    ],
    "isTemplate": false,
    "count": 0,
    "lang": "it",
    "updated": 0
  },
  {
    "id": "f343f2ce-60d6-4531-a5e4-c6a060f24803",
    "data": [
      {
        "text": "preferisco parlare direttamente con una ",
        "userDefined": false
      },
      {
        "text": "persona",
        "meta": "@operatore",
        "alias": "operatore",
        "userDefined": false
      },
      {
        "text": " del call center",
        "userDefined": false
      }
    ],
    "isTemplate": false,
    "count": 0,
    "lang": "it",
    "updated": 0
  },
  {
    "id": "b1317769-4822-4f57-add7-e6ca82bf1f75",
    "data": [
      {
        "text": "ho bisogno una delle ",
        "userDefined": false
      },
      {
        "text": "persone del call center",
        "meta": "@operatore",
        "alias": "operatore",
        "userDefined": false
      }
    ],
    "isTemplate": false,
    "count": 0,
    "lang": "it",
    "updated": 0
  },
  {
    "id": "08295c95-51f7-499d-9a55-bb96e8ad159e",
    "data": [
      {
        "text": "mi serve parlare con un ",
        "userDefined": false
      },
      {
        "text": "addetto",
        "meta": "@operatore",
        "alias": "operatore",
        "userDefined": false
      },
      {
        "text": " del call centre",
        "userDefined": false
      }
    ],
    "isTemplate": false,
    "count": 0,
    "lang": "it",
    "updated": 0
  },
  {
    "id": "a468a436-843e-4862-90f0-dcf2e82bfbfe",
    "data": [
      {
        "text": "mi serve parlare con una ",
        "userDefined": false
      },
      {
        "text": "persona",
        "meta": "@operatore",
        "alias": "operatore",
        "userDefined": false
      }
    ],
    "isTemplate": false,
    "count": 0,
    "lang": "it",
    "updated": 0
  },
  {
    "id": "2091a0fc-5e45-42c8-a846-134a8dfa658e",
    "data": [
      {
        "text": "devo parlare con una ",
        "userDefined": false
      },
      {
        "text": "persona",
        "meta": "@operatore",
        "alias": "operatore",
        "userDefined": false
      }
    ],
    "isTemplate": false,
    "count": 0,
    "lang": "it",
    "updated": 0
  },
  {
    "id": "8a2d9961-f3d3-41d2-8264-0e7c71057e1f",
    "data": [
      {
        "text": "voglio parlare con un ",
        "userDefined": false
      },
      {
        "text": "consulente",
        "meta": "@operatore",
        "alias": "operatore",
        "userDefined": false
      }
    ],
    "isTemplate": false,
    "count": 0,
    "lang": "it",
    "updated": 0
  },
  {
    "id": "67931871-d8c0-4cd3-b9a3-5691495a16b6",
    "data": [
      {
        "text": "ho bisogno di un ",
        "userDefined": false
      },
      {
        "text": "operatore",
        "meta": "@operatore",
        "alias": "operatore",
        "userDefined": false
      }
    ],
    "isTemplate": false,
    "count": 0,
    "lang": "it",
    "updated": 0
  },
  {
    "id": "13e9c55e-f690-48ea-9341-e7a34d003cf5",
    "data": [
      {
        "text": "mi serve parlare con un ",
        "userDefined": false
      },
      {
        "text": "operatore",
        "meta": "@operatore",
        "alias": "operatore",
        "userDefined": false
      }
    ],
    "isTemplate": false,
    "count": 0,
    "lang": "it",
    "updated": 0
  },
  {
    "id": "ebdc959f-3d05-4c63-8617-c505898b4d2f",
    "data": [
      {
        "text": "passami un ",
        "userDefined": false
      },
      {
        "text": "addetto",
        "meta": "@operatore",
        "alias": "operatore",
        "userDefined": false
      },
      {
        "text": " al call center",
        "userDefined": false
      }
    ],
    "isTemplate": false,
    "count": 0,
    "lang": "it",
    "updated": 0
  },
  {
    "id": "a5f0f17f-c746-442c-9082-27bf3b42de4f",
    "data": [
      {
        "text": "passami un ",
        "userDefined": false
      },
      {
        "text": "operatore",
        "meta": "@operatore",
        "alias": "operatore",
        "userDefined": false
      }
    ],
    "isTemplate": false,
    "count": 0,
    "lang": "it",
    "updated": 0
  },
  {
    "id": "c9b22506-66b1-47a4-a1dd-2efe4609d3e7",
    "data": [
      {
        "text": "voglio una ",
        "userDefined": false
      },
      {
        "text": "persona",
        "meta": "@operatore",
        "alias": "operatore",
        "userDefined": false
      }
    ],
    "isTemplate": false,
    "count": 0,
    "lang": "it",
    "updated": 0
  },
  {
    "id": "05e9f006-3e47-493e-957b-0730ebf540b1",
    "data": [
      {
        "text": "un ",
        "userDefined": false
      },
      {
        "text": "operatore",
        "meta": "@operatore",
        "alias": "operatore",
        "userDefined": false
      },
      {
        "text": " mi ha detto di ricontattarvi",
        "userDefined": false
      }
    ],
    "isTemplate": false,
    "count": 0,
    "lang": "it",
    "updated": 0
  },
  {
    "id": "50397dd3-a42d-4014-a63e-44af8fc1a350",
    "data": [
      {
        "text": "vorrei parlare con un ",
        "userDefined": false
      },
      {
        "text": "addetto",
        "meta": "@operatore",
        "alias": "operatore",
        "userDefined": false
      }
    ],
    "isTemplate": false,
    "count": 0,
    "lang": "it",
    "updated": 0
  },
  {
    "id": "bc362bbd-0947-484e-a7ee-db340fadfc18",
    "data": [
      {
        "text": "fammi parlare con una ",
        "userDefined": false
      },
      {
        "text": "persona",
        "meta": "@operatore",
        "alias": "operatore",
        "userDefined": false
      }
    ],
    "isTemplate": false,
    "count": 0,
    "lang": "it",
    "updated": 0
  },
  {
    "id": "ff3dc44e-dd25-4c1d-9214-937d2a1d6056",
    "data": [
      {
        "text": "non è possibile parlare con una ",
        "userDefined": false
      },
      {
        "text": "persona",
        "meta": "@operatore",
        "alias": "operatore",
        "userDefined": false
      },
      {
        "text": " ?",
        "userDefined": false
      }
    ],
    "isTemplate": false,
    "count": 0,
    "lang": "it",
    "updated": 0
  },
  {
    "id": "cc114c3e-a0ad-4306-9ceb-0cb2fa6ffcce",
    "data": [
      {
        "text": "non è possiibile parlare con un ",
        "userDefined": false
      },
      {
        "text": "operatore",
        "meta": "@operatore",
        "alias": "operatore",
        "userDefined": false
      },
      {
        "text": " ?",
        "userDefined": false
      }
    ],
    "isTemplate": false,
    "count": 0,
    "lang": "it",
    "updated": 0
  },
  {
    "id": "9f09635b-2691-4298-8282-2958ca22c248",
    "data": [
      {
        "text": "ma un ",
        "userDefined": false
      },
      {
        "text": "operatore",
        "meta": "@operatore",
        "alias": "operatore",
        "userDefined": false
      },
      {
        "text": " ?",
        "userDefined": false
      }
    ],
    "isTemplate": false,
    "count": 0,
    "lang": "it",
    "updated": 0
  },
  {
    "id": "cf19a49e-8d88-4135-b0e5-48364c81ee1f",
    "data": [
      {
        "text": "persona vera",
        "meta": "@operatore",
        "alias": "operatore",
        "userDefined": false
      }
    ],
    "isTemplate": false,
    "count": 0,
    "lang": "it",
    "updated": 0
  },
  {
    "id": "9904adfa-b983-46b6-baed-e9a17a700ac0",
    "data": [
      {
        "text": "operatore umano",
        "meta": "@operatore",
        "alias": "operatore",
        "userDefined": false
      }
    ],
    "isTemplate": false,
    "count": 0,
    "lang": "it",
    "updated": 0
  },
  {
    "id": "ae248d31-ceca-44f1-a8c3-ea043ce09e2b",
    "data": [
      {
        "text": "persona umana",
        "meta": "@operatore",
        "alias": "operatore",
        "userDefined": false
      }
    ],
    "isTemplate": false,
    "count": 0,
    "lang": "it",
    "updated": 0
  },
  {
    "id": "8a36c0c1-c21c-48f8-8456-089884337765",
    "data": [
      {
        "text": "persona",
        "meta": "@operatore",
        "alias": "operatore",
        "userDefined": false
      }
    ],
    "isTemplate": false,
    "count": 0,
    "lang": "it",
    "updated": 0
  },
  {
    "id": "2eb23e59-1115-4f2c-82c4-9c5d0420fba8",
    "data": [
      {
        "text": "una ",
        "userDefined": false
      },
      {
        "text": "persona",
        "meta": "@operatore",
        "alias": "operatore",
        "userDefined": false
      }
    ],
    "isTemplate": false,
    "count": 0,
    "lang": "it",
    "updated": 0
  },
  {
    "id": "822d306d-440a-4c47-bcdf-98cba3137ee1",
    "data": [
      {
        "text": "si può parlare con un ",
        "userDefined": false
      },
      {
        "text": "operatore umano",
        "meta": "@operatore",
        "alias": "operatore",
        "userDefined": false
      },
      {
        "text": " ?",
        "userDefined": false
      }
    ],
    "isTemplate": false,
    "count": 0,
    "lang": "it",
    "updated": 0
  },
  {
    "id": "27c412d9-f92d-4756-b475-afe49c8bc814",
    "data": [
      {
        "text": "non si può parlare con una ",
        "userDefined": false
      },
      {
        "text": "persona",
        "meta": "@operatore",
        "alias": "operatore",
        "userDefined": false
      },
      {
        "text": " ?",
        "userDefined": false
      }
    ],
    "isTemplate": false,
    "count": 0,
    "lang": "it",
    "updated": 0
  },
  {
    "id": "ab57a1a6-9ed6-4009-935c-40f6f1a43d98",
    "data": [
      {
        "text": "non si può parlare con un ",
        "userDefined": false
      },
      {
        "text": "operatore",
        "meta": "@operatore",
        "alias": "operatore",
        "userDefined": false
      },
      {
        "text": " ?",
        "userDefined": false
      }
    ],
    "isTemplate": false,
    "count": 0,
    "lang": "it",
    "updated": 0
  },
  {
    "id": "c950bebf-8f07-4915-85da-4a4046b5cd39",
    "data": [
      {
        "text": "ho parlato con un ",
        "userDefined": false
      },
      {
        "text": "operatore",
        "meta": "@operatore",
        "alias": "operatore",
        "userDefined": false
      },
      {
        "text": " poco fa mi ha detto lui di richiamarlo",
        "userDefined": false
      }
    ],
    "isTemplate": false,
    "count": 0,
    "lang": "it",
    "updated": 0
  },
  {
    "id": "b820898f-bdb5-4ffd-af2f-c95ce8902386",
    "data": [
      {
        "text": "ho già parlato con un ",
        "userDefined": false
      },
      {
        "text": "operatore",
        "meta": "@operatore",
        "alias": "operatore",
        "userDefined": false
      },
      {
        "text": " che mi ha detto di richiamare",
        "userDefined": false
      }
    ],
    "isTemplate": false,
    "count": 0,
    "lang": "it",
    "updated": 0
  },
  {
    "id": "3319d814-4c85-4366-b019-7bbef88f1efe",
    "data": [
      {
        "text": "no guardi io ho già chiamato  e avevo parlato con un vostro ",
        "userDefined": false
      },
      {
        "text": "operatore",
        "meta": "@operatore",
        "alias": "operatore",
        "userDefined": false
      }
    ],
    "isTemplate": false,
    "count": 0,
    "lang": "it",
    "updated": 0
  },
  {
    "id": "6b467525-a0a4-4910-a692-dc6473e15dd4",
    "data": [
      {
        "text": "preferirei parlare con un ",
        "userDefined": false
      },
      {
        "text": "incaricato",
        "meta": "@operatore",
        "alias": "operatore",
        "userDefined": false
      }
    ],
    "isTemplate": false,
    "count": 0,
    "lang": "it",
    "updated": 0
  },
  {
    "id": "e21e7608-534f-40fe-aa44-c0f872fbcbcb",
    "data": [
      {
        "text": "posso parlare con un ",
        "userDefined": false
      },
      {
        "text": "incaricato",
        "meta": "@operatore",
        "alias": "operatore",
        "userDefined": false
      },
      {
        "text": " ?",
        "userDefined": false
      }
    ],
    "isTemplate": false,
    "count": 0,
    "lang": "it",
    "updated": 0
  },
  {
    "id": "206aeb4d-9906-4bc8-8fac-af8d36e079df",
    "data": [
      {
        "text": "no io devo parlare con una ",
        "userDefined": false
      },
      {
        "text": "persona",
        "meta": "@operatore",
        "alias": "operatore",
        "userDefined": false
      }
    ],
    "isTemplate": false,
    "count": 0,
    "lang": "it",
    "updated": 0
  },
  {
    "id": "1619c8cd-cedd-47fc-8dfe-e5b353984740",
    "data": [
      {
        "text": "io preferisco parlare con una ",
        "userDefined": false
      },
      {
        "text": "persona",
        "meta": "@operatore",
        "alias": "operatore",
        "userDefined": false
      }
    ],
    "isTemplate": false,
    "count": 0,
    "lang": "it",
    "updated": 0
  },
  {
    "id": "d3da8b47-fd74-4e19-8c73-fad076eb4b63",
    "data": [
      {
        "text": "non saprei bene spiegarlo preferirei parlare con una ",
        "userDefined": false
      },
      {
        "text": "persona",
        "meta": "@operatore",
        "alias": "operatore",
        "userDefined": false
      }
    ],
    "isTemplate": false,
    "count": 0,
    "lang": "it",
    "updated": 0
  },
  {
    "id": "8eb1896d-9d17-4985-98a2-c918df57eea5",
    "data": [
      {
        "text": "non so bene come spiegarmi posso parlare con una ",
        "userDefined": false
      },
      {
        "text": "persona",
        "meta": "@operatore",
        "alias": "operatore",
        "userDefined": false
      },
      {
        "text": " ?",
        "userDefined": false
      }
    ],
    "isTemplate": false,
    "count": 0,
    "lang": "it",
    "updated": 0
  },
  {
    "id": "20e889b5-d520-45af-b740-b60fc275e24c",
    "data": [
      {
        "text": "mi sentirei più a mio agio se parlassi con una ",
        "userDefined": false
      },
      {
        "text": "persona",
        "meta": "@operatore",
        "alias": "operatore",
        "userDefined": false
      }
    ],
    "isTemplate": false,
    "count": 0,
    "lang": "it",
    "updated": 0
  },
  {
    "id": "10d41de6-4a6f-4e34-a753-dc8c471b9220",
    "data": [
      {
        "text": "mi piacerebbe parlare con una ",
        "userDefined": false
      },
      {
        "text": "persona",
        "meta": "@operatore",
        "alias": "operatore",
        "userDefined": false
      },
      {
        "text": " in realtà",
        "userDefined": false
      }
    ],
    "isTemplate": false,
    "count": 0,
    "lang": "it",
    "updated": 0
  },
  {
    "id": "ffa7fdca-ff4b-4714-ab06-1dd04441caa6",
    "data": [
      {
        "text": "mi sentirei più a mio agio parlando con una ",
        "userDefined": false
      },
      {
        "text": "persona vera",
        "meta": "@operatore",
        "alias": "operatore",
        "userDefined": false
      }
    ],
    "isTemplate": false,
    "count": 0,
    "lang": "it",
    "updated": 0
  },
  {
    "id": "5d9c83fe-1d83-470b-a221-cd52e3a28210",
    "data": [
      {
        "text": "sono anziano preferisco parlare con una ",
        "userDefined": false
      },
      {
        "text": "persona vera",
        "meta": "@operatore",
        "alias": "operatore",
        "userDefined": false
      }
    ],
    "isTemplate": false,
    "count": 0,
    "lang": "it",
    "updated": 0
  },
  {
    "id": "27b057e8-ece2-40ad-ac0f-222bb6b08304",
    "data": [
      {
        "text": "voglio una ",
        "userDefined": false
      },
      {
        "text": "persona vera",
        "meta": "@operatore",
        "alias": "operatore",
        "userDefined": false
      }
    ],
    "isTemplate": false,
    "count": 0,
    "lang": "it",
    "updated": 0
  },
  {
    "id": "7a893c3d-11f3-4b01-9588-1ce5706a3926",
    "data": [
      {
        "text": "preferisco parlare con un ",
        "userDefined": false
      },
      {
        "text": "operatore umano",
        "meta": "@operatore",
        "alias": "operatore",
        "userDefined": false
      }
    ],
    "isTemplate": false,
    "count": 0,
    "lang": "it",
    "updated": 0
  },
  {
    "id": "bc9a3623-2910-4dcd-8e2e-956aa983d796",
    "data": [
      {
        "text": "mi piacerebbe parlare con una ",
        "userDefined": false
      },
      {
        "text": "persona vera",
        "meta": "@operatore",
        "alias": "operatore",
        "userDefined": false
      }
    ],
    "isTemplate": false,
    "count": 0,
    "lang": "it",
    "updated": 0
  },
  {
    "id": "30f48aad-2171-4c18-8995-d2f835fa4c9d",
    "data": [
      {
        "text": "non potrei parlare con una ",
        "userDefined": false
      },
      {
        "text": "persona vera",
        "meta": "@operatore",
        "alias": "operatore",
        "userDefined": false
      },
      {
        "text": " ?",
        "userDefined": false
      }
    ],
    "isTemplate": false,
    "count": 0,
    "lang": "it",
    "updated": 0
  },
  {
    "id": "e472aa70-3534-45f8-8be2-48864bff77e4",
    "data": [
      {
        "text": "posso parlare con una ",
        "userDefined": false
      },
      {
        "text": "persona vera",
        "meta": "@operatore",
        "alias": "operatore",
        "userDefined": false
      },
      {
        "text": " ?",
        "userDefined": false
      }
    ],
    "isTemplate": false,
    "count": 0,
    "lang": "it",
    "updated": 0
  },
  {
    "id": "a10f7ce4-d20f-46a1-909d-ce0d0ba6cfb0",
    "data": [
      {
        "text": "prerirei parlare con una ",
        "userDefined": false
      },
      {
        "text": "persona",
        "meta": "@operatore",
        "alias": "operatore",
        "userDefined": false
      }
    ],
    "isTemplate": false,
    "count": 0,
    "lang": "it",
    "updated": 0
  },
  {
    "id": "889138f2-f6e9-40b1-91af-ccfeecd775e2",
    "data": [
      {
        "text": "no no fammi parlare con una ",
        "userDefined": false
      },
      {
        "text": "persona",
        "meta": "@operatore",
        "alias": "operatore",
        "userDefined": false
      }
    ],
    "isTemplate": false,
    "count": 0,
    "lang": "it",
    "updated": 0
  },
  {
    "id": "afb6dcf3-d8b5-4e86-96ea-cdc3677aa79a",
    "data": [
      {
        "text": "lo voglio speigare ad un ",
        "userDefined": false
      },
      {
        "text": "operatore",
        "meta": "@operatore",
        "alias": "operatore",
        "userDefined": false
      }
    ],
    "isTemplate": false,
    "count": 0,
    "lang": "it",
    "updated": 0
  },
  {
    "id": "0a5cde8c-cb56-4544-935c-9c5f2b4cee6c",
    "data": [
      {
        "text": "preferisco un ",
        "userDefined": false
      },
      {
        "text": "operatore",
        "meta": "@operatore",
        "alias": "operatore",
        "userDefined": false
      }
    ],
    "isTemplate": false,
    "count": 0,
    "lang": "it",
    "updated": 0
  },
  {
    "id": "16087237-ba1a-470e-8f1e-5add6178d0f9",
    "data": [
      {
        "text": "mi serve un ",
        "userDefined": false
      },
      {
        "text": "operatore",
        "meta": "@operatore",
        "alias": "operatore",
        "userDefined": false
      }
    ],
    "isTemplate": false,
    "count": 0,
    "lang": "it",
    "updated": 0
  },
  {
    "id": "a8ff1d3b-5ebd-4d04-bb34-887d6feaf101",
    "data": [
      {
        "text": "avrei bisogno di un ",
        "userDefined": false
      },
      {
        "text": "operatore",
        "meta": "@operatore",
        "alias": "operatore",
        "userDefined": false
      }
    ],
    "isTemplate": false,
    "count": 0,
    "lang": "it",
    "updated": 0
  },
  {
    "id": "a00f3e77-26b0-4842-9266-6599a76d36c8",
    "data": [
      {
        "text": "preferirei spiegarlo ad un ",
        "userDefined": false
      },
      {
        "text": "operatore",
        "meta": "@operatore",
        "alias": "operatore",
        "userDefined": false
      }
    ],
    "isTemplate": false,
    "count": 0,
    "lang": "it",
    "updated": 0
  },
  {
    "id": "dd31de6b-a8c3-4874-b625-a8d351fa7e63",
    "data": [
      {
        "text": "nono fammi parlare con un ",
        "userDefined": false
      },
      {
        "text": "operatore",
        "meta": "@operatore",
        "alias": "operatore",
        "userDefined": false
      }
    ],
    "isTemplate": false,
    "count": 0,
    "lang": "it",
    "updated": 0
  },
  {
    "id": "c6774793-311b-418c-b31e-b2cb04e2adab",
    "data": [
      {
        "text": "voglio parlare con un ",
        "userDefined": false
      },
      {
        "text": "operatore",
        "meta": "@operatore",
        "alias": "operatore",
        "userDefined": false
      }
    ],
    "isTemplate": false,
    "count": 0,
    "lang": "it",
    "updated": 0
  },
  {
    "id": "647fe674-3ce0-4bfe-8145-f0223a9e79c1",
    "data": [
      {
        "text": "ho bisogno di parlare con un ",
        "userDefined": false
      },
      {
        "text": "operatore",
        "meta": "@operatore",
        "alias": "operatore",
        "userDefined": false
      }
    ],
    "isTemplate": false,
    "count": 0,
    "lang": "it",
    "updated": 0
  },
  {
    "id": "fd0fc7bb-27bf-4913-b842-0d5dc3b34743",
    "data": [
      {
        "text": "no ma guarda io voglio un ",
        "userDefined": false
      },
      {
        "text": "operatore",
        "meta": "@operatore",
        "alias": "operatore",
        "userDefined": false
      }
    ],
    "isTemplate": false,
    "count": 0,
    "lang": "it",
    "updated": 0
  },
  {
    "id": "54210614-6392-43dc-b028-23b22ce7f7a6",
    "data": [
      {
        "text": "ho detto che voglio parlare con un ",
        "userDefined": false
      },
      {
        "text": "operatore",
        "meta": "@operatore",
        "alias": "operatore",
        "userDefined": false
      }
    ],
    "isTemplate": false,
    "count": 0,
    "lang": "it",
    "updated": 0
  },
  {
    "id": "1b42c06a-ec27-423d-a797-10e8be640a00",
    "data": [
      {
        "text": "fammi parlare con un ",
        "userDefined": false
      },
      {
        "text": "consulente",
        "meta": "@operatore",
        "alias": "operatore",
        "userDefined": false
      }
    ],
    "isTemplate": false,
    "count": 0,
    "lang": "it",
    "updated": 0
  },
  {
    "id": "294631d9-236a-4f7f-b86c-2820a757e07e",
    "data": [
      {
        "text": "posso parlare con un ",
        "userDefined": false
      },
      {
        "text": "operatore",
        "meta": "@operatore",
        "alias": "operatore",
        "userDefined": false
      },
      {
        "text": " ?",
        "userDefined": false
      }
    ],
    "isTemplate": false,
    "count": 0,
    "lang": "it",
    "updated": 0
  },
  {
    "id": "447d121e-1b9c-4396-a5d1-d8dab2c5949f",
    "data": [
      {
        "text": "è possibile parlare con un ",
        "userDefined": false
      },
      {
        "text": "operatore",
        "meta": "@operatore",
        "alias": "operatore",
        "userDefined": false
      },
      {
        "text": " ?",
        "userDefined": false
      }
    ],
    "isTemplate": false,
    "count": 0,
    "lang": "it",
    "updated": 0
  },
  {
    "id": "b211c64b-a42f-4097-90e9-3c0612a26a69",
    "data": [
      {
        "text": "non sarebbe possibile parlare con un ",
        "userDefined": false
      },
      {
        "text": "operatore",
        "meta": "@operatore",
        "alias": "operatore",
        "userDefined": false
      },
      {
        "text": " ?",
        "userDefined": false
      }
    ],
    "isTemplate": false,
    "count": 0,
    "lang": "it",
    "updated": 0
  },
  {
    "id": "0d174218-7e8f-43a9-8583-b664e9098737",
    "data": [
      {
        "text": "preferirei parlare con un ",
        "userDefined": false
      },
      {
        "text": "operatore",
        "meta": "@operatore",
        "alias": "operatore",
        "userDefined": false
      }
    ],
    "isTemplate": false,
    "count": 0,
    "lang": "it",
    "updated": 0
  },
  {
    "id": "e8b7de21-ae1c-482d-b6b1-8a0626b2deb0",
    "data": [
      {
        "text": "mi piacerebbe parlare con un vostro ",
        "userDefined": false
      },
      {
        "text": "operatore",
        "meta": "@operatore",
        "alias": "operatore",
        "userDefined": false
      }
    ],
    "isTemplate": false,
    "count": 0,
    "lang": "it",
    "updated": 0
  },
  {
    "id": "442a4fc9-e00b-4d7d-b3ed-28a27e0f7dd3",
    "data": [
      {
        "text": "avrei bisogno di parlare con un vostro ",
        "userDefined": false
      },
      {
        "text": "operatore",
        "meta": "@operatore",
        "alias": "operatore",
        "userDefined": false
      }
    ],
    "isTemplate": false,
    "count": 0,
    "lang": "it",
    "updated": 0
  },
  {
    "id": "43796c30-8a65-4947-a697-ab38aef9f7d2",
    "data": [
      {
        "text": "operatore",
        "meta": "@operatore",
        "alias": "operatore",
        "userDefined": false
      }
    ],
    "isTemplate": false,
    "count": 0,
    "lang": "it",
    "updated": 0
  },
  {
    "id": "25698c71-cd05-4a06-8ccb-7d2e7d05780e",
    "data": [
      {
        "text": "la cosa più facile è che lo spieghi direttamente all\u0027operator ",
        "userDefined": false
      },
      {
        "text": "operatori",
        "meta": "@operatore",
        "alias": "operatore",
        "userDefined": false
      },
      {
        "text": " più facile è che lo spieghi direttamente all\u0027operatore",
        "userDefined": false
      }
    ],
    "isTemplate": false,
    "count": 0,
    "lang": "it",
    "updated": 0
  },
  {
    "id": "819bdf62-9e6b-4f37-9131-dc5982665396",
    "data": [
      {
        "text": "la cosa più facile e che lo spieghi direttamente all\u0027operator ",
        "userDefined": false
      },
      {
        "text": "operatori",
        "meta": "@operatore",
        "alias": "operatore",
        "userDefined": false
      },
      {
        "text": " più facile e che lo spieghi direttamente all\u0027operatore",
        "userDefined": false
      }
    ],
    "isTemplate": false,
    "count": 0,
    "lang": "it",
    "updated": 0
  },
  {
    "id": "c8386afc-4383-4205-8277-092baf6c1093",
    "data": [
      {
        "text": "basta con questo disco voglio parlare con una ",
        "userDefined": false
      },
      {
        "text": "persona",
        "meta": "@operatore",
        "alias": "operatore",
        "userDefined": false
      }
    ],
    "isTemplate": false,
    "count": 0,
    "lang": "it",
    "updated": 0
  },
  {
    "id": "241fd9a5-1e7b-4bdf-8d36-6cf7396ec4c7",
    "data": [
      {
        "text": "lucilla mi fai parlare con un ",
        "userDefined": false
      },
      {
        "text": "consulente",
        "meta": "@operatore",
        "alias": "operatore",
        "userDefined": false
      },
      {
        "text": " per favore",
        "userDefined": false
      }
    ],
    "isTemplate": false,
    "count": 0,
    "lang": "it",
    "updated": 0
  },
  {
    "id": "9eed013d-330b-4b31-8bf8-324f79f34f9b",
    "data": [
      {
        "text": "eh ma io voglio parlare con un ",
        "userDefined": false
      },
      {
        "text": "consulente",
        "meta": "@operatore",
        "alias": "operatore",
        "userDefined": false
      },
      {
        "text": " però",
        "userDefined": false
      }
    ],
    "isTemplate": false,
    "count": 0,
    "lang": "it",
    "updated": 0
  },
  {
    "id": "9134e284-0199-4bc0-808b-c49a250db872",
    "data": [
      {
        "text": "avrei bisogno di parlare col ",
        "userDefined": false
      },
      {
        "text": "commerciale",
        "meta": "@operatore",
        "alias": "operatore",
        "userDefined": false
      }
    ],
    "isTemplate": false,
    "count": 0,
    "lang": "it",
    "updated": 0
  },
  {
    "id": "cd14cd94-ce89-48b1-90e8-29012d78a519",
    "data": [
      {
        "text": "avrei bisogno di parlare con un ",
        "userDefined": false
      },
      {
        "text": "assistente",
        "meta": "@operatore",
        "alias": "operatore",
        "userDefined": false
      }
    ],
    "isTemplate": false,
    "count": 0,
    "lang": "it",
    "updated": 0
  },
  {
    "id": "18cb41bf-c69f-4551-a88d-06fef484a327",
    "data": [
      {
        "text": "contattare ",
        "userDefined": false
      },
      {
        "text": "centro informazioni",
        "meta": "@operatore",
        "alias": "operatore",
        "userDefined": false
      }
    ],
    "isTemplate": false,
    "count": 0,
    "lang": "it",
    "updated": 0
  },
  {
    "id": "d53e65c6-6036-4076-9e3a-a341684290df",
    "data": [
      {
        "text": "devo parlare con l\u0027 ",
        "userDefined": false
      },
      {
        "text": "assistente",
        "meta": "@operatore",
        "alias": "operatore",
        "userDefined": false
      }
    ],
    "isTemplate": false,
    "count": 0,
    "lang": "it",
    "updated": 0
  },
  {
    "id": "f2c3af32-5308-4ecd-91d1-1216bafaccce",
    "data": [
      {
        "text": "io vorrei parlare con un ",
        "userDefined": false
      },
      {
        "text": "operatore",
        "meta": "@operatore",
        "alias": "operatore",
        "userDefined": false
      }
    ],
    "isTemplate": false,
    "count": 0,
    "lang": "it",
    "updated": 0
  },
  {
    "id": "a53f5518-ec06-4c67-b05a-4b77d33c54c9",
    "data": [
      {
        "text": "mettimi in contatto con un ",
        "userDefined": false
      },
      {
        "text": "operatore",
        "meta": "@operatore",
        "alias": "operatore",
        "userDefined": false
      }
    ],
    "isTemplate": false,
    "count": 0,
    "lang": "it",
    "updated": 0
  },
  {
    "id": "6936526f-82d5-4360-83ce-f20722d04a4f",
    "data": [
      {
        "text": "lucilla volevo delle informazioni se cortesemente posso parlare con un ",
        "userDefined": false
      },
      {
        "text": "operatore",
        "meta": "@operatore",
        "alias": "operatore",
        "userDefined": false
      }
    ],
    "isTemplate": false,
    "count": 0,
    "lang": "it",
    "updated": 0
  },
  {
    "id": "0830ade0-7883-469d-ab91-3800da4a07f8",
    "data": [
      {
        "text": "non voglio né bollette né pagamenti né lettura voglio parlare con un ",
        "userDefined": false
      },
      {
        "text": "impiegato",
        "meta": "@operatore",
        "alias": "operatore",
        "userDefined": false
      },
      {
        "text": " grazie",
        "userDefined": false
      }
    ],
    "isTemplate": false,
    "count": 0,
    "lang": "it",
    "updated": 0
  },
  {
    "id": "0bff1a3c-c743-422a-9dc2-f71b0b5b2eba",
    "data": [
      {
        "text": "passami un ",
        "userDefined": false
      },
      {
        "text": "operatore",
        "meta": "@operatore",
        "alias": "operatore",
        "userDefined": false
      },
      {
        "text": " lucilla hai capito",
        "userDefined": false
      }
    ],
    "isTemplate": false,
    "count": 0,
    "lang": "it",
    "updated": 0
  },
  {
    "id": "fce24078-ec77-4cad-9684-e732d62511c0",
    "data": [
      {
        "text": "voglio parlare con un ",
        "userDefined": false
      },
      {
        "text": "responsabile",
        "meta": "@operatore",
        "alias": "operatore",
        "userDefined": false
      },
      {
        "text": " di eni gas e luce",
        "userDefined": false
      }
    ],
    "isTemplate": false,
    "count": 0,
    "lang": "it",
    "updated": 0
  },
  {
    "id": "4e1ae16b-ffce-419b-b4e8-37fdcabc0585",
    "data": [
      {
        "text": "voglio parlare con l\u0027 ",
        "userDefined": false
      },
      {
        "text": "amministrativa",
        "meta": "@operatore",
        "alias": "operatore",
        "userDefined": false
      }
    ],
    "isTemplate": false,
    "count": 0,
    "lang": "it",
    "updated": 0
  },
  {
    "id": "0f67672a-69c1-4ef4-b42a-87809947247f",
    "data": [
      {
        "text": "volevo parlare con l\u0027 ",
        "userDefined": false
      },
      {
        "text": "amministrazione",
        "meta": "@operatore",
        "alias": "operatore",
        "userDefined": false
      }
    ],
    "isTemplate": false,
    "count": 0,
    "lang": "it",
    "updated": 0
  },
  {
    "id": "020146fe-552f-435e-a093-35d5c5f96ac0",
    "data": [
      {
        "text": "vorrei parlare direttamente con qualcuno che gestisce le partite iva",
        "userDefined": false
      }
    ],
    "isTemplate": false,
    "count": 0,
    "lang": "it",
    "updated": 0
  },
  {
    "id": "599e7bf0-6cbd-48f2-aca0-cda4d41e0a5c",
    "data": [
      {
        "text": "voglio parlare con uno dei ragazzi che gestiscono le partite iva",
        "userDefined": false
      }
    ],
    "isTemplate": false,
    "count": 0,
    "lang": "it",
    "updated": 0
  },
  {
    "id": "92411e14-2ac5-49bd-ab10-de62d101c915",
    "data": [
      {
        "text": "ho bisogno di parlare con l\u0027assistenza clienti",
        "userDefined": false
      }
    ],
    "isTemplate": false,
    "count": 0,
    "lang": "it",
    "updated": 0
  },
  {
    "id": "e2bc428b-be9e-49d0-a922-9aa0a19dd76a",
    "data": [
      {
        "text": "ho bisogno di palrare col servizio clienti",
        "userDefined": false
      }
    ],
    "isTemplate": false,
    "count": 0,
    "lang": "it",
    "updated": 0
  },
  {
    "id": "127b20c7-b4c8-4a04-9323-dc531124768e",
    "data": [
      {
        "text": "mi farebbe piacere parlare direttamente col servizio clienti",
        "userDefined": false
      }
    ],
    "isTemplate": false,
    "count": 0,
    "lang": "it",
    "updated": 0
  },
  {
    "id": "4ba7bcb3-c66e-4df0-b812-eb0615337bac",
    "data": [
      {
        "text": "voglio un vero tecnico",
        "userDefined": false
      }
    ],
    "isTemplate": false,
    "count": 0,
    "lang": "it",
    "updated": 0
  },
  {
    "id": "89ebe233-c5be-403d-b2fc-af8df41a4d9d",
    "data": [
      {
        "text": "vero tecnico",
        "userDefined": false
      }
    ],
    "isTemplate": false,
    "count": 0,
    "lang": "it",
    "updated": 0
  },
  {
    "id": "b8536e45-2763-485e-8b0d-05db5e83f5fb",
    "data": [
      {
        "text": "servizio clienti",
        "userDefined": false
      }
    ],
    "isTemplate": false,
    "count": 0,
    "lang": "it",
    "updated": 0
  },
  {
    "id": "ff836a79-b313-4a05-9737-390a84949878",
    "data": [
      {
        "text": "assistenza clienti",
        "userDefined": false
      }
    ],
    "isTemplate": false,
    "count": 0,
    "lang": "it",
    "updated": 0
  },
  {
    "id": "3c5a0754-195d-4d63-929f-918b919831cb",
    "data": [
      {
        "text": "voglio parlare con un vero tecnico",
        "userDefined": false
      }
    ],
    "isTemplate": false,
    "count": 0,
    "lang": "it",
    "updated": 0
  },
  {
    "id": "cd4b13e2-b6d4-4425-96a0-e507d0990198",
    "data": [
      {
        "text": "vorrei parlare con un tecnico",
        "userDefined": false
      }
    ],
    "isTemplate": false,
    "count": 0,
    "lang": "it",
    "updated": 0
  },
  {
    "id": "0a04e912-4db8-40ea-8735-2a6d26e2ed95",
    "data": [
      {
        "text": "c\u0027è un vero tecnico disponibile?",
        "userDefined": false
      }
    ],
    "isTemplate": false,
    "count": 0,
    "lang": "it",
    "updated": 0
  },
  {
    "id": "b2285a70-398a-4d20-92b0-f76ca884f292",
    "data": [
      {
        "text": "mi farebbe piacere se mi passassi qualcuno dell\u0027assistenza clienti",
        "userDefined": false
      }
    ],
    "isTemplate": false,
    "count": 0,
    "lang": "it",
    "updated": 0
  },
  {
    "id": "2cdbe63d-8d00-471c-b084-89908daef049",
    "data": [
      {
        "text": "vorrei parlare con qualcuno dell\u0027assitenza clienti",
        "userDefined": false
      }
    ],
    "isTemplate": false,
    "count": 0,
    "lang": "it",
    "updated": 0
  },
  {
    "id": "80afab39-a853-4b37-b161-6317a5ff40d3",
    "data": [
      {
        "text": "mi puoi passare qualcuno del servizio clienti?",
        "userDefined": false
      }
    ],
    "isTemplate": false,
    "count": 0,
    "lang": "it",
    "updated": 0
  },
  {
    "id": "33d2dde6-0aeb-49cc-acfa-b9ff8188fbdb",
    "data": [
      {
        "text": "vorrei parlare con il call center",
        "userDefined": false
      }
    ],
    "isTemplate": false,
    "count": 0,
    "lang": "it",
    "updated": 0
  },
  {
    "id": "6b04958c-2bdc-4a8c-ad24-5446a0122301",
    "data": [
      {
        "text": "voglio parlare col call center",
        "userDefined": false
      }
    ],
    "isTemplate": false,
    "count": 0,
    "lang": "it",
    "updated": 0
  },
  {
    "id": "d1d8da07-f2ab-4cdf-a5c1-f7c09fa75331",
    "data": [
      {
        "text": "io preferisco sempre parlare col call center",
        "userDefined": false
      }
    ],
    "isTemplate": false,
    "count": 0,
    "lang": "it",
    "updated": 0
  },
  {
    "id": "1568ee49-74c7-49b2-969c-ea0b6d73adf4",
    "data": [
      {
        "text": "sarebbe il caso che tu mi passassi il call center",
        "userDefined": false
      }
    ],
    "isTemplate": false,
    "count": 0,
    "lang": "it",
    "updated": 0
  },
  {
    "id": "c47d746d-adc0-49d6-9ccd-fd645fb3b621",
    "data": [
      {
        "text": "passami gli operatori che è meglio",
        "userDefined": false
      }
    ],
    "isTemplate": false,
    "count": 0,
    "lang": "it",
    "updated": 0
  },
  {
    "id": "30fb7199-fb57-4f31-b55b-5819b183d96a",
    "data": [
      {
        "text": "senti passami il call center che è meglio",
        "userDefined": false
      }
    ],
    "isTemplate": false,
    "count": 0,
    "lang": "it",
    "updated": 0
  },
  {
    "id": "5eb4f821-0d06-4af3-b8ec-d8604ff06062",
    "data": [
      {
        "text": "tu non capisci quello che dico fammi parlare col call center",
        "userDefined": false
      }
    ],
    "isTemplate": false,
    "count": 0,
    "lang": "it",
    "updated": 0
  },
  {
    "id": "071b8379-c210-482d-9942-46f6b1644e2d",
    "data": [
      {
        "text": "io di solito preferisco parlare col call center",
        "userDefined": false
      }
    ],
    "isTemplate": false,
    "count": 0,
    "lang": "it",
    "updated": 0
  },
  {
    "id": "4f19fbdc-c1d2-4140-89b9-b911df053fbd",
    "data": [
      {
        "text": "posso parlare con call center? di solito mi trovo bene",
        "userDefined": false
      }
    ],
    "isTemplate": false,
    "count": 0,
    "lang": "it",
    "updated": 0
  },
  {
    "id": "cd9bc671-d59a-49ff-a7f0-6eae2766d1bc",
    "data": [
      {
        "text": "avrei bisogno di parlare con uno di quelli del call center",
        "userDefined": false
      }
    ],
    "isTemplate": false,
    "count": 0,
    "lang": "it",
    "updated": 0
  },
  {
    "id": "19089ade-38be-45d9-aac0-626c26579b79",
    "data": [
      {
        "text": "call center",
        "userDefined": false
      }
    ],
    "isTemplate": false,
    "count": 0,
    "lang": "it",
    "updated": 0
  },
  {
    "id": "5316d806-303f-4980-b038-5d26d2c02114",
    "data": [
      {
        "text": "voglio un operatore",
        "userDefined": false
      }
    ],
    "isTemplate": false,
    "count": 0,
    "lang": "it",
    "updated": 0
  },
  {
    "id": "56517be0-d4e1-42ce-a26c-ea84283395c4",
    "data": [
      {
        "text": "al call center sanno già il mio problema voglio parlare con loro",
        "userDefined": false
      }
    ],
    "isTemplate": false,
    "count": 0,
    "lang": "it",
    "updated": 0
  },
  {
    "id": "6b828061-df78-449d-8d90-80d90fb47398",
    "data": [
      {
        "text": "non ho tempo per spiegarti se mi passi il call center loro sanno tutto",
        "userDefined": false
      }
    ],
    "isTemplate": false,
    "count": 0,
    "lang": "it",
    "updated": 0
  },
  {
    "id": "ce34a518-8743-4e20-be24-4ee0f382e4e4",
    "data": [
      {
        "text": "voglio parlare con uno di quelli del call center",
        "userDefined": false
      }
    ],
    "isTemplate": false,
    "count": 0,
    "lang": "it",
    "updated": 0
  },
  {
    "id": "43269e66-2527-4984-9fb2-172c46031379",
    "data": [
      {
        "text": "assistenza",
        "userDefined": false
      }
    ],
    "isTemplate": false,
    "count": 0,
    "lang": "it",
    "updated": 0
  },
  {
    "id": "9d8bb76b-98d0-49fc-8e4f-c6d29446d4bd",
    "data": [
      {
        "text": "mettimi in comunicazione con un operatore",
        "userDefined": false
      }
    ],
    "isTemplate": false,
    "count": 0,
    "lang": "it",
    "updated": 0
  },
  {
    "id": "0db41893-f535-4cd3-9db0-18cf2d5ce5e0",
    "data": [
      {
        "text": "no devo parlare direttamente a voce mi dispiace non è per me il virtuale",
        "userDefined": false
      }
    ],
    "isTemplate": false,
    "count": 0,
    "lang": "it",
    "updated": 0
  },
  {
    "id": "73a41917-c1e0-419e-85d7-e1e230532bc4",
    "data": [
      {
        "text": "passandomi qualcuno che non sia virtuale",
        "userDefined": false
      }
    ],
    "isTemplate": false,
    "count": 0,
    "lang": "it",
    "updated": 0
  },
  {
    "id": "8216c744-9d29-4e99-a65e-5acfa1a64b03",
    "data": [
      {
        "text": "volevo parlare con qualcuno",
        "userDefined": false
      }
    ],
    "isTemplate": false,
    "count": 0,
    "lang": "it",
    "updated": 0
  },
  {
    "id": "ce012bec-9eee-4239-828a-a578125c5262",
    "data": [
      {
        "text": "se mi vuoi passare un operatore per cortesia",
        "userDefined": false
      }
    ],
    "isTemplate": false,
    "count": 0,
    "lang": "it",
    "updated": 0
  }
]