[
  {
    "id": "449388c9-9d4b-469c-af23-cd3c50536be7",
    "data": [
      {
        "text": "Verona ",
        "userDefined": false
      },
      {
        "text": "2 ottobre 1994",
        "meta": "@sys.date",
        "alias": "date",
        "userDefined": false
      }
    ],
    "isTemplate": false,
    "count": 0,
    "lang": "it",
    "updated": 0
  },
  {
    "id": "c5a43dc0-8a59-4500-b40a-f6215ade3862",
    "data": [
      {
        "text": "no non è quella è il ",
        "userDefined": false
      },
      {
        "text": "20 di aprile 1976",
        "meta": "@sys.date",
        "alias": "date",
        "userDefined": true
      }
    ],
    "isTemplate": false,
    "count": 0,
    "lang": "it",
    "updated": 0
  },
  {
    "id": "0e2b8b1f-4c6d-46b8-ac94-17438305f07f",
    "data": [
      {
        "text": "e allora ",
        "userDefined": false
      },
      {
        "text": "10 dicembre del 1937",
        "meta": "@sys.date",
        "alias": "date",
        "userDefined": true
      }
    ],
    "isTemplate": false,
    "count": 0,
    "lang": "it",
    "updated": 0
  },
  {
    "id": "2e2649c2-9372-4a84-88cc-b7c0d552e027",
    "data": [
      {
        "text": "e allora ",
        "userDefined": false
      },
      {
        "text": "10 dicembre del 1937",
        "meta": "@sys.date",
        "alias": "date",
        "userDefined": true
      },
      {
        "text": " il numero cliente e 50547 463/16 84",
        "userDefined": false
      }
    ],
    "isTemplate": false,
    "count": 0,
    "lang": "it",
    "updated": 0
  },
  {
    "id": "9f3384c6-d3f9-4fe6-9110-533b9adb23b5",
    "data": [
      {
        "text": "allora ",
        "userDefined": false
      },
      {
        "text": "18 maggio 1965",
        "meta": "@sys.date",
        "alias": "date",
        "userDefined": true
      }
    ],
    "isTemplate": false,
    "count": 0,
    "lang": "it",
    "updated": 0
  },
  {
    "id": "13cbb697-4ebc-4d76-bca8-2ecf285d2450",
    "data": [
      {
        "text": "cerca ",
        "userDefined": false
      },
      {
        "text": "22 settembre 1972",
        "meta": "@sys.date",
        "alias": "date",
        "userDefined": true
      }
    ],
    "isTemplate": false,
    "count": 0,
    "lang": "it",
    "updated": 0
  },
  {
    "id": "f20f3081-1bab-4185-bd6d-a6283d96e19c",
    "data": [
      {
        "text": "data di nascita della signora è ",
        "userDefined": false
      },
      {
        "text": "28 11 1930",
        "meta": "@sys.date",
        "alias": "date",
        "userDefined": true
      }
    ],
    "isTemplate": false,
    "count": 0,
    "lang": "it",
    "updated": 0
  },
  {
    "id": "7e91de40-5bb1-41c7-801f-2cd6b0d08ac1",
    "data": [
      {
        "text": "19 08 1975",
        "meta": "@sys.date",
        "alias": "date",
        "userDefined": true
      },
      {
        "text": " a san vito dei normanni",
        "userDefined": false
      }
    ],
    "isTemplate": false,
    "count": 0,
    "lang": "it",
    "updated": 0
  },
  {
    "id": "f38f41cc-d8e7-4c62-8f30-4869e91c32dd",
    "data": [
      {
        "text": "19 08 1975",
        "meta": "@sys.date",
        "alias": "date",
        "userDefined": true
      },
      {
        "text": " a roma",
        "userDefined": false
      }
    ],
    "isTemplate": false,
    "count": 0,
    "lang": "it",
    "updated": 0
  },
  {
    "id": "857b123a-60dc-45df-88bb-2b61850743fd",
    "data": [
      {
        "text": "19 08 1975",
        "meta": "@sys.date",
        "alias": "date",
        "userDefined": true
      },
      {
        "text": " a nola napoli",
        "userDefined": false
      }
    ],
    "isTemplate": false,
    "count": 0,
    "lang": "it",
    "updated": 0
  },
  {
    "id": "2731e5ea-028c-4d54-9666-0efbfb23f86a",
    "data": [
      {
        "text": "il ",
        "userDefined": false
      },
      {
        "text": "2 2",
        "meta": "@sys.date",
        "alias": "date",
        "userDefined": true
      },
      {
        "text": " del ",
        "userDefined": false
      },
      {
        "text": "32",
        "meta": "@sys.number",
        "alias": "number",
        "userDefined": true
      }
    ],
    "isTemplate": false,
    "count": 0,
    "lang": "it",
    "updated": 0
  },
  {
    "id": "d01ea319-1d7b-4c58-b069-d7a273f1cc7f",
    "data": [
      {
        "text": "1988",
        "meta": "@sys.number",
        "alias": "number",
        "userDefined": true
      },
      {
        "text": " ",
        "userDefined": false
      },
      {
        "text": "6 2",
        "meta": "@sys.date",
        "alias": "date",
        "userDefined": true
      }
    ],
    "isTemplate": false,
    "count": 0,
    "lang": "it",
    "updated": 0
  },
  {
    "id": "a4fa85f1-2888-4fcb-ace4-0c73cf41f5ee",
    "data": [
      {
        "text": "la fornitura è intestata a me sono del ",
        "userDefined": false
      },
      {
        "text": "88",
        "meta": "@sys.number",
        "alias": "number",
        "userDefined": true
      },
      {
        "text": " ",
        "userDefined": false
      },
      {
        "text": "2 giugno",
        "meta": "@sys.date",
        "alias": "date",
        "userDefined": true
      },
      {
        "text": " 88",
        "userDefined": false
      }
    ],
    "isTemplate": false,
    "count": 0,
    "lang": "it",
    "updated": 0
  },
  {
    "id": "e2418224-12c3-40ba-a516-beb100666125",
    "data": [
      {
        "text": "l\u0027intestatario è mio cugino che e\u0027 dell ",
        "userDefined": false
      },
      {
        "text": "\u002788, 2 giugno",
        "meta": "@sys.date",
        "alias": "date",
        "userDefined": true
      },
      {
        "text": " mi pare",
        "userDefined": false
      }
    ],
    "isTemplate": false,
    "count": 0,
    "lang": "it",
    "updated": 0
  },
  {
    "id": "e50428e7-44a8-4e84-afa5-5faf3a36adc0",
    "data": [
      {
        "text": "vediamo un po\u0027 ",
        "userDefined": false
      },
      {
        "text": "2 febbraio",
        "meta": "@sys.date",
        "alias": "date",
        "userDefined": true
      },
      {
        "text": " . l\u0027anno l\u0027anno era il ",
        "userDefined": false
      },
      {
        "text": "1936",
        "meta": "@sys.number",
        "alias": "number",
        "userDefined": true
      }
    ],
    "isTemplate": false,
    "count": 0,
    "lang": "it",
    "updated": 0
  },
  {
    "id": "2e960d0f-cd13-40db-aa66-d23371aeb389",
    "data": [
      {
        "text": "il ",
        "userDefined": false
      },
      {
        "text": "5 6",
        "meta": "@sys.date",
        "alias": "date",
        "userDefined": true
      },
      {
        "text": " del ",
        "userDefined": false
      },
      {
        "text": "1959",
        "meta": "@sys.number",
        "alias": "number",
        "userDefined": true
      }
    ],
    "isTemplate": false,
    "count": 0,
    "lang": "it",
    "updated": 0
  },
  {
    "id": "7f8c8f1e-8c68-4c70-a0d6-36bb31451298",
    "data": [
      {
        "text": "guarda mio zio mi pare sia nato il ",
        "userDefined": false
      },
      {
        "text": "primo agosto",
        "meta": "@sys.date",
        "alias": "date",
        "userDefined": true
      },
      {
        "text": " del ",
        "userDefined": false
      },
      {
        "text": "57",
        "meta": "@sys.number",
        "alias": "number",
        "userDefined": true
      }
    ],
    "isTemplate": false,
    "count": 0,
    "lang": "it",
    "updated": 0
  },
  {
    "id": "b0adeeef-f0ea-460e-9205-1b803b9bbcec",
    "data": [
      {
        "text": "sono nata il giorno ",
        "userDefined": false
      },
      {
        "text": "6 giugno",
        "meta": "@sys.date",
        "alias": "date",
        "userDefined": true
      },
      {
        "text": " dell\u0027anno ",
        "userDefined": false
      },
      {
        "text": "1969",
        "meta": "@sys.number",
        "alias": "number",
        "userDefined": true
      }
    ],
    "isTemplate": false,
    "count": 0,
    "lang": "it",
    "updated": 0
  },
  {
    "id": "c9bd2194-7603-4e90-8f5b-c508539e3ef5",
    "data": [
      {
        "text": "la mia data di nascita è ",
        "userDefined": false
      },
      {
        "text": "6 6 69",
        "meta": "@sys.date",
        "alias": "date",
        "userDefined": true
      }
    ],
    "isTemplate": false,
    "count": 0,
    "lang": "it",
    "updated": 0
  },
  {
    "id": "cf1fc018-1ef5-442f-9dc5-66ed258bea17",
    "data": [
      {
        "text": "allora per l\u0027anno non sono sicura ma mi pare fosse il ",
        "userDefined": false
      },
      {
        "text": "1938",
        "meta": "@sys.number",
        "alias": "number",
        "userDefined": true
      },
      {
        "text": " il giorno è il ",
        "userDefined": false
      },
      {
        "text": "7 settembre",
        "meta": "@sys.date",
        "alias": "date",
        "userDefined": true
      }
    ],
    "isTemplate": false,
    "count": 0,
    "lang": "it",
    "updated": 0
  },
  {
    "id": "db3d17ce-bf64-4a7d-b05e-6eed89194bbf",
    "data": [
      {
        "text": "la fornitura è di mia zia lei è nata il giorno di ",
        "userDefined": false
      },
      {
        "text": "natale del 1944",
        "meta": "@sys.date",
        "alias": "date",
        "userDefined": true
      }
    ],
    "isTemplate": false,
    "count": 0,
    "lang": "it",
    "updated": 0
  },
  {
    "id": "66621698-3eef-4eaf-ab13-42c01e33a728",
    "data": [
      {
        "text": "è nata il giorno di ",
        "userDefined": false
      },
      {
        "text": "natale del 1921",
        "meta": "@sys.date",
        "alias": "date",
        "userDefined": true
      },
      {
        "text": " infatti ha quasi ",
        "userDefined": false
      },
      {
        "text": "cento",
        "meta": "@sys.number",
        "alias": "number",
        "userDefined": true
      },
      {
        "text": " anni",
        "userDefined": false
      }
    ],
    "isTemplate": false,
    "count": 0,
    "lang": "it",
    "updated": 0
  },
  {
    "id": "8b451928-bb6e-4313-962e-caa9350a2356",
    "data": [
      {
        "text": "faccio ",
        "userDefined": false
      },
      {
        "text": "50",
        "meta": "@sys.number",
        "alias": "number",
        "userDefined": true
      },
      {
        "text": " domani. sono nata il ",
        "userDefined": false
      },
      {
        "text": "13 dicembre 1960",
        "meta": "@sys.date",
        "alias": "date",
        "userDefined": true
      }
    ],
    "isTemplate": false,
    "count": 0,
    "lang": "it",
    "updated": 0
  },
  {
    "id": "9a4e50d3-0fe1-4492-a4d9-0e059fffe822",
    "data": [
      {
        "text": "faccio ",
        "userDefined": false
      },
      {
        "text": "50",
        "meta": "@sys.number",
        "alias": "number",
        "userDefined": true
      },
      {
        "text": " domani. sono nata il ",
        "userDefined": false
      },
      {
        "text": "13 dicembre 1960",
        "meta": "@sys.date",
        "alias": "date",
        "userDefined": true
      },
      {
        "text": " il giorno di santa lucia",
        "userDefined": false
      }
    ],
    "isTemplate": false,
    "count": 0,
    "lang": "it",
    "updated": 0
  },
  {
    "id": "0bb7e68e-bd69-49a8-a978-13df0e253ef9",
    "data": [
      {
        "text": "si allora mia madre è nata il ",
        "userDefined": false
      },
      {
        "text": "5 maggio del 1963",
        "meta": "@sys.date",
        "alias": "date",
        "userDefined": true
      },
      {
        "text": " e cioè scusa marzo non maggio",
        "userDefined": false
      }
    ],
    "isTemplate": false,
    "count": 0,
    "lang": "it",
    "updated": 0
  },
  {
    "id": "c994e543-b1d9-4138-b318-787d59a07c5a",
    "data": [
      {
        "text": "dunque ",
        "userDefined": false
      },
      {
        "text": "25 marzo",
        "meta": "@sys.date",
        "alias": "date",
        "userDefined": true
      },
      {
        "text": " . l\u0027anno mi sembra il ",
        "userDefined": false
      },
      {
        "text": "32",
        "meta": "@sys.number",
        "alias": "number",
        "userDefined": true
      },
      {
        "text": " no no scusa il ",
        "userDefined": false
      },
      {
        "text": "33",
        "meta": "@sys.number",
        "alias": "number",
        "userDefined": true
      }
    ],
    "isTemplate": false,
    "count": 0,
    "lang": "it",
    "updated": 0
  },
  {
    "id": "9879f0e8-c42a-4ea9-b753-dd906d84bb2e",
    "data": [
      {
        "text": "allora mi pare che sia nata nel ",
        "userDefined": false
      },
      {
        "text": "32",
        "meta": "@sys.number",
        "alias": "number",
        "userDefined": true
      },
      {
        "text": " e\u0027 si ",
        "userDefined": false
      },
      {
        "text": "7 gennaio",
        "meta": "@sys.date",
        "alias": "date",
        "userDefined": true
      },
      {
        "text": " del 32",
        "userDefined": false
      }
    ],
    "isTemplate": false,
    "count": 0,
    "lang": "it",
    "updated": 0
  },
  {
    "id": "c5a55a34-a2a9-4c11-882c-757ca9e79f3f",
    "data": [
      {
        "text": "mia nonna nacque ",
        "userDefined": false
      },
      {
        "text": "83",
        "meta": "@sys.number",
        "alias": "number",
        "userDefined": true
      },
      {
        "text": " anni fa. il ",
        "userDefined": false
      },
      {
        "text": "2 giugno 1937",
        "meta": "@sys.date",
        "alias": "date",
        "userDefined": true
      }
    ],
    "isTemplate": false,
    "count": 0,
    "lang": "it",
    "updated": 0
  },
  {
    "id": "fcfefb85-c163-42c6-bf97-b5bc2c082184",
    "data": [
      {
        "text": "nacqui ",
        "userDefined": false
      },
      {
        "text": "82 anni fa",
        "meta": "@sys.date",
        "alias": "date",
        "userDefined": true
      },
      {
        "text": " nel ",
        "userDefined": false
      },
      {
        "text": "1938",
        "meta": "@sys.number",
        "alias": "number",
        "userDefined": true
      },
      {
        "text": " . il ",
        "userDefined": false
      },
      {
        "text": "28 aprile",
        "meta": "@sys.date",
        "alias": "date",
        "userDefined": true
      }
    ],
    "isTemplate": false,
    "count": 0,
    "lang": "it",
    "updated": 0
  },
  {
    "id": "3b7f2e58-74d7-490d-b834-5a84c9e40789",
    "data": [
      {
        "text": "ho la bellezza di ",
        "userDefined": false
      },
      {
        "text": "88",
        "meta": "@sys.number",
        "alias": "number",
        "userDefined": true
      },
      {
        "text": " anni. sono del ",
        "userDefined": false
      },
      {
        "text": "1933",
        "meta": "@sys.number",
        "alias": "number",
        "userDefined": true
      },
      {
        "text": " . sono nato il ",
        "userDefined": false
      },
      {
        "text": "30 marzo",
        "meta": "@sys.date",
        "alias": "date",
        "userDefined": true
      }
    ],
    "isTemplate": false,
    "count": 0,
    "lang": "it",
    "updated": 0
  },
  {
    "id": "5d4502e2-8bb2-4586-be30-f40a24df9b8c",
    "data": [
      {
        "text": "io sono nato nel ",
        "userDefined": false
      },
      {
        "text": "1998",
        "meta": "@sys.number",
        "alias": "number",
        "userDefined": true
      },
      {
        "text": " . il ",
        "userDefined": false
      },
      {
        "text": "primo di ottobre",
        "meta": "@sys.date",
        "alias": "date",
        "userDefined": true
      }
    ],
    "isTemplate": false,
    "count": 0,
    "lang": "it",
    "updated": 0
  },
  {
    "id": "3f73de00-861e-49d6-af65-4ab6f5450d53",
    "data": [
      {
        "text": "sono dell\u0027 ",
        "userDefined": false
      },
      {
        "text": "86",
        "meta": "@sys.number",
        "alias": "number",
        "userDefined": true
      },
      {
        "text": " . ",
        "userDefined": false
      },
      {
        "text": "1 aprile",
        "meta": "@sys.date",
        "alias": "date",
        "userDefined": true
      }
    ],
    "isTemplate": false,
    "count": 0,
    "lang": "it",
    "updated": 0
  },
  {
    "id": "cf6661ea-3000-4645-8b48-da71eda502bb",
    "data": [
      {
        "text": "io sono dell\u0027 ",
        "userDefined": false
      },
      {
        "text": "86",
        "meta": "@sys.number",
        "alias": "number",
        "userDefined": true
      },
      {
        "text": " . ",
        "userDefined": false
      },
      {
        "text": "13 novembre",
        "meta": "@sys.date",
        "alias": "date",
        "userDefined": true
      }
    ],
    "isTemplate": false,
    "count": 0,
    "lang": "it",
    "updated": 0
  },
  {
    "id": "ec1c3792-380d-4889-ac3a-965949428e4e",
    "data": [
      {
        "text": "sono nato il giorno dell\u0027 ",
        "userDefined": false
      },
      {
        "text": "immacolata del 1985",
        "meta": "@sys.date",
        "alias": "date",
        "userDefined": true
      },
      {
        "text": " . l\u0027 ",
        "userDefined": false
      },
      {
        "text": "8 dicembre",
        "meta": "@sys.date",
        "alias": "date",
        "userDefined": true
      }
    ],
    "isTemplate": false,
    "count": 0,
    "lang": "it",
    "updated": 0
  },
  {
    "id": "e180be8f-50f5-4ac1-81fe-3d20b9af65f7",
    "data": [
      {
        "text": "sono nato il ",
        "userDefined": false
      },
      {
        "text": "6 gennaio",
        "meta": "@sys.date",
        "alias": "date",
        "userDefined": true
      },
      {
        "text": " giorno della befana. nel ",
        "userDefined": false
      },
      {
        "text": "1991",
        "meta": "@sys.number",
        "alias": "number",
        "userDefined": true
      }
    ],
    "isTemplate": false,
    "count": 0,
    "lang": "it",
    "updated": 0
  },
  {
    "id": "f4ea7417-4781-4e0c-ac04-62695b1cf58b",
    "data": [
      {
        "text": "mio nipote è venuto alla luce il ",
        "userDefined": false
      },
      {
        "text": "5 maggio del 1990",
        "meta": "@sys.date",
        "alias": "date",
        "userDefined": true
      }
    ],
    "isTemplate": false,
    "count": 0,
    "lang": "it",
    "updated": 0
  },
  {
    "id": "83b034ec-24cd-467d-a0b9-0277d016dcef",
    "data": [
      {
        "text": "quest\u0027anno festeggio ",
        "userDefined": false
      },
      {
        "text": "60",
        "meta": "@sys.number",
        "alias": "number",
        "userDefined": true
      },
      {
        "text": " anni. sono nato il ",
        "userDefined": false
      },
      {
        "text": "13 dicembre del 1960",
        "meta": "@sys.date",
        "alias": "date",
        "userDefined": true
      }
    ],
    "isTemplate": false,
    "count": 0,
    "lang": "it",
    "updated": 0
  },
  {
    "id": "49b74778-9f9c-4da1-a1a4-45651b55b451",
    "data": [
      {
        "text": "festeggio il compleanno il ",
        "userDefined": false
      },
      {
        "text": "20 settembre",
        "meta": "@sys.date",
        "alias": "date",
        "userDefined": true
      },
      {
        "text": " sono dell\u0027 ",
        "userDefined": false
      },
      {
        "text": "84",
        "meta": "@sys.number",
        "alias": "number",
        "userDefined": true
      }
    ],
    "isTemplate": false,
    "count": 0,
    "lang": "it",
    "updated": 0
  },
  {
    "id": "9393b446-120e-4e43-b707-c6ee478e4500",
    "data": [
      {
        "text": "sono nato il giorno di ferragosto. il ",
        "userDefined": false
      },
      {
        "text": "15 agosto del 1983",
        "meta": "@sys.date",
        "alias": "date",
        "userDefined": true
      }
    ],
    "isTemplate": false,
    "count": 0,
    "lang": "it",
    "updated": 0
  },
  {
    "id": "bd1a6640-5985-41ed-b9bb-bc993299cf50",
    "data": [
      {
        "text": "sono nato ",
        "userDefined": false
      },
      {
        "text": "36",
        "meta": "@sys.number",
        "alias": "number",
        "userDefined": true
      },
      {
        "text": " anni fa. il ",
        "userDefined": false
      },
      {
        "text": "20 settembre 1984",
        "meta": "@sys.date",
        "alias": "date",
        "userDefined": true
      }
    ],
    "isTemplate": false,
    "count": 0,
    "lang": "it",
    "updated": 0
  },
  {
    "id": "497ed0cc-54dd-47a0-a0b4-74d4e716d083",
    "data": [
      {
        "text": "mia nonna è nata il ",
        "userDefined": false
      },
      {
        "text": "14 luglio",
        "meta": "@sys.date",
        "alias": "date",
        "userDefined": true
      },
      {
        "text": " del ",
        "userDefined": false
      },
      {
        "text": "20",
        "meta": "@sys.number",
        "alias": "number",
        "userDefined": true
      }
    ],
    "isTemplate": false,
    "count": 0,
    "lang": "it",
    "updated": 0
  },
  {
    "id": "176ec886-420b-46c9-b5a6-a03dacef23e9",
    "data": [
      {
        "text": "la data di nascita del mio babbo è ",
        "userDefined": false
      },
      {
        "text": "13 12 40",
        "meta": "@sys.date",
        "alias": "date",
        "userDefined": true
      }
    ],
    "isTemplate": false,
    "count": 0,
    "lang": "it",
    "updated": 0
  },
  {
    "id": "ca8dd938-bfd0-4b8d-9562-dec36a19419a",
    "data": [
      {
        "text": "il mi babbo è nato il ",
        "userDefined": false
      },
      {
        "text": "26 dicembre 1946",
        "meta": "@sys.date",
        "alias": "date",
        "userDefined": true
      }
    ],
    "isTemplate": false,
    "count": 0,
    "lang": "it",
    "updated": 0
  },
  {
    "id": "ffaff942-e4ba-4649-a4fd-a200272dbe99",
    "data": [
      {
        "text": "mia nonna è nata il ",
        "userDefined": false
      },
      {
        "text": "19 settembre",
        "meta": "@sys.date",
        "alias": "date",
        "userDefined": true
      },
      {
        "text": " del ",
        "userDefined": false
      },
      {
        "text": "38",
        "meta": "@sys.number",
        "alias": "number",
        "userDefined": true
      }
    ],
    "isTemplate": false,
    "count": 0,
    "lang": "it",
    "updated": 0
  },
  {
    "id": "d15f1b60-571d-4a9d-a9f0-d231872d3be3",
    "data": [
      {
        "text": "sono nato il giorno di ",
        "userDefined": false
      },
      {
        "text": "capodanno",
        "meta": "@sys.date",
        "alias": "date",
        "userDefined": true
      },
      {
        "text": " del ",
        "userDefined": false
      },
      {
        "text": "92",
        "meta": "@sys.number",
        "alias": "number",
        "userDefined": true
      }
    ],
    "isTemplate": false,
    "count": 0,
    "lang": "it",
    "updated": 0
  },
  {
    "id": "0b111303-1f79-4c74-b506-2da59ba8faae",
    "data": [
      {
        "text": "sono nato il giorno di ",
        "userDefined": false
      },
      {
        "text": "natale del 2000",
        "meta": "@sys.date",
        "alias": "date",
        "userDefined": true
      }
    ],
    "isTemplate": false,
    "count": 0,
    "lang": "it",
    "updated": 0
  },
  {
    "id": "d962a320-1d51-4d06-a0f6-df35b2f2cff7",
    "data": [
      {
        "text": "mia mamma è nata il ",
        "userDefined": false
      },
      {
        "text": "18 maggio 1960",
        "meta": "@sys.date",
        "alias": "date",
        "userDefined": true
      }
    ],
    "isTemplate": false,
    "count": 0,
    "lang": "it",
    "updated": 0
  },
  {
    "id": "38c4a63e-22c1-4a6e-8b08-d12cad092d35",
    "data": [
      {
        "text": "mio nonno è del ",
        "userDefined": false
      },
      {
        "text": "45",
        "meta": "@sys.number",
        "alias": "number",
        "userDefined": true
      },
      {
        "text": " . ",
        "userDefined": false
      },
      {
        "text": "18 maggio",
        "meta": "@sys.date",
        "alias": "date",
        "userDefined": true
      },
      {
        "text": " 45",
        "userDefined": false
      }
    ],
    "isTemplate": false,
    "count": 0,
    "lang": "it",
    "updated": 0
  },
  {
    "id": "70ec0528-908d-4ceb-8ab7-4c2b27fe779a",
    "data": [
      {
        "text": "mi sembra che sia nato il ",
        "userDefined": false
      },
      {
        "text": "18 maggio",
        "meta": "@sys.date",
        "alias": "date",
        "userDefined": true
      },
      {
        "text": " del ",
        "userDefined": false
      },
      {
        "text": "91",
        "meta": "@sys.number",
        "alias": "number",
        "userDefined": true
      }
    ],
    "isTemplate": false,
    "count": 0,
    "lang": "it",
    "updated": 0
  },
  {
    "id": "f9c02e01-e3fd-4b62-8d59-25fc3d7b4292",
    "data": [
      {
        "text": "sono sicuro che è del ",
        "userDefined": false
      },
      {
        "text": "1991",
        "meta": "@sys.number",
        "alias": "number",
        "userDefined": true
      },
      {
        "text": " . il giorno forse il ",
        "userDefined": false
      },
      {
        "text": "18 maggio",
        "meta": "@sys.date",
        "alias": "date",
        "userDefined": true
      }
    ],
    "isTemplate": false,
    "count": 0,
    "lang": "it",
    "updated": 0
  },
  {
    "id": "df7f0f1e-ada6-45df-86e8-6a0c9162f395",
    "data": [
      {
        "text": "sono nato il giorno della liberazione. il ",
        "userDefined": false
      },
      {
        "text": "25 aprile",
        "meta": "@sys.date",
        "alias": "date",
        "userDefined": true
      },
      {
        "text": " del ",
        "userDefined": false
      },
      {
        "text": "90",
        "meta": "@sys.number",
        "alias": "number",
        "userDefined": true
      }
    ],
    "isTemplate": false,
    "count": 0,
    "lang": "it",
    "updated": 0
  },
  {
    "id": "525b5754-e08d-4a3f-8a21-b2014f4d6977",
    "data": [
      {
        "text": "forse è nata il ",
        "userDefined": false
      },
      {
        "text": "25 aprile 1990",
        "meta": "@sys.date",
        "alias": "date",
        "userDefined": true
      }
    ],
    "isTemplate": false,
    "count": 0,
    "lang": "it",
    "updated": 0
  },
  {
    "id": "fd690dab-88d7-4649-9b81-d5337068736a",
    "data": [
      {
        "text": "dovrebbe essere nata nella primavera del ",
        "userDefined": false
      },
      {
        "text": "1990",
        "meta": "@sys.number",
        "alias": "number",
        "userDefined": true
      },
      {
        "text": " . forse il ",
        "userDefined": false
      },
      {
        "text": "25 aprile",
        "meta": "@sys.date",
        "alias": "date",
        "userDefined": true
      }
    ],
    "isTemplate": false,
    "count": 0,
    "lang": "it",
    "updated": 0
  },
  {
    "id": "1c91dea9-61ed-4714-b6c1-b4c61a771254",
    "data": [
      {
        "text": "09101991",
        "meta": "@sys.date",
        "alias": "date",
        "userDefined": true
      }
    ],
    "isTemplate": false,
    "count": 0,
    "lang": "it",
    "updated": 0
  },
  {
    "id": "061ff404-ebdc-4950-bf35-2b3453507df1",
    "data": [
      {
        "text": "07091990",
        "meta": "@sys.date",
        "alias": "date",
        "userDefined": true
      }
    ],
    "isTemplate": false,
    "count": 0,
    "lang": "it",
    "updated": 0
  },
  {
    "id": "fd168187-c110-45bc-b1c4-2326eafe9e88",
    "data": [
      {
        "text": "sì è ",
        "userDefined": false
      },
      {
        "text": "9 12 67",
        "meta": "@sys.date",
        "alias": "date",
        "userDefined": true
      }
    ],
    "isTemplate": false,
    "count": 0,
    "lang": "it",
    "updated": 0
  },
  {
    "id": "71376089-691a-4951-8f36-12573ab6ef2a",
    "data": [
      {
        "text": "sì la mia data di nascita è ",
        "userDefined": false
      },
      {
        "text": "7 8 92",
        "meta": "@sys.date",
        "alias": "date",
        "userDefined": true
      }
    ],
    "isTemplate": false,
    "count": 0,
    "lang": "it",
    "updated": 0
  },
  {
    "id": "083d433c-21ba-4be1-8396-a774485210c6",
    "data": [
      {
        "text": "sì è ",
        "userDefined": false
      },
      {
        "text": "5 1 1970",
        "meta": "@sys.date",
        "alias": "date",
        "userDefined": true
      }
    ],
    "isTemplate": false,
    "count": 0,
    "lang": "it",
    "updated": 0
  },
  {
    "id": "bb02e000-af4f-43fa-8474-0a9ab6e24bae",
    "data": [
      {
        "text": "5 1 1990",
        "meta": "@sys.date",
        "alias": "date",
        "userDefined": true
      }
    ],
    "isTemplate": false,
    "count": 0,
    "lang": "it",
    "updated": 0
  },
  {
    "id": "a1ddd80e-529d-4bcd-8dfe-46e1e2fe1e07",
    "data": [
      {
        "text": "4 8 1991",
        "meta": "@sys.date",
        "alias": "date",
        "userDefined": true
      }
    ],
    "isTemplate": false,
    "count": 0,
    "lang": "it",
    "updated": 0
  },
  {
    "id": "b80d07fe-0550-4298-b176-30dbadd43686",
    "data": [
      {
        "text": "3 10 1956",
        "meta": "@sys.date",
        "alias": "date",
        "userDefined": true
      }
    ],
    "isTemplate": false,
    "count": 0,
    "lang": "it",
    "updated": 0
  },
  {
    "id": "0fb610f3-bd20-4c34-99e4-2ad820d74a27",
    "data": [
      {
        "text": "14 11 1990",
        "meta": "@sys.date",
        "alias": "date",
        "userDefined": true
      }
    ],
    "isTemplate": false,
    "count": 0,
    "lang": "it",
    "updated": 0
  },
  {
    "id": "62d1c35f-8fc0-4099-8045-f8aff9fe8e82",
    "data": [
      {
        "text": "2 6 1988",
        "meta": "@sys.date",
        "alias": "date",
        "userDefined": true
      }
    ],
    "isTemplate": false,
    "count": 0,
    "lang": "it",
    "updated": 0
  },
  {
    "id": "f19f6561-eb3c-4089-bcf5-33ed11c94d3a",
    "data": [
      {
        "text": "2 marzo",
        "meta": "@sys.date",
        "alias": "date",
        "userDefined": true
      },
      {
        "text": " del ",
        "userDefined": false
      },
      {
        "text": "59",
        "meta": "@sys.number",
        "alias": "number",
        "userDefined": true
      }
    ],
    "isTemplate": false,
    "count": 0,
    "lang": "it",
    "updated": 0
  },
  {
    "id": "56e318b0-996a-43f8-a76e-39d39e3cd8ec",
    "data": [
      {
        "text": "4 luglio",
        "meta": "@sys.date",
        "alias": "date",
        "userDefined": true
      },
      {
        "text": " dell\u0027 ",
        "userDefined": false
      },
      {
        "text": "88",
        "meta": "@sys.number",
        "alias": "number",
        "userDefined": true
      }
    ],
    "isTemplate": false,
    "count": 0,
    "lang": "it",
    "updated": 0
  },
  {
    "id": "56c6bfb9-8c4c-483d-b4ab-dd14cd056cf4",
    "data": [
      {
        "text": "30 aprile",
        "meta": "@sys.date",
        "alias": "date",
        "userDefined": true
      },
      {
        "text": " ",
        "userDefined": false
      },
      {
        "text": "89",
        "meta": "@sys.number",
        "alias": "number",
        "userDefined": true
      }
    ],
    "isTemplate": false,
    "count": 0,
    "lang": "it",
    "updated": 0
  },
  {
    "id": "477446a9-d7be-4418-b3b5-b27ea9748407",
    "data": [
      {
        "text": "2 marzo",
        "meta": "@sys.date",
        "alias": "date",
        "userDefined": true
      },
      {
        "text": " ",
        "userDefined": false
      },
      {
        "text": "67",
        "meta": "@sys.number",
        "alias": "number",
        "userDefined": true
      }
    ],
    "isTemplate": false,
    "count": 0,
    "lang": "it",
    "updated": 0
  },
  {
    "id": "78dd2c8b-6fd9-4005-981e-104bb29ed214",
    "data": [
      {
        "text": "9 febbraio",
        "meta": "@sys.date",
        "alias": "date",
        "userDefined": true
      },
      {
        "text": " ",
        "userDefined": false
      },
      {
        "text": "87",
        "meta": "@sys.number",
        "alias": "number",
        "userDefined": true
      }
    ],
    "isTemplate": false,
    "count": 0,
    "lang": "it",
    "updated": 0
  },
  {
    "id": "1df41942-1594-4b2c-b8ff-57ba1ad0a571",
    "data": [
      {
        "text": "primo marzo 1945",
        "meta": "@sys.date",
        "alias": "date",
        "userDefined": true
      }
    ],
    "isTemplate": false,
    "count": 0,
    "lang": "it",
    "updated": 0
  },
  {
    "id": "7fb2be83-caae-4f0b-a23c-aa94cb82635c",
    "data": [
      {
        "text": "dodici giugno 1967",
        "meta": "@sys.date",
        "alias": "date",
        "userDefined": true
      }
    ],
    "isTemplate": false,
    "count": 0,
    "lang": "it",
    "updated": 0
  },
  {
    "id": "1f659f88-106f-4812-a123-196028641080",
    "data": [
      {
        "text": "sono nato il ",
        "userDefined": false
      },
      {
        "text": "2 9 1955",
        "meta": "@sys.date",
        "alias": "date",
        "userDefined": true
      }
    ],
    "isTemplate": false,
    "count": 0,
    "lang": "it",
    "updated": 0
  },
  {
    "id": "7415b832-ded8-4e71-be9b-03f30824c985",
    "data": [
      {
        "text": "la mia data di nascita è ",
        "userDefined": false
      },
      {
        "text": "8 agosto 1984",
        "meta": "@sys.date",
        "alias": "date",
        "userDefined": true
      }
    ],
    "isTemplate": false,
    "count": 0,
    "lang": "it",
    "updated": 0
  },
  {
    "id": "4d5d0323-51ab-41da-a7ac-436ae2e987e4",
    "data": [
      {
        "text": "1 gennaio 1970",
        "meta": "@sys.date",
        "alias": "date",
        "userDefined": true
      }
    ],
    "isTemplate": false,
    "count": 0,
    "lang": "it",
    "updated": 0
  },
  {
    "id": "12e14154-63d8-46d8-9f16-18a881e1db78",
    "data": [
      {
        "text": "12 aprile 1981",
        "meta": "@sys.date",
        "alias": "date",
        "userDefined": true
      }
    ],
    "isTemplate": false,
    "count": 0,
    "lang": "it",
    "updated": 0
  },
  {
    "id": "b5cdbc92-d43c-4ee6-aa35-15517feb1906",
    "data": [
      {
        "text": "14 marzo 1990",
        "meta": "@sys.date",
        "alias": "date",
        "userDefined": true
      }
    ],
    "isTemplate": false,
    "count": 0,
    "lang": "it",
    "updated": 0
  }
]