[
  {
    "id": "6859d95e-4e75-4eb3-989d-131668f31a9f",
    "data": [
      {
        "text": "subito ",
        "userDefined": false
      },
      {
        "text": "5053 6499 8621",
        "meta": "@numero-cliente",
        "alias": "numero-cliente",
        "userDefined": true
      }
    ],
    "isTemplate": false,
    "count": 0,
    "lang": "it",
    "updated": 0
  },
  {
    "id": "8193819e-fd47-4abe-ad09-832499122789",
    "data": [
      {
        "text": "quindi il numero ",
        "userDefined": false
      },
      {
        "text": "5054 8210 2511",
        "meta": "@numero-cliente",
        "alias": "numero-cliente",
        "userDefined": true
      }
    ],
    "isTemplate": false,
    "count": 0,
    "lang": "it",
    "updated": 0
  },
  {
    "id": "6b493588-dd88-4ab4-b6fe-e113c5d5e271",
    "data": [
      {
        "text": "Ok ",
        "userDefined": false
      },
      {
        "text": "5054 300 60723",
        "meta": "@numero-cliente",
        "alias": "numero-cliente",
        "userDefined": true
      }
    ],
    "isTemplate": false,
    "count": 0,
    "lang": "it",
    "updated": 0
  },
  {
    "id": "01498408-383e-45ca-bf55-879007abf886",
    "data": [
      {
        "text": "Allora il mio numero cliente ",
        "userDefined": false
      },
      {
        "text": "505 45/2011 251",
        "meta": "@numero-cliente",
        "alias": "numero-cliente",
        "userDefined": true
      }
    ],
    "isTemplate": false,
    "count": 0,
    "lang": "it",
    "updated": 0
  },
  {
    "id": "69adedef-4627-480e-ab1a-0490db4008e3",
    "data": [
      {
        "text": "Allora il ",
        "userDefined": false
      },
      {
        "text": "505 43 59 500 32",
        "meta": "@numero-cliente",
        "alias": "numero-cliente",
        "userDefined": true
      }
    ],
    "isTemplate": false,
    "count": 0,
    "lang": "it",
    "updated": 0
  },
  {
    "id": "8653516d-4722-4bea-992e-1eef0182ec22",
    "data": [
      {
        "text": "allora numero cliente ",
        "userDefined": false
      },
      {
        "text": "505501367948",
        "meta": "@numero-cliente",
        "alias": "numero-cliente",
        "userDefined": false
      }
    ],
    "isTemplate": false,
    "count": 0,
    "lang": "it",
    "updated": 0
  },
  {
    "id": "e375de6b-bea8-44c4-b5c9-dd0934b0c2ec",
    "data": [
      {
        "text": "allora ",
        "userDefined": false
      },
      {
        "text": "505405388826",
        "meta": "@numero-cliente",
        "alias": "numero-cliente",
        "userDefined": false
      }
    ],
    "isTemplate": false,
    "count": 0,
    "lang": "it",
    "updated": 0
  },
  {
    "id": "5ce3016a-aaff-42fa-9cf6-e94e61ffd475",
    "data": [
      {
        "text": "ecco ",
        "userDefined": false
      },
      {
        "text": "987654321987",
        "meta": "@numero-cliente",
        "alias": "numero-cliente",
        "userDefined": false
      }
    ],
    "isTemplate": false,
    "count": 0,
    "lang": "it",
    "updated": 0
  },
  {
    "id": "aa27484d-a05e-41a1-9240-68f0ee16cde3",
    "data": [
      {
        "text": "chiamavo per ",
        "userDefined": false
      },
      {
        "text": "ci 12345678901",
        "meta": "@numero-cliente",
        "alias": "numero-cliente",
        "userDefined": false
      }
    ],
    "isTemplate": false,
    "count": 0,
    "lang": "it",
    "updated": 0
  },
  {
    "id": "be0c64b7-7e04-4cbc-a4f4-1b1d2d86ff2e",
    "data": [
      {
        "text": "vi chiamo per ",
        "userDefined": false
      },
      {
        "text": "ci 12345678901",
        "meta": "@numero-cliente",
        "alias": "numero-cliente",
        "userDefined": false
      }
    ],
    "isTemplate": false,
    "count": 0,
    "lang": "it",
    "updated": 0
  },
  {
    "id": "283c3803-0ccb-4044-84ff-4d7aee79c788",
    "data": [
      {
        "text": "ho chiamato per ",
        "userDefined": false
      },
      {
        "text": "ci 12345678901",
        "meta": "@numero-cliente",
        "alias": "numero-cliente",
        "userDefined": false
      }
    ],
    "isTemplate": false,
    "count": 0,
    "lang": "it",
    "updated": 0
  },
  {
    "id": "0f0b14b2-f4e8-43f0-a7a8-877d1ef567a8",
    "data": [
      {
        "text": "sto chiamando per ",
        "userDefined": false
      },
      {
        "text": "ci 12345678901",
        "meta": "@numero-cliente",
        "alias": "numero-cliente",
        "userDefined": false
      }
    ],
    "isTemplate": false,
    "count": 0,
    "lang": "it",
    "updated": 0
  },
  {
    "id": "05e687e3-c8be-4fd0-9942-c2dfc67688bc",
    "data": [
      {
        "text": "chiamo per ",
        "userDefined": false
      },
      {
        "text": "ci 12345678901",
        "meta": "@numero-cliente",
        "alias": "numero-cliente",
        "userDefined": false
      }
    ],
    "isTemplate": false,
    "count": 0,
    "lang": "it",
    "updated": 0
  },
  {
    "id": "f1560366-58dd-49ff-a0d9-9e7ef122781d",
    "data": [
      {
        "text": "sì sono pronto eccolo ",
        "userDefined": false
      },
      {
        "text": "18 12 89890 123",
        "meta": "@numero-cliente",
        "alias": "numero-cliente",
        "userDefined": false
      }
    ],
    "isTemplate": false,
    "count": 0,
    "lang": "it",
    "updated": 0
  },
  {
    "id": "302a7806-861b-459f-9be0-d93c1976b809",
    "data": [
      {
        "text": "il mio codice conto e ",
        "userDefined": false
      },
      {
        "text": "ci 12345678901",
        "meta": "@numero-cliente",
        "alias": "numero-cliente",
        "userDefined": false
      }
    ],
    "isTemplate": false,
    "count": 0,
    "lang": "it",
    "updated": 0
  },
  {
    "id": "b987753a-3bdd-46ad-9647-2d74c2433675",
    "data": [
      {
        "text": "sì sono pronta ",
        "userDefined": false
      },
      {
        "text": "2 89 89 12 09 111",
        "meta": "@numero-cliente",
        "alias": "numero-cliente",
        "userDefined": false
      }
    ],
    "isTemplate": false,
    "count": 0,
    "lang": "it",
    "updated": 0
  },
  {
    "id": "96463c92-f3b1-4be8-ac3c-ef28dd4466f7",
    "data": [
      {
        "text": "sì sono pronto ",
        "userDefined": false
      },
      {
        "text": "581 9929 818 88",
        "meta": "@numero-cliente",
        "alias": "numero-cliente",
        "userDefined": false
      }
    ],
    "isTemplate": false,
    "count": 0,
    "lang": "it",
    "updated": 0
  },
  {
    "id": "0a6dc26e-9e3b-4840-82ab-0db5ce9c9f42",
    "data": [
      {
        "text": "codice cliente ",
        "userDefined": false
      },
      {
        "text": "458671335661",
        "meta": "@numero-cliente",
        "alias": "numero-cliente",
        "userDefined": false
      }
    ],
    "isTemplate": false,
    "count": 0,
    "lang": "it",
    "updated": 0
  },
  {
    "id": "80bbf2bd-ac98-43f4-9eaf-85855c296239",
    "data": [
      {
        "text": "il mio codice cliente è ",
        "userDefined": false
      },
      {
        "text": "819827819121",
        "meta": "@numero-cliente",
        "alias": "numero-cliente",
        "userDefined": false
      }
    ],
    "isTemplate": false,
    "count": 0,
    "lang": "it",
    "updated": 0
  },
  {
    "id": "940a20c7-198a-4647-b235-66319d050e16",
    "data": [
      {
        "text": "il mio codice conto è ",
        "userDefined": false
      },
      {
        "text": "856745678912",
        "meta": "@numero-cliente",
        "alias": "numero-cliente",
        "userDefined": false
      }
    ],
    "isTemplate": false,
    "count": 0,
    "lang": "it",
    "updated": 0
  },
  {
    "id": "cc8c0ac3-eb49-403e-bfef-7f786e26e1fa",
    "data": [
      {
        "text": "4567 2936 23 78",
        "meta": "@numero-cliente",
        "alias": "numero-cliente",
        "userDefined": false
      }
    ],
    "isTemplate": false,
    "count": 0,
    "lang": "it",
    "updated": 0
  },
  {
    "id": "12888fca-e8ea-4b8a-b73c-2154f088cb44",
    "data": [
      {
        "text": "cal3333333335bis",
        "meta": "@numero-cliente",
        "alias": "numero-cliente",
        "userDefined": false
      },
      {
        "text": " va bene",
        "userDefined": false
      }
    ],
    "isTemplate": false,
    "count": 0,
    "lang": "it",
    "updated": 0
  },
  {
    "id": "a47cc295-7947-4710-9f5c-54448948c9b3",
    "data": [
      {
        "text": "ancora? ok ",
        "userDefined": false
      },
      {
        "text": "hvsc77777777",
        "meta": "@numero-cliente",
        "alias": "numero-cliente",
        "userDefined": false
      }
    ],
    "isTemplate": false,
    "count": 0,
    "lang": "it",
    "updated": 0
  },
  {
    "id": "f68682ae-fa03-4c90-8500-6f8a68edca37",
    "data": [
      {
        "text": "e ripetiamolo: ",
        "userDefined": false
      },
      {
        "text": "123456789012",
        "meta": "@numero-cliente",
        "alias": "numero-cliente",
        "userDefined": false
      }
    ],
    "isTemplate": false,
    "count": 0,
    "lang": "it",
    "updated": 0
  },
  {
    "id": "56a41318-c100-4f2f-bd1f-a32a8bccdb96",
    "data": [
      {
        "text": "ok lo ripeto: ",
        "userDefined": false
      },
      {
        "text": "clih22222222",
        "meta": "@numero-cliente",
        "alias": "numero-cliente",
        "userDefined": false
      }
    ],
    "isTemplate": false,
    "count": 0,
    "lang": "it",
    "updated": 0
  },
  {
    "id": "2678e8f7-f5c0-4a7e-8151-856679725e93",
    "data": [
      {
        "text": "ok te lo ripeto è ",
        "userDefined": false
      },
      {
        "text": "ldch999999",
        "meta": "@numero-cliente",
        "alias": "numero-cliente",
        "userDefined": false
      }
    ],
    "isTemplate": false,
    "count": 0,
    "lang": "it",
    "updated": 0
  },
  {
    "id": "c789aac5-e313-473e-8e96-a7552222267e",
    "data": [
      {
        "text": "867564090098",
        "meta": "@numero-cliente",
        "alias": "numero-cliente",
        "userDefined": false
      },
      {
        "text": " chiaro?",
        "userDefined": false
      }
    ],
    "isTemplate": false,
    "count": 0,
    "lang": "it",
    "updated": 0
  },
  {
    "id": "b8827664-6f04-4b81-b69d-9be31c2eb5f1",
    "data": [
      {
        "text": "è quello della fornitura intestata a mia figlia ",
        "userDefined": false
      },
      {
        "text": "fra444444",
        "meta": "@numero-cliente",
        "alias": "numero-cliente",
        "userDefined": false
      }
    ],
    "isTemplate": false,
    "count": 0,
    "lang": "it",
    "updated": 0
  },
  {
    "id": "89f6ec4b-a8e9-43cd-b4d0-d8683c2789a5",
    "data": [
      {
        "text": "ti dico quello della residenza estiva che è ",
        "userDefined": false
      },
      {
        "text": "cal3333333332bis",
        "meta": "@numero-cliente",
        "alias": "numero-cliente",
        "userDefined": false
      }
    ],
    "isTemplate": false,
    "count": 0,
    "lang": "it",
    "updated": 0
  },
  {
    "id": "2bb0bf70-a73b-44b4-84af-e7bf0fa13173",
    "data": [
      {
        "text": "ti dico quello della casa in montagna che è ",
        "userDefined": false
      },
      {
        "text": "hbac11111111",
        "meta": "@numero-cliente",
        "alias": "numero-cliente",
        "userDefined": false
      }
    ],
    "isTemplate": false,
    "count": 0,
    "lang": "it",
    "updated": 0
  },
  {
    "id": "939d7eb9-a6d5-4926-9cdb-24c66262ab45",
    "data": [
      {
        "text": "il contratto per via milano 5 a roma ha il numero ",
        "userDefined": false
      },
      {
        "text": "term44444444",
        "meta": "@numero-cliente",
        "alias": "numero-cliente",
        "userDefined": false
      }
    ],
    "isTemplate": false,
    "count": 0,
    "lang": "it",
    "updated": 0
  },
  {
    "id": "0a9f55ca-83b1-4947-9bb8-204c90e3d1e0",
    "data": [
      {
        "text": "il numero della fornitura per via adua 25 a seveso è ",
        "userDefined": false
      },
      {
        "text": "l88888888888gg",
        "meta": "@numero-cliente",
        "alias": "numero-cliente",
        "userDefined": false
      }
    ],
    "isTemplate": false,
    "count": 0,
    "lang": "it",
    "updated": 0
  },
  {
    "id": "017d0243-78f0-4a40-a0a9-543724c416f2",
    "data": [
      {
        "text": "123456789015",
        "meta": "@numero-cliente",
        "alias": "numero-cliente",
        "userDefined": false
      },
      {
        "text": " che è per il gas nella casa al mare",
        "userDefined": false
      }
    ],
    "isTemplate": false,
    "count": 0,
    "lang": "it",
    "updated": 0
  },
  {
    "id": "4c3e55bb-7621-4f06-b4c6-555afb4dc231",
    "data": [
      {
        "text": "ti do il numero della fornitura per la casa di campagna che è ",
        "userDefined": false
      },
      {
        "text": "123456789012",
        "meta": "@numero-cliente",
        "alias": "numero-cliente",
        "userDefined": false
      },
      {
        "text": " va bene?",
        "userDefined": false
      }
    ],
    "isTemplate": false,
    "count": 0,
    "lang": "it",
    "updated": 0
  },
  {
    "id": "cacbaab5-aada-4888-bb0b-bfd15c5ba0ee",
    "data": [
      {
        "text": "il numero riportato sulla bolletta è ",
        "userDefined": false
      },
      {
        "text": "alch555555555",
        "meta": "@numero-cliente",
        "alias": "numero-cliente",
        "userDefined": false
      }
    ],
    "isTemplate": false,
    "count": 0,
    "lang": "it",
    "updated": 0
  },
  {
    "id": "d33f4856-d15d-4502-b7c9-c2b3976c8fd0",
    "data": [
      {
        "text": "l\u0027intestatario è mario rossi e il suo numero di conto è ",
        "userDefined": false
      },
      {
        "text": "123456789012",
        "meta": "@numero-cliente",
        "alias": "numero-cliente",
        "userDefined": false
      },
      {
        "text": " mi hai sentito?",
        "userDefined": false
      }
    ],
    "isTemplate": false,
    "count": 0,
    "lang": "it",
    "updated": 0
  },
  {
    "id": "4967f5d7-e0ec-4f57-8ae3-91f829abbe50",
    "data": [
      {
        "text": "ho il conto intestato a mio padre il numero è ",
        "userDefined": false
      },
      {
        "text": "hvac22222222b",
        "meta": "@numero-cliente",
        "alias": "numero-cliente",
        "userDefined": false
      }
    ],
    "isTemplate": false,
    "count": 0,
    "lang": "it",
    "updated": 0
  },
  {
    "id": "63a0b8af-6bfd-4cbe-b709-c37bad932358",
    "data": [
      {
        "text": "il conto è intestato a me il numero è ",
        "userDefined": false
      },
      {
        "text": "hvac888888bs",
        "meta": "@numero-cliente",
        "alias": "numero-cliente",
        "userDefined": false
      }
    ],
    "isTemplate": false,
    "count": 0,
    "lang": "it",
    "updated": 0
  },
  {
    "id": "bd4d262d-cc8d-4157-b647-f615362b6f22",
    "data": [
      {
        "text": "il conto è intestato a mio marito il numero è ",
        "userDefined": false
      },
      {
        "text": "pbr11111",
        "meta": "@numero-cliente",
        "alias": "numero-cliente",
        "userDefined": false
      }
    ],
    "isTemplate": false,
    "count": 0,
    "lang": "it",
    "updated": 0
  },
  {
    "id": "8e6c2158-4198-44b5-a60a-fb9313bd7895",
    "data": [
      {
        "text": "il numero dell\u0027intestatario è ",
        "userDefined": false
      },
      {
        "text": "hva1234567890",
        "meta": "@numero-cliente",
        "alias": "numero-cliente",
        "userDefined": false
      }
    ],
    "isTemplate": false,
    "count": 0,
    "lang": "it",
    "updated": 0
  },
  {
    "id": "841ea3e2-71e5-4166-8961-dc9f7a787397",
    "data": [
      {
        "text": "il mio numero cliente è ",
        "userDefined": false
      },
      {
        "text": "vacf3333333",
        "meta": "@numero-cliente",
        "alias": "numero-cliente",
        "userDefined": false
      }
    ],
    "isTemplate": false,
    "count": 0,
    "lang": "it",
    "updated": 0
  },
  {
    "id": "eba33949-8a87-4edb-9038-6035dd78ee58",
    "data": [
      {
        "text": "io ho ",
        "userDefined": false
      },
      {
        "text": "zrc444444444",
        "meta": "@numero-cliente",
        "alias": "numero-cliente",
        "userDefined": false
      }
    ],
    "isTemplate": false,
    "count": 0,
    "lang": "it",
    "updated": 0
  },
  {
    "id": "fc5316c7-ff47-4776-b4d5-82fad96a6ccb",
    "data": [
      {
        "text": "io vedo ",
        "userDefined": false
      },
      {
        "text": "hva666666666g",
        "meta": "@numero-cliente",
        "alias": "numero-cliente",
        "userDefined": false
      }
    ],
    "isTemplate": false,
    "count": 0,
    "lang": "it",
    "updated": 0
  },
  {
    "id": "9aebd020-c382-4286-aafa-594dee4bca21",
    "data": [
      {
        "text": "sulla bolletta è scritto ",
        "userDefined": false
      },
      {
        "text": "wg6666666666d",
        "meta": "@numero-cliente",
        "alias": "numero-cliente",
        "userDefined": false
      }
    ],
    "isTemplate": false,
    "count": 0,
    "lang": "it",
    "updated": 0
  },
  {
    "id": "7b38aa23-7372-4e33-984e-20b3cd2e0c82",
    "data": [
      {
        "text": "quello che ho sulla bolletta è ",
        "userDefined": false
      },
      {
        "text": "123456789012",
        "meta": "@numero-cliente",
        "alias": "numero-cliente",
        "userDefined": false
      }
    ],
    "isTemplate": false,
    "count": 0,
    "lang": "it",
    "updated": 0
  },
  {
    "id": "7d030618-75ca-4c43-a4ac-efbd22318b2c",
    "data": [
      {
        "text": "il numero che ho disponibile è ",
        "userDefined": false
      },
      {
        "text": "ag222222222",
        "meta": "@numero-cliente",
        "alias": "numero-cliente",
        "userDefined": false
      }
    ],
    "isTemplate": false,
    "count": 0,
    "lang": "it",
    "updated": 0
  },
  {
    "id": "09636098-a30a-4d96-9f0c-194283fec358",
    "data": [
      {
        "text": "il numero sulla bolletta che ho trovato è ",
        "userDefined": false
      },
      {
        "text": "wpcs91-999",
        "meta": "@numero-cliente",
        "alias": "numero-cliente",
        "userDefined": false
      }
    ],
    "isTemplate": false,
    "count": 0,
    "lang": "it",
    "updated": 0
  },
  {
    "id": "7ff16c28-4ed8-4097-a13c-0c4e2d570b43",
    "data": [
      {
        "text": "il numero sulla bolletta della luce è ",
        "userDefined": false
      },
      {
        "text": "123456789012",
        "meta": "@numero-cliente",
        "alias": "numero-cliente",
        "userDefined": false
      }
    ],
    "isTemplate": false,
    "count": 0,
    "lang": "it",
    "updated": 0
  },
  {
    "id": "bb8d289f-7559-4814-b429-5796aa3f44fd",
    "data": [
      {
        "text": "il numero sulla bolletta del gas è ",
        "userDefined": false
      },
      {
        "text": "ze5555555555l",
        "meta": "@numero-cliente",
        "alias": "numero-cliente",
        "userDefined": false
      }
    ],
    "isTemplate": false,
    "count": 0,
    "lang": "it",
    "updated": 0
  },
  {
    "id": "faa814a4-f334-4850-9368-a9018cd976f4",
    "data": [
      {
        "text": "guarda è ",
        "userDefined": false
      },
      {
        "text": "pcs771-77",
        "meta": "@numero-cliente",
        "alias": "numero-cliente",
        "userDefined": false
      }
    ],
    "isTemplate": false,
    "count": 0,
    "lang": "it",
    "updated": 0
  },
  {
    "id": "026e497e-d691-4ebe-af22-75e3d7e0da94",
    "data": [
      {
        "text": "mi pare che sia ",
        "userDefined": false
      },
      {
        "text": "hvac00000",
        "meta": "@numero-cliente",
        "alias": "numero-cliente",
        "userDefined": false
      }
    ],
    "isTemplate": false,
    "count": 0,
    "lang": "it",
    "updated": 0
  },
  {
    "id": "410107bc-76e5-4bb3-800f-75958fd7625a",
    "data": [
      {
        "text": "io leggo ",
        "userDefined": false
      },
      {
        "text": "123456789012",
        "meta": "@numero-cliente",
        "alias": "numero-cliente",
        "userDefined": false
      }
    ],
    "isTemplate": false,
    "count": 0,
    "lang": "it",
    "updated": 0
  },
  {
    "id": "9e6894df-0072-46f8-9826-307b22f1cfdc",
    "data": [
      {
        "text": "allora io qui vedo ",
        "userDefined": false
      },
      {
        "text": "q2831297814",
        "meta": "@numero-cliente",
        "alias": "numero-cliente",
        "userDefined": false
      }
    ],
    "isTemplate": false,
    "count": 0,
    "lang": "it",
    "updated": 0
  },
  {
    "id": "3a8dbd54-6e92-48eb-bdd1-b4d825ba12e8",
    "data": [
      {
        "text": "credo che il numero sia ",
        "userDefined": false
      },
      {
        "text": "mnp123456789a",
        "meta": "@numero-cliente",
        "alias": "numero-cliente",
        "userDefined": false
      }
    ],
    "isTemplate": false,
    "count": 0,
    "lang": "it",
    "updated": 0
  },
  {
    "id": "f3c255d1-7de1-40f3-be5b-e7b1d5f93e5f",
    "data": [
      {
        "text": "guarda il numero è ",
        "userDefined": false
      },
      {
        "text": "mpr123456789",
        "meta": "@numero-cliente",
        "alias": "numero-cliente",
        "userDefined": false
      }
    ],
    "isTemplate": false,
    "count": 0,
    "lang": "it",
    "updated": 0
  },
  {
    "id": "8a8689dd-7778-486d-af99-e74c2bf3b331",
    "data": [
      {
        "text": "sto chiamando per mia mamma però  il suo numero cliente è ",
        "userDefined": false
      },
      {
        "text": "znds88888888",
        "meta": "@numero-cliente",
        "alias": "numero-cliente",
        "userDefined": false
      }
    ],
    "isTemplate": false,
    "count": 0,
    "lang": "it",
    "updated": 0
  },
  {
    "id": "f2dc4e37-2d69-48f0-9d9b-4a184a9fadaa",
    "data": [
      {
        "text": "il numero è ",
        "userDefined": false
      },
      {
        "text": "686318091867",
        "meta": "@numero-cliente",
        "alias": "numero-cliente",
        "userDefined": false
      },
      {
        "text": " che è di mio papà",
        "userDefined": false
      }
    ],
    "isTemplate": false,
    "count": 0,
    "lang": "it",
    "updated": 0
  },
  {
    "id": "36cb8749-7ac6-47f6-90fb-8c6065447477",
    "data": [
      {
        "text": "sì ti dico il numero di mia mamma che è ",
        "userDefined": false
      },
      {
        "text": "hvac12345678l",
        "meta": "@numero-cliente",
        "alias": "numero-cliente",
        "userDefined": false
      }
    ],
    "isTemplate": false,
    "count": 0,
    "lang": "it",
    "updated": 0
  },
  {
    "id": "c7b2c83f-5821-43ac-89e3-f38bafcc0c7f",
    "data": [
      {
        "text": "sì le do il numero di mio marito che è ",
        "userDefined": false
      },
      {
        "text": "yyy123456789",
        "meta": "@numero-cliente",
        "alias": "numero-cliente",
        "userDefined": false
      }
    ],
    "isTemplate": false,
    "count": 0,
    "lang": "it",
    "updated": 0
  },
  {
    "id": "7fc1d4f1-efdc-40ec-b316-afd023e892cc",
    "data": [
      {
        "text": "sì è ",
        "userDefined": false
      },
      {
        "text": "hvac12345678",
        "meta": "@numero-cliente",
        "alias": "numero-cliente",
        "userDefined": false
      }
    ],
    "isTemplate": false,
    "count": 0,
    "lang": "it",
    "updated": 0
  },
  {
    "id": "e11853f1-4780-4d58-a1e7-e9dce7495fed",
    "data": [
      {
        "text": "sto chiamando in riferimento al conto ",
        "userDefined": false
      },
      {
        "text": "l29369356506",
        "meta": "@numero-cliente",
        "alias": "numero-cliente",
        "userDefined": false
      }
    ],
    "isTemplate": false,
    "count": 0,
    "lang": "it",
    "updated": 0
  },
  {
    "id": "70deba53-1a61-4a8a-b8f3-60e2b10408ae",
    "data": [
      {
        "text": "il numero cliente di riferimento è ",
        "userDefined": false
      },
      {
        "text": "c12345678901",
        "meta": "@numero-cliente",
        "alias": "numero-cliente",
        "userDefined": false
      }
    ],
    "isTemplate": false,
    "count": 0,
    "lang": "it",
    "updated": 0
  },
  {
    "id": "4c374328-f4eb-4120-b4e2-5ea1f9859f45",
    "data": [
      {
        "text": "il numero del conto per cui vi sto chiamando è ",
        "userDefined": false
      },
      {
        "text": "c12345678981",
        "meta": "@numero-cliente",
        "alias": "numero-cliente",
        "userDefined": false
      }
    ],
    "isTemplate": false,
    "count": 0,
    "lang": "it",
    "updated": 0
  },
  {
    "id": "c17c0efe-932f-4614-a07c-10d3c155dbec",
    "data": [
      {
        "text": "il numero del conto è ",
        "userDefined": false
      },
      {
        "text": "c12345678961",
        "meta": "@numero-cliente",
        "alias": "numero-cliente",
        "userDefined": false
      }
    ],
    "isTemplate": false,
    "count": 0,
    "lang": "it",
    "updated": 0
  },
  {
    "id": "da0d6dcc-7348-48d2-8229-7d0e10eb3584",
    "data": [
      {
        "text": "ah certo il numero è ",
        "userDefined": false
      },
      {
        "text": "yyy123456789",
        "meta": "@numero-cliente",
        "alias": "numero-cliente",
        "userDefined": false
      }
    ],
    "isTemplate": false,
    "count": 0,
    "lang": "it",
    "updated": 0
  },
  {
    "id": "d8bc01c7-52b4-4c3d-8e2a-f260e14096a4",
    "data": [
      {
        "text": "il numero cliente è ",
        "userDefined": false
      },
      {
        "text": "sh4333493692",
        "meta": "@numero-cliente",
        "alias": "numero-cliente",
        "userDefined": false
      }
    ],
    "isTemplate": false,
    "count": 0,
    "lang": "it",
    "updated": 0
  },
  {
    "id": "70ba8ba5-da06-4734-b69c-b2a6f242089d",
    "data": [
      {
        "text": "lo detto: 12345678901 ",
        "userDefined": false
      },
      {
        "text": "123457000000",
        "meta": "@numero-cliente",
        "alias": "numero-cliente",
        "userDefined": false
      },
      {
        "text": " 23456789012",
        "userDefined": false
      }
    ],
    "isTemplate": false,
    "count": 0,
    "lang": "it",
    "updated": 0
  },
  {
    "id": "701913e7-186f-4061-8ca1-db1520f9c985",
    "data": [
      {
        "text": "ascolta bene che lo detto: è ",
        "userDefined": false
      },
      {
        "text": "123456789012",
        "meta": "@numero-cliente",
        "alias": "numero-cliente",
        "userDefined": false
      }
    ],
    "isTemplate": false,
    "count": 0,
    "lang": "it",
    "updated": 0
  },
  {
    "id": "7bf80a6f-4b55-44df-bbc3-0f3d24595beb",
    "data": [
      {
        "text": "credo che fosse ",
        "userDefined": false
      },
      {
        "text": "lmnp666666666gh",
        "meta": "@numero-cliente",
        "alias": "numero-cliente",
        "userDefined": false
      }
    ],
    "isTemplate": false,
    "count": 0,
    "lang": "it",
    "updated": 0
  },
  {
    "id": "300bc911-693f-4254-a0d6-bf8cacc26bfc",
    "data": [
      {
        "text": "mi pare proprio che sia ",
        "userDefined": false
      },
      {
        "text": "123456789012",
        "meta": "@numero-cliente",
        "alias": "numero-cliente",
        "userDefined": false
      }
    ],
    "isTemplate": false,
    "count": 0,
    "lang": "it",
    "updated": 0
  },
  {
    "id": "e706e8f9-525a-4b2f-b545-81953d9de81c",
    "data": [
      {
        "text": "allora è ",
        "userDefined": false
      },
      {
        "text": "mpr77777777",
        "meta": "@numero-cliente",
        "alias": "numero-cliente",
        "userDefined": false
      }
    ],
    "isTemplate": false,
    "count": 0,
    "lang": "it",
    "updated": 0
  },
  {
    "id": "024f3caf-bc12-40e9-9027-c85eaed07d55",
    "data": [
      {
        "text": "glielo leggo: ",
        "userDefined": false
      },
      {
        "text": "123456789012",
        "meta": "@numero-cliente",
        "alias": "numero-cliente",
        "userDefined": false
      }
    ],
    "isTemplate": false,
    "count": 0,
    "lang": "it",
    "updated": 0
  },
  {
    "id": "f565fe1f-3d7e-4b42-8bb9-d42ed6601b19",
    "data": [
      {
        "text": "aspetti che glielo leggo: ",
        "userDefined": false
      },
      {
        "text": "123456789012",
        "meta": "@numero-cliente",
        "alias": "numero-cliente",
        "userDefined": false
      }
    ],
    "isTemplate": false,
    "count": 0,
    "lang": "it",
    "updated": 0
  },
  {
    "id": "9ad714e7-e53d-4287-998e-b861b7361ea9",
    "data": [
      {
        "text": "se mi ricordo bene è ",
        "userDefined": false
      },
      {
        "text": "wg9999999999ko",
        "meta": "@numero-cliente",
        "alias": "numero-cliente",
        "userDefined": false
      }
    ],
    "isTemplate": false,
    "count": 0,
    "lang": "it",
    "updated": 0
  },
  {
    "id": "e7f217ea-e468-4725-99b9-2bbe2a650b14",
    "data": [
      {
        "text": "è ",
        "userDefined": false
      },
      {
        "text": "123456789012",
        "meta": "@numero-cliente",
        "alias": "numero-cliente",
        "userDefined": false
      }
    ],
    "isTemplate": false,
    "count": 0,
    "lang": "it",
    "updated": 0
  },
  {
    "id": "d5cb1a77-8373-4441-9832-c01b833a5b41",
    "data": [
      {
        "text": "il mio numero cliente è ",
        "userDefined": false
      },
      {
        "text": "359192057508",
        "meta": "@numero-cliente",
        "alias": "numero-cliente",
        "userDefined": false
      },
      {
        "text": " spero non mi sia sbagliato",
        "userDefined": false
      }
    ],
    "isTemplate": false,
    "count": 0,
    "lang": "it",
    "updated": 0
  },
  {
    "id": "7dc7e4df-0462-441c-8a97-731e37d6352d",
    "data": [
      {
        "text": "certo il numero è ",
        "userDefined": false
      },
      {
        "text": "c1234567890",
        "meta": "@numero-cliente",
        "alias": "numero-cliente",
        "userDefined": false
      }
    ],
    "isTemplate": false,
    "count": 0,
    "lang": "it",
    "updated": 0
  },
  {
    "id": "9d6965e0-c6e0-43c6-a7a6-845d275d1b46",
    "data": [
      {
        "text": "certo il mio numero di conto è ",
        "userDefined": false
      },
      {
        "text": "mnp999999999ter",
        "meta": "@numero-cliente",
        "alias": "numero-cliente",
        "userDefined": false
      }
    ],
    "isTemplate": false,
    "count": 0,
    "lang": "it",
    "updated": 0
  },
  {
    "id": "ff39d42e-8eb9-49be-b49e-4da3e90bdc37",
    "data": [
      {
        "text": "allora numero cliente del contratto è ",
        "userDefined": false
      },
      {
        "text": "5054 403511 10",
        "meta": "@numero-cliente",
        "alias": "numero-cliente",
        "userDefined": false
      }
    ],
    "isTemplate": false,
    "count": 0,
    "lang": "it",
    "updated": 0
  },
  {
    "id": "6f00c749-2b1f-47d0-b814-db04da7541c6",
    "data": [
      {
        "text": "sì un attimo dunque ",
        "userDefined": false
      },
      {
        "text": "50 54093 33083",
        "meta": "@numero-cliente",
        "alias": "numero-cliente",
        "userDefined": false
      }
    ],
    "isTemplate": false,
    "count": 0,
    "lang": "it",
    "updated": 0
  },
  {
    "id": "9025e3ed-7469-44bf-ab71-3b466984f933",
    "data": [
      {
        "text": "intestatario del servizio... leggo quello nuovo allora ",
        "userDefined": false
      },
      {
        "text": "50 55054 58982",
        "meta": "@numero-cliente",
        "alias": "numero-cliente",
        "userDefined": false
      }
    ],
    "isTemplate": false,
    "count": 0,
    "lang": "it",
    "updated": 0
  },
  {
    "id": "f803cbf0-f2f0-487c-b62b-f6ac967a54e4",
    "data": [
      {
        "text": "io chiamo per lorenzo cristofani il numero del cliente è ",
        "userDefined": false
      },
      {
        "text": "505 84 84 137 84",
        "meta": "@numero-cliente",
        "alias": "numero-cliente",
        "userDefined": false
      }
    ],
    "isTemplate": false,
    "count": 0,
    "lang": "it",
    "updated": 0
  },
  {
    "id": "911bea32-e2dd-407f-b69e-a78ac1c4fee9",
    "data": [
      {
        "text": "numero clienti eni ",
        "userDefined": false
      },
      {
        "text": "50 53 60 94 95 96",
        "meta": "@numero-cliente",
        "alias": "numero-cliente",
        "userDefined": false
      }
    ],
    "isTemplate": false,
    "count": 0,
    "lang": "it",
    "updated": 0
  },
  {
    "id": "e67104c8-47a8-46fd-994c-2feb9a74d3ad",
    "data": [
      {
        "text": "giorno ",
        "userDefined": false
      },
      {
        "text": "5 0547 02 69 497",
        "meta": "@numero-cliente",
        "alias": "numero-cliente",
        "userDefined": false
      }
    ],
    "isTemplate": false,
    "count": 0,
    "lang": "it",
    "updated": 0
  },
  {
    "id": "cb22cfce-1458-41c9-93d8-d1edaba693d6",
    "data": [
      {
        "text": "505 47 49 40606",
        "meta": "@numero-cliente",
        "alias": "numero-cliente",
        "userDefined": false
      },
      {
        "text": " è il mio numero cliente",
        "userDefined": false
      }
    ],
    "isTemplate": false,
    "count": 0,
    "lang": "it",
    "updated": 0
  },
  {
    "id": "a19371a3-8052-4ec0-9190-c7a0fb0d6451",
    "data": [
      {
        "text": "un attimo ",
        "userDefined": false
      },
      {
        "text": "505411037797",
        "meta": "@numero-cliente",
        "alias": "numero-cliente",
        "userDefined": false
      }
    ],
    "isTemplate": false,
    "count": 0,
    "lang": "it",
    "updated": 0
  },
  {
    "id": "faac32a8-3900-496b-b523-e31db16b85bf",
    "data": [
      {
        "text": "505 460 595 844",
        "meta": "@numero-cliente",
        "alias": "numero-cliente",
        "userDefined": false
      },
      {
        "text": " fornitura gas e luce",
        "userDefined": false
      }
    ],
    "isTemplate": false,
    "count": 0,
    "lang": "it",
    "updated": 0
  },
  {
    "id": "0bcdc73e-8f14-45f8-8cba-f9134e1a7b31",
    "data": [
      {
        "text": "numero cliente luce ",
        "userDefined": false
      },
      {
        "text": "50 54 98 94 49 98",
        "meta": "@numero-cliente",
        "alias": "numero-cliente",
        "userDefined": false
      }
    ],
    "isTemplate": false,
    "count": 0,
    "lang": "it",
    "updated": 0
  },
  {
    "id": "61c8e54f-d440-4645-b105-7975877668e7",
    "data": [
      {
        "text": "505 499 784 476",
        "meta": "@numero-cliente",
        "alias": "numero-cliente",
        "userDefined": false
      },
      {
        "text": " parlare con un operatore",
        "userDefined": false
      }
    ],
    "isTemplate": false,
    "count": 0,
    "lang": "it",
    "updated": 0
  },
  {
    "id": "64c320bb-fa84-4e52-8cdb-f0a5dd835794",
    "data": [
      {
        "text": "il numero del contratto è numero cliente ",
        "userDefined": false
      },
      {
        "text": "1113 3530 05 01",
        "meta": "@numero-cliente",
        "alias": "numero-cliente",
        "userDefined": false
      }
    ],
    "isTemplate": false,
    "count": 0,
    "lang": "it",
    "updated": 0
  },
  {
    "id": "221b5440-a7ba-4d43-aa35-f8a6b2310fc5",
    "data": [
      {
        "text": "ma l\u0027ho detto ",
        "userDefined": false
      },
      {
        "text": "50046 600 5632",
        "meta": "@numero-cliente",
        "alias": "numero-cliente",
        "userDefined": false
      }
    ],
    "isTemplate": false,
    "count": 0,
    "lang": "it",
    "updated": 0
  },
  {
    "id": "10211084-8e4c-4cd3-a21d-6b090afcedd5",
    "data": [
      {
        "text": "sì come no dunque numero cliente ",
        "userDefined": false
      },
      {
        "text": "50046 600 5631",
        "meta": "@numero-cliente",
        "alias": "numero-cliente",
        "userDefined": false
      }
    ],
    "isTemplate": false,
    "count": 0,
    "lang": "it",
    "updated": 0
  },
  {
    "id": "d6c72b35-d59c-45c6-8965-9f0898d47552",
    "data": [
      {
        "text": "un attimo ",
        "userDefined": false
      },
      {
        "text": "50541 10 37797",
        "meta": "@numero-cliente",
        "alias": "numero-cliente",
        "userDefined": false
      }
    ],
    "isTemplate": false,
    "count": 0,
    "lang": "it",
    "updated": 0
  },
  {
    "id": "738002f5-d8f6-4533-8337-35a43576148f",
    "data": [
      {
        "text": "ho bisogno di parlare con un operatore ",
        "userDefined": false
      },
      {
        "text": "50539 377 1157",
        "meta": "@numero-cliente",
        "alias": "numero-cliente",
        "userDefined": false
      }
    ],
    "isTemplate": false,
    "count": 0,
    "lang": "it",
    "updated": 0
  },
  {
    "id": "536f3b92-1e6b-4b55-994c-df568aea466e",
    "data": [
      {
        "text": "ricomincio di nuovo ",
        "userDefined": false
      },
      {
        "text": "1907 28270 919",
        "meta": "@numero-cliente",
        "alias": "numero-cliente",
        "userDefined": false
      }
    ],
    "isTemplate": false,
    "count": 0,
    "lang": "it",
    "updated": 0
  },
  {
    "id": "59b33a14-ebe3-4ca3-9a9c-14927346b9fc",
    "data": [
      {
        "text": "505 469 67 1877",
        "meta": "@numero-cliente",
        "alias": "numero-cliente",
        "userDefined": false
      },
      {
        "text": " a nome beltrame germana",
        "userDefined": false
      }
    ],
    "isTemplate": false,
    "count": 0,
    "lang": "it",
    "updated": 0
  },
  {
    "id": "fe5dd16c-0ba7-4c99-b63a-e53a7a1cfa18",
    "data": [
      {
        "text": "50549 1947 295",
        "meta": "@numero-cliente",
        "alias": "numero-cliente",
        "userDefined": false
      },
      {
        "text": " vorrei parlare con un operatore",
        "userDefined": false
      }
    ],
    "isTemplate": false,
    "count": 0,
    "lang": "it",
    "updated": 0
  },
  {
    "id": "3b68ab6b-5048-41af-9333-054374756f67",
    "data": [
      {
        "text": "cara lucilla se mi fai parlare ",
        "userDefined": false
      },
      {
        "text": "50548 7700 914",
        "meta": "@numero-cliente",
        "alias": "numero-cliente",
        "userDefined": false
      }
    ],
    "isTemplate": false,
    "count": 0,
    "lang": "it",
    "updated": 0
  },
  {
    "id": "69e66557-1988-4b9f-809c-d30e2e95ec89",
    "data": [
      {
        "text": "il numero cliente ",
        "userDefined": false
      },
      {
        "text": "50545 368 9364",
        "meta": "@numero-cliente",
        "alias": "numero-cliente",
        "userDefined": false
      },
      {
        "text": " per voltura",
        "userDefined": false
      }
    ],
    "isTemplate": false,
    "count": 0,
    "lang": "it",
    "updated": 0
  },
  {
    "id": "aa1ab8a5-2920-4fdf-93ef-21972766d2f8",
    "data": [
      {
        "text": "lassù in cima oddio dov\u0027è in bolletta numero cliente ",
        "userDefined": false
      },
      {
        "text": "50543 83704 45",
        "meta": "@numero-cliente",
        "alias": "numero-cliente",
        "userDefined": false
      }
    ],
    "isTemplate": false,
    "count": 0,
    "lang": "it",
    "updated": 0
  }
]