[
  {
    "id": "db985343-73b7-4030-8433-3c6eed9b12eb",
    "data": [
      {
        "text": "italgreen",
        "userDefined": false
      },
      {
        "text": " diventarlo",
        "userDefined": false
      }
    ],
    "isTemplate": false,
    "count": 0,
    "lang": "it",
    "updated": 0
  },
  {
    "id": "db0838eb-1a11-48de-baca-eaabc91de253",
    "data": [
      {
        "text": "Italgas",
        "userDefined": false
      }
    ],
    "isTemplate": false,
    "count": 0,
    "lang": "it",
    "updated": 0
  },
  {
    "id": "ff32f16d-8cba-4a65-b0ae-a016e3021532",
    "data": [
      {
        "text": "No non sono un vostro cliente mi fai parlare con un operatore",
        "userDefined": false
      }
    ],
    "isTemplate": false,
    "count": 0,
    "lang": "it",
    "updated": 0
  },
  {
    "id": "89ddf269-8fdb-4172-be01-eb13430a6495",
    "data": [
      {
        "text": "non lo so",
        "userDefined": false
      }
    ],
    "isTemplate": false,
    "count": 0,
    "lang": "it",
    "updated": 0
  },
  {
    "id": "5a231b84-863c-4cba-8b44-ed6b5d6c68c3",
    "data": [
      {
        "text": "no non lo so",
        "userDefined": false
      }
    ],
    "isTemplate": false,
    "count": 0,
    "lang": "it",
    "updated": 0
  },
  {
    "id": "6ce2d5de-e1d0-4b72-9dac-37992ddb1c73",
    "data": [
      {
        "text": "no no non cliente",
        "userDefined": false
      }
    ],
    "isTemplate": false,
    "count": 0,
    "lang": "it",
    "updated": 0
  },
  {
    "id": "c47cd7e5-c83f-4ef4-8f13-c1e7c16181ce",
    "data": [
      {
        "text": "è per una nuova attivazione",
        "userDefined": false
      }
    ],
    "isTemplate": false,
    "count": 0,
    "lang": "it",
    "updated": 0
  },
  {
    "id": "d65c5bcd-1be8-42f8-a185-97e94954f961",
    "data": [
      {
        "text": "nuova attivazione",
        "userDefined": false
      }
    ],
    "isTemplate": false,
    "count": 0,
    "lang": "it",
    "updated": 0
  },
  {
    "id": "37f5150a-64ee-4d55-91ae-e791428b954c",
    "data": [
      {
        "text": "devo richiedere una nuova attivazione",
        "userDefined": false
      }
    ],
    "isTemplate": false,
    "count": 0,
    "lang": "it",
    "updated": 0
  },
  {
    "id": "993662f2-8610-43ec-a094-d02b2fff32e8",
    "data": [
      {
        "text": "devo passare a eni",
        "userDefined": false
      }
    ],
    "isTemplate": false,
    "count": 0,
    "lang": "it",
    "updated": 0
  },
  {
    "id": "b32b8014-4871-493c-88e2-bae8e891d859",
    "data": [
      {
        "text": "devo fare una nuova attivazione",
        "userDefined": false
      }
    ],
    "isTemplate": false,
    "count": 0,
    "lang": "it",
    "updated": 0
  },
  {
    "id": "3c4c0516-284f-44d1-9dbb-5ac8281ada2e",
    "data": [
      {
        "text": "non lo so no",
        "userDefined": false
      }
    ],
    "isTemplate": false,
    "count": 0,
    "lang": "it",
    "updated": 0
  },
  {
    "id": "b9033583-5df6-4013-a242-63b3fe831ea8",
    "data": [
      {
        "text": "no non ancora",
        "userDefined": false
      }
    ],
    "isTemplate": false,
    "count": 0,
    "lang": "it",
    "updated": 0
  },
  {
    "id": "dba96160-1e40-4444-9005-7330d84cbbc8",
    "data": [
      {
        "text": "dovevo diventarlo",
        "userDefined": false
      }
    ],
    "isTemplate": false,
    "count": 0,
    "lang": "it",
    "updated": 0
  },
  {
    "id": "96e7c845-2e7e-427d-818f-a190c8998caa",
    "data": [
      {
        "text": "sta tentando di diventarlo",
        "userDefined": false
      }
    ],
    "isTemplate": false,
    "count": 0,
    "lang": "it",
    "updated": 0
  },
  {
    "id": "6ecb4125-a7e4-4833-9dfc-0b91e345dc9f",
    "data": [
      {
        "text": "non sono ancora un cliente",
        "userDefined": false
      }
    ],
    "isTemplate": false,
    "count": 0,
    "lang": "it",
    "updated": 0
  },
  {
    "id": "16be2ee1-05cd-4c02-a6cb-22507a87b8be",
    "data": [
      {
        "text": "non sono un cliente",
        "userDefined": false
      }
    ],
    "isTemplate": false,
    "count": 0,
    "lang": "it",
    "updated": 0
  },
  {
    "id": "ee342c94-0075-4299-b71a-a87023f0d6c3",
    "data": [
      {
        "text": "non sono ancora cliente",
        "userDefined": false
      }
    ],
    "isTemplate": false,
    "count": 0,
    "lang": "it",
    "updated": 0
  },
  {
    "id": "00e8fa84-7f91-4b06-aedd-56fe469b5a7f",
    "data": [
      {
        "text": "non sono ancora un cliente eni gas e luce",
        "userDefined": false
      }
    ],
    "isTemplate": false,
    "count": 0,
    "lang": "it",
    "updated": 0
  },
  {
    "id": "a5b04c40-d402-463d-8562-c1a52a556904",
    "data": [
      {
        "text": "valuto di diventarlo",
        "userDefined": false
      }
    ],
    "isTemplate": false,
    "count": 0,
    "lang": "it",
    "updated": 0
  },
  {
    "id": "86e14dd5-6941-40f3-88d1-e9833bf74364",
    "data": [
      {
        "text": "non sono ancora enigaseluce",
        "userDefined": false
      }
    ],
    "isTemplate": false,
    "count": 0,
    "lang": "it",
    "updated": 0
  },
  {
    "id": "15ff9db4-dad9-40ef-b04f-107d4b415eaf",
    "data": [
      {
        "text": "mi interesserebbe ricevere una proposta da voi",
        "userDefined": false
      }
    ],
    "isTemplate": false,
    "count": 0,
    "lang": "it",
    "updated": 0
  },
  {
    "id": "2f7e36d0-e943-4ab7-ae4c-acc2c0fc132e",
    "data": [
      {
        "text": "ho un\u0027altro fornitore ma vorrei ricevere una proposta",
        "userDefined": false
      }
    ],
    "isTemplate": false,
    "count": 0,
    "lang": "it",
    "updated": 0
  },
  {
    "id": "ccd66192-7e8a-41c3-b7a0-c3b334ad94e9",
    "data": [
      {
        "text": "vorrei ricevere una proposta provenendo da un altra compagnia",
        "userDefined": false
      }
    ],
    "isTemplate": false,
    "count": 0,
    "lang": "it",
    "updated": 0
  },
  {
    "id": "daef849b-ac28-4aa5-9384-e1d3879d74a9",
    "data": [
      {
        "text": "sono cliente enel",
        "userDefined": false
      }
    ],
    "isTemplate": false,
    "count": 0,
    "lang": "it",
    "updated": 0
  },
  {
    "id": "ff679535-3031-4089-9569-d5f9f7f4f54a",
    "data": [
      {
        "text": "sono cliente gelsia",
        "userDefined": false
      }
    ],
    "isTemplate": false,
    "count": 0,
    "lang": "it",
    "updated": 0
  },
  {
    "id": "7bbd3a5c-be3b-42b6-8de2-e8b5128caa65",
    "data": [
      {
        "text": "sono cliente iren mercato",
        "userDefined": false
      }
    ],
    "isTemplate": false,
    "count": 0,
    "lang": "it",
    "updated": 0
  },
  {
    "id": "a8faf701-f560-42d3-82ef-81a8e822ab28",
    "data": [
      {
        "text": "sono cliente iren",
        "userDefined": false
      }
    ],
    "isTemplate": false,
    "count": 0,
    "lang": "it",
    "updated": 0
  },
  {
    "id": "36a6cf88-ea0b-4972-b2c2-fd2afa640913",
    "data": [
      {
        "text": "sono cliente a2a",
        "userDefined": false
      }
    ],
    "isTemplate": false,
    "count": 0,
    "lang": "it",
    "updated": 0
  },
  {
    "id": "d72b80cb-9881-4d56-9edd-055baf4b613d",
    "data": [
      {
        "text": "in teoria tra poco",
        "userDefined": false
      }
    ],
    "isTemplate": false,
    "count": 0,
    "lang": "it",
    "updated": 0
  },
  {
    "id": "5e1efb90-e471-4843-b323-b3a220b63259",
    "data": [
      {
        "text": "forse tra poco",
        "userDefined": false
      }
    ],
    "isTemplate": false,
    "count": 0,
    "lang": "it",
    "updated": 0
  },
  {
    "id": "53f9681e-1818-4341-a770-9dc2f2fd987f",
    "data": [
      {
        "text": "non ora in futuro forse",
        "userDefined": false
      }
    ],
    "isTemplate": false,
    "count": 0,
    "lang": "it",
    "updated": 0
  },
  {
    "id": "82c35c54-06d0-44c0-98ca-479ac8fff5aa",
    "data": [
      {
        "text": "in futuro forse lo sarò",
        "userDefined": false
      }
    ],
    "isTemplate": false,
    "count": 0,
    "lang": "it",
    "updated": 0
  },
  {
    "id": "3c56eb00-1231-4d4c-bae5-eaa5cbce8d19",
    "data": [
      {
        "text": "sto valutando se diventarlo",
        "userDefined": false
      }
    ],
    "isTemplate": false,
    "count": 0,
    "lang": "it",
    "updated": 0
  },
  {
    "id": "6369a016-6aa2-4ea6-bcda-91c90461fd7b",
    "data": [
      {
        "text": "potrei valutare se diventarlo",
        "userDefined": false
      }
    ],
    "isTemplate": false,
    "count": 0,
    "lang": "it",
    "updated": 0
  },
  {
    "id": "db57e73a-45b4-4973-a924-a95892cb9e0f",
    "data": [
      {
        "text": "mi farebbe piacere diventare nuovo cliente",
        "userDefined": false
      }
    ],
    "isTemplate": false,
    "count": 0,
    "lang": "it",
    "updated": 0
  },
  {
    "id": "5d4e4d90-ca25-4eb5-abe8-d232934c4b17",
    "data": [
      {
        "text": "ho la fornitura con un\u0027altra società",
        "userDefined": false
      }
    ],
    "isTemplate": false,
    "count": 0,
    "lang": "it",
    "updated": 0
  },
  {
    "id": "7af73f1d-0540-4a02-9d4e-30bf7be1ecb2",
    "data": [
      {
        "text": "mi dispiace ma ho la fornitura con un\u0027altra società",
        "userDefined": false
      }
    ],
    "isTemplate": false,
    "count": 0,
    "lang": "it",
    "updated": 0
  },
  {
    "id": "9277595b-01ee-4537-bfa7-6d620c4829c9",
    "data": [
      {
        "text": "sto decidendo se passare ad eni",
        "userDefined": false
      }
    ],
    "isTemplate": false,
    "count": 0,
    "lang": "it",
    "updated": 0
  },
  {
    "id": "9152b724-7f4a-4567-ad6c-c8edd30e1bf1",
    "data": [
      {
        "text": "non so se fare il passaggio ad eni",
        "userDefined": false
      }
    ],
    "isTemplate": false,
    "count": 0,
    "lang": "it",
    "updated": 0
  },
  {
    "id": "792eabc7-60e9-4ed6-b652-cae513d2e7a2",
    "data": [
      {
        "text": "sono indeciso se fare il passaggio ad eni",
        "userDefined": false
      }
    ],
    "isTemplate": false,
    "count": 0,
    "lang": "it",
    "updated": 0
  },
  {
    "id": "7c64ff48-2e0c-46c2-aa4b-9da2a092bf69",
    "data": [
      {
        "text": "sto decidendo se passare con voi",
        "userDefined": false
      }
    ],
    "isTemplate": false,
    "count": 0,
    "lang": "it",
    "updated": 0
  },
  {
    "id": "d63a60c5-9673-4a05-bba8-bf9a0858423e",
    "data": [
      {
        "text": "sto decidendo se diventare vostro cliente",
        "userDefined": false
      }
    ],
    "isTemplate": false,
    "count": 0,
    "lang": "it",
    "updated": 0
  },
  {
    "id": "b4306434-c3cf-48a6-91c5-e98302fe7d54",
    "data": [
      {
        "text": "sono indeciso sul diventare vostro cliente",
        "userDefined": false
      }
    ],
    "isTemplate": false,
    "count": 0,
    "lang": "it",
    "updated": 0
  },
  {
    "id": "f85b0bde-73f8-44d0-9e0c-d7a78278b573",
    "data": [
      {
        "text": "devo decidere se diventare vostro cliente",
        "userDefined": false
      }
    ],
    "isTemplate": false,
    "count": 0,
    "lang": "it",
    "updated": 0
  },
  {
    "id": "35aa1389-063f-477a-9fc3-a4c7f0bc2a16",
    "data": [
      {
        "text": "sono titubante se diventare vostro cliente",
        "userDefined": false
      }
    ],
    "isTemplate": false,
    "count": 0,
    "lang": "it",
    "updated": 0
  },
  {
    "id": "b504fdd0-bbe2-4038-a9e2-bc370cbf38ed",
    "data": [
      {
        "text": "voglio sapere se ci sono offerte vantaggiose",
        "userDefined": false
      }
    ],
    "isTemplate": false,
    "count": 0,
    "lang": "it",
    "updated": 0
  },
  {
    "id": "ec9c80f9-c807-4ee6-8373-5d2a420e9adb",
    "data": [
      {
        "text": "per ora no",
        "userDefined": false
      }
    ],
    "isTemplate": false,
    "count": 0,
    "lang": "it",
    "updated": 0
  },
  {
    "id": "f3aeb0af-95bb-43cf-b63c-2d5fd1d6b7b0",
    "data": [
      {
        "text": "sto con un altro fornitore da anni",
        "userDefined": false
      }
    ],
    "isTemplate": false,
    "count": 0,
    "lang": "it",
    "updated": 0
  },
  {
    "id": "fa1af8ed-52be-4712-ba18-9767426a9ab6",
    "data": [
      {
        "text": "non sono mai stato vostro cliente",
        "userDefined": false
      }
    ],
    "isTemplate": false,
    "count": 0,
    "lang": "it",
    "updated": 0
  },
  {
    "id": "658fc0a6-1c26-41e5-8b48-c83ea3adb5a0",
    "data": [
      {
        "text": "non sono vostro cliente",
        "userDefined": false
      }
    ],
    "isTemplate": false,
    "count": 0,
    "lang": "it",
    "updated": 0
  },
  {
    "id": "1d0b47ad-3c95-4437-a6a2-d3f961bd5a36",
    "data": [
      {
        "text": "sono con un altro fornitore",
        "userDefined": false
      }
    ],
    "isTemplate": false,
    "count": 0,
    "lang": "it",
    "updated": 0
  },
  {
    "id": "630da80c-0e86-41c2-b1ec-a61b93222b44",
    "data": [
      {
        "text": "ho un fornitore diverso",
        "userDefined": false
      }
    ],
    "isTemplate": false,
    "count": 0,
    "lang": "it",
    "updated": 0
  },
  {
    "id": "2594e471-41e2-4014-adf2-bb616fdf37b8",
    "data": [
      {
        "text": "ho un altro fornitore",
        "userDefined": false
      }
    ],
    "isTemplate": false,
    "count": 0,
    "lang": "it",
    "updated": 0
  },
  {
    "id": "ef2c8033-11c4-4ba5-b709-a6ce42b6815d",
    "data": [
      {
        "text": "allacciamento del gas",
        "userDefined": false
      }
    ],
    "isTemplate": false,
    "count": 0,
    "lang": "it",
    "updated": 0
  },
  {
    "id": "ba5aef6a-2284-4558-a80e-43512ac7b5ea",
    "data": [
      {
        "text": "allacciamento della corrente",
        "userDefined": false
      }
    ],
    "isTemplate": false,
    "count": 0,
    "lang": "it",
    "updated": 0
  },
  {
    "id": "6a7a4d5c-6e76-4e34-80f4-6c38eea1c4f3",
    "data": [
      {
        "text": "certo che no",
        "userDefined": false
      }
    ],
    "isTemplate": false,
    "count": 0,
    "lang": "it",
    "updated": 0
  },
  {
    "id": "5f43c9f0-ab9e-4804-a3ab-7aa72b37dd33",
    "data": [
      {
        "text": "ho cambiato casa da poco e mi serve",
        "userDefined": false
      }
    ],
    "isTemplate": false,
    "count": 0,
    "lang": "it",
    "updated": 0
  },
  {
    "id": "47d0b43e-5bbc-4b95-b945-c286f8c83479",
    "data": [
      {
        "text": "ho appena cambiato casa e devo allacciare",
        "userDefined": false
      }
    ],
    "isTemplate": false,
    "count": 0,
    "lang": "it",
    "updated": 0
  },
  {
    "id": "da3696fd-2e0f-4d27-9daa-4408c1a8773b",
    "data": [
      {
        "text": "ho appena cambiato casa e ho bisogno",
        "userDefined": false
      }
    ],
    "isTemplate": false,
    "count": 0,
    "lang": "it",
    "updated": 0
  },
  {
    "id": "7542207c-069b-4312-aff4-2bf1afb14945",
    "data": [
      {
        "text": "eh no non ancora",
        "userDefined": false
      }
    ],
    "isTemplate": false,
    "count": 0,
    "lang": "it",
    "updated": 0
  },
  {
    "id": "26519f8f-3400-42ae-ae39-5a925ccc859d",
    "data": [
      {
        "text": "eh no in questo momento no",
        "userDefined": false
      }
    ],
    "isTemplate": false,
    "count": 0,
    "lang": "it",
    "updated": 0
  },
  {
    "id": "d6adc66b-0702-454e-99e5-88bb3b9b3492",
    "data": [
      {
        "text": "no guardi al momento non sono cliente",
        "userDefined": false
      }
    ],
    "isTemplate": false,
    "count": 0,
    "lang": "it",
    "updated": 0
  },
  {
    "id": "10336ba3-e57a-4673-b72a-db1c742dea0f",
    "data": [
      {
        "text": "no al momento non sono vostro cliente",
        "userDefined": false
      }
    ],
    "isTemplate": false,
    "count": 0,
    "lang": "it",
    "updated": 0
  },
  {
    "id": "e2940c44-6fe8-4a5e-bb19-396163b50569",
    "data": [
      {
        "text": "ho cambiato casa e devo allacciare la luce",
        "userDefined": false
      }
    ],
    "isTemplate": false,
    "count": 0,
    "lang": "it",
    "updated": 0
  },
  {
    "id": "cb88a360-0647-4844-a185-550ac914e9f6",
    "data": [
      {
        "text": "devo aprire gas e luce",
        "userDefined": false
      }
    ],
    "isTemplate": false,
    "count": 0,
    "lang": "it",
    "updated": 0
  },
  {
    "id": "fccaa1c9-5984-4bce-8039-7ec0225cce64",
    "data": [
      {
        "text": "devo aprire il gas",
        "userDefined": false
      }
    ],
    "isTemplate": false,
    "count": 0,
    "lang": "it",
    "updated": 0
  },
  {
    "id": "4644a9eb-7544-4f61-a7cf-83414eff58bf",
    "data": [
      {
        "text": "devo aprire la luce",
        "userDefined": false
      }
    ],
    "isTemplate": false,
    "count": 0,
    "lang": "it",
    "updated": 0
  },
  {
    "id": "ae22ed70-70dd-4c9b-ade7-867db35ef145",
    "data": [
      {
        "text": "devo attaccare gas e luce",
        "userDefined": false
      }
    ],
    "isTemplate": false,
    "count": 0,
    "lang": "it",
    "updated": 0
  },
  {
    "id": "fce43563-ab29-4867-ac94-8d548422c351",
    "data": [
      {
        "text": "devo attaccare il gas",
        "userDefined": false
      }
    ],
    "isTemplate": false,
    "count": 0,
    "lang": "it",
    "updated": 0
  },
  {
    "id": "ee58cecf-5b80-41ca-8ef1-d886fac96245",
    "data": [
      {
        "text": "devo attaccare la luce",
        "userDefined": false
      }
    ],
    "isTemplate": false,
    "count": 0,
    "lang": "it",
    "updated": 0
  },
  {
    "id": "a298fd21-007c-4549-8bf9-858d5cae532a",
    "data": [
      {
        "text": "chiamo per allacciare la luce",
        "userDefined": false
      }
    ],
    "isTemplate": false,
    "count": 0,
    "lang": "it",
    "updated": 0
  },
  {
    "id": "bde3c8fb-0809-4382-9373-cbe18bfa36a0",
    "data": [
      {
        "text": "chiamo per allacciare il gas",
        "userDefined": false
      }
    ],
    "isTemplate": false,
    "count": 0,
    "lang": "it",
    "updated": 0
  },
  {
    "id": "25322dfd-d724-4283-8590-625f92b17185",
    "data": [
      {
        "text": "no ma per poco",
        "userDefined": false
      }
    ],
    "isTemplate": false,
    "count": 0,
    "lang": "it",
    "updated": 0
  },
  {
    "id": "cd3b9e5b-0deb-4587-bad7-d22c7bdf28d4",
    "data": [
      {
        "text": "ancora no",
        "userDefined": false
      }
    ],
    "isTemplate": false,
    "count": 0,
    "lang": "it",
    "updated": 0
  },
  {
    "id": "389cb231-d2d9-4207-aa8b-e3e1f64c3f0c",
    "data": [
      {
        "text": "non ancora",
        "userDefined": false
      }
    ],
    "isTemplate": false,
    "count": 0,
    "lang": "it",
    "updated": 0
  },
  {
    "id": "a3c2c7ef-0564-4c4e-8e60-40f79b20c9c1",
    "data": [
      {
        "text": "non sono ancora vostro cliente",
        "userDefined": false
      }
    ],
    "isTemplate": false,
    "count": 0,
    "lang": "it",
    "updated": 0
  },
  {
    "id": "2513399d-0828-48c9-9b6c-62bc326bebe1",
    "data": [
      {
        "text": "non sono interessato",
        "userDefined": false
      }
    ],
    "isTemplate": false,
    "count": 0,
    "lang": "it",
    "updated": 0
  },
  {
    "id": "01d6ad1c-980f-4d40-be22-9c7b5af06eb2",
    "data": [
      {
        "text": "no non mi interessa",
        "userDefined": false
      }
    ],
    "isTemplate": false,
    "count": 0,
    "lang": "it",
    "updated": 0
  },
  {
    "id": "c47ba6cd-9e98-40d5-881c-469b2f75c7fd",
    "data": [
      {
        "text": "non lo sono",
        "userDefined": false
      }
    ],
    "isTemplate": false,
    "count": 0,
    "lang": "it",
    "updated": 0
  },
  {
    "id": "878e3ad6-4d7b-4fc8-9c53-541fdc6733ca",
    "data": [
      {
        "text": "no non lo sono",
        "userDefined": false
      }
    ],
    "isTemplate": false,
    "count": 0,
    "lang": "it",
    "updated": 0
  },
  {
    "id": "6f323ea6-4132-4f4e-ae54-dab8bc5f4916",
    "data": [
      {
        "text": "no non sono cliente",
        "userDefined": false
      }
    ],
    "isTemplate": false,
    "count": 0,
    "lang": "it",
    "updated": 0
  },
  {
    "id": "03bf0637-ea5f-48a2-a57a-7b18df761f85",
    "data": [
      {
        "text": "non sono cliente",
        "userDefined": false
      }
    ],
    "isTemplate": false,
    "count": 0,
    "lang": "it",
    "updated": 0
  },
  {
    "id": "326584a5-4b51-418a-8d3d-b7655e08b1a8",
    "data": [
      {
        "text": "ne l\u0027una ne l\u0027altra",
        "userDefined": false
      }
    ],
    "isTemplate": false,
    "count": 0,
    "lang": "it",
    "updated": 0
  },
  {
    "id": "68446fa6-16f1-4eef-abb4-7533c1583a58",
    "data": [
      {
        "text": "no nessuna delle due",
        "userDefined": false
      }
    ],
    "isTemplate": false,
    "count": 0,
    "lang": "it",
    "updated": 0
  },
  {
    "id": "dd90f0a1-ac9a-4e85-b4f1-adde360fede7",
    "data": [
      {
        "text": "nessuna delle due",
        "userDefined": false
      }
    ],
    "isTemplate": false,
    "count": 0,
    "lang": "it",
    "updated": 0
  },
  {
    "id": "6e5adec1-3fed-4d4a-a2e4-8876ec126dc7",
    "data": [
      {
        "text": "nessuna delle due cose",
        "userDefined": false
      }
    ],
    "isTemplate": false,
    "count": 0,
    "lang": "it",
    "updated": 0
  },
  {
    "id": "922916f4-6d0c-4150-ac87-58662adb80b6",
    "data": [
      {
        "text": "no sono con un\u0027altra compagnia",
        "userDefined": false
      }
    ],
    "isTemplate": false,
    "count": 0,
    "lang": "it",
    "updated": 0
  },
  {
    "id": "4c643bec-849f-4793-98ef-1fb47e00c8b1",
    "data": [
      {
        "text": "no sono con un piccolo distributore",
        "userDefined": false
      }
    ],
    "isTemplate": false,
    "count": 0,
    "lang": "it",
    "updated": 0
  },
  {
    "id": "57bbb05c-1cfa-4671-a562-11e90356ddaa",
    "data": [
      {
        "text": "no sono con una compagnia locale",
        "userDefined": false
      }
    ],
    "isTemplate": false,
    "count": 0,
    "lang": "it",
    "updated": 0
  },
  {
    "id": "88f5520e-a08e-4880-946a-043ef2cab052",
    "data": [
      {
        "text": "no ma sono interessato",
        "userDefined": false
      }
    ],
    "isTemplate": false,
    "count": 0,
    "lang": "it",
    "updated": 0
  },
  {
    "id": "d0e4db00-f934-4fa6-aebe-b1e4aa7801d3",
    "data": [
      {
        "text": "no ma vorrei esserlo",
        "userDefined": false
      }
    ],
    "isTemplate": false,
    "count": 0,
    "lang": "it",
    "updated": 0
  },
  {
    "id": "07a0d1c8-da8d-47e4-b3e0-73823a7a299f",
    "data": [
      {
        "text": "no ma vorrei cambiare",
        "userDefined": false
      }
    ],
    "isTemplate": false,
    "count": 0,
    "lang": "it",
    "updated": 0
  },
  {
    "id": "4b861d45-2228-4808-a1d0-07c0646e7aca",
    "data": [
      {
        "text": "no ma ci sto pensando",
        "userDefined": false
      }
    ],
    "isTemplate": false,
    "count": 0,
    "lang": "it",
    "updated": 0
  },
  {
    "id": "a33dfd2f-15e4-4dde-b840-be3ea31cdd38",
    "data": [
      {
        "text": "no ma mi sembra che le vostre offerte siano vantaggiose",
        "userDefined": false
      }
    ],
    "isTemplate": false,
    "count": 0,
    "lang": "it",
    "updated": 0
  },
  {
    "id": "c70c5372-1dab-43b9-826c-306defef321b",
    "data": [
      {
        "text": "no ma non sono soddisfatto del mio fornitore",
        "userDefined": false
      }
    ],
    "isTemplate": false,
    "count": 0,
    "lang": "it",
    "updated": 0
  },
  {
    "id": "990d846d-0c50-4cc2-92e3-477f2ed392f1",
    "data": [
      {
        "text": "vorrei fare un passaggio",
        "userDefined": false
      }
    ],
    "isTemplate": false,
    "count": 0,
    "lang": "it",
    "updated": 0
  },
  {
    "id": "4422ed98-5e0f-45d0-bca1-f95c641f93bf",
    "data": [
      {
        "text": "sto prendendo in considerazione di  fare un cambio",
        "userDefined": false
      }
    ],
    "isTemplate": false,
    "count": 0,
    "lang": "it",
    "updated": 0
  },
  {
    "id": "1ac90039-f5b4-48ee-8083-d9d96a7a6d84",
    "data": [
      {
        "text": "sto pensando di cambiare fornitore",
        "userDefined": false
      }
    ],
    "isTemplate": false,
    "count": 0,
    "lang": "it",
    "updated": 0
  },
  {
    "id": "54d5b114-94f9-4dd8-a405-4858323b0553",
    "data": [
      {
        "text": "sto con un altro fornitore ma voglio sapere se avete qualche offerta conveniente per il passaggio",
        "userDefined": false
      }
    ],
    "isTemplate": false,
    "count": 0,
    "lang": "it",
    "updated": 0
  },
  {
    "id": "51ae8230-4090-46a4-bf54-c00968b4b9e9",
    "data": [
      {
        "text": "ci sto pensando",
        "userDefined": false
      }
    ],
    "isTemplate": false,
    "count": 0,
    "lang": "it",
    "updated": 0
  },
  {
    "id": "41c94944-499f-4ec9-8ecd-7dd1a8a4ca6b",
    "data": [
      {
        "text": "no ho sempre avuto un altro fornitore",
        "userDefined": false
      }
    ],
    "isTemplate": false,
    "count": 0,
    "lang": "it",
    "updated": 0
  },
  {
    "id": "11b81719-3ece-41c0-b9a3-f4e834a5de78",
    "data": [
      {
        "text": "no ma ho visto una pubblicità con delle offerte interessanti",
        "userDefined": false
      }
    ],
    "isTemplate": false,
    "count": 0,
    "lang": "it",
    "updated": 0
  },
  {
    "id": "8ed758fe-e47e-4629-96bb-fc4bfadef941",
    "data": [
      {
        "text": "no ma mi interessa l\u0027offerta sui pannelli solari",
        "userDefined": false
      }
    ],
    "isTemplate": false,
    "count": 0,
    "lang": "it",
    "updated": 0
  },
  {
    "id": "c6afd815-bc1b-48c4-91eb-a336dd8e8b55",
    "data": [
      {
        "text": "no volevo informarmi sulla caldaia",
        "userDefined": false
      }
    ],
    "isTemplate": false,
    "count": 0,
    "lang": "it",
    "updated": 0
  },
  {
    "id": "674013b0-591e-4c29-85c5-7126287710c7",
    "data": [
      {
        "text": "no ma mi interessa il contratto coi led",
        "userDefined": false
      }
    ],
    "isTemplate": false,
    "count": 0,
    "lang": "it",
    "updated": 0
  },
  {
    "id": "d3cda7a4-018c-45d6-b42a-30084f1d8044",
    "data": [
      {
        "text": "non sono cliente ma mi sembra che abbiate offerte vantaggiose",
        "userDefined": false
      }
    ],
    "isTemplate": false,
    "count": 0,
    "lang": "it",
    "updated": 0
  },
  {
    "id": "5d59d2b1-783f-4c7d-91ea-31341acab8b3",
    "data": [
      {
        "text": "non sono mai stato vostro cliente però ho visto che avete offerte interessanti",
        "userDefined": false
      }
    ],
    "isTemplate": false,
    "count": 0,
    "lang": "it",
    "updated": 0
  },
  {
    "id": "11bebf2e-42f8-453f-957f-714f80a49284",
    "data": [
      {
        "text": "non sono mai stato cliente eni ma ora ci sto pensando",
        "userDefined": false
      }
    ],
    "isTemplate": false,
    "count": 0,
    "lang": "it",
    "updated": 0
  },
  {
    "id": "8c13cfd5-4a09-4b06-aebe-8479e9879992",
    "data": [
      {
        "text": "gelsia",
        "userDefined": false
      }
    ],
    "isTemplate": false,
    "count": 0,
    "lang": "it",
    "updated": 0
  },
  {
    "id": "35008605-7e64-461b-815a-a4987a6f73b6",
    "data": [
      {
        "text": "acea energia",
        "userDefined": false
      }
    ],
    "isTemplate": false,
    "count": 0,
    "lang": "it",
    "updated": 0
  },
  {
    "id": "7f1e07c5-5150-4675-a7c7-17c45dcc2381",
    "data": [
      {
        "text": "wekiwi",
        "userDefined": false
      }
    ],
    "isTemplate": false,
    "count": 0,
    "lang": "it",
    "updated": 0
  },
  {
    "id": "772299b9-b86c-4267-bc6e-a08354789098",
    "data": [
      {
        "text": "green network energy",
        "userDefined": false
      }
    ],
    "isTemplate": false,
    "count": 0,
    "lang": "it",
    "updated": 0
  },
  {
    "id": "957b2d83-6d73-4fc3-b3a4-58ba718c6f13",
    "data": [
      {
        "text": "illumia",
        "userDefined": false
      }
    ],
    "isTemplate": false,
    "count": 0,
    "lang": "it",
    "updated": 0
  },
  {
    "id": "cb11f98d-7968-4d8a-8bfc-398a31444afa",
    "data": [
      {
        "text": "vivigas energia",
        "userDefined": false
      }
    ],
    "isTemplate": false,
    "count": 0,
    "lang": "it",
    "updated": 0
  },
  {
    "id": "f6f4a137-f610-4446-86b6-347c12d0f41f",
    "data": [
      {
        "text": "optima",
        "userDefined": false
      }
    ],
    "isTemplate": false,
    "count": 0,
    "lang": "it",
    "updated": 0
  },
  {
    "id": "e69a8eae-1209-48e0-95cd-5c12458e61be",
    "data": [
      {
        "text": "edison",
        "userDefined": false
      }
    ],
    "isTemplate": false,
    "count": 0,
    "lang": "it",
    "updated": 0
  },
  {
    "id": "8de6342a-39e5-41a9-ac59-016a348d58bb",
    "data": [
      {
        "text": "agsm",
        "userDefined": false
      }
    ],
    "isTemplate": false,
    "count": 0,
    "lang": "it",
    "updated": 0
  },
  {
    "id": "a6dfa9ad-9b09-4233-bed8-f18f2ec3cf30",
    "data": [
      {
        "text": "iren mercato",
        "userDefined": false
      }
    ],
    "isTemplate": false,
    "count": 0,
    "lang": "it",
    "updated": 0
  },
  {
    "id": "493100d7-b9c4-4c52-ae6f-d76f5ee42f72",
    "data": [
      {
        "text": "iren",
        "userDefined": false
      }
    ],
    "isTemplate": false,
    "count": 0,
    "lang": "it",
    "updated": 0
  },
  {
    "id": "0ff2fdc6-0a13-4bac-85d1-f6fce3ce932a",
    "data": [
      {
        "text": "a2a",
        "userDefined": false
      }
    ],
    "isTemplate": false,
    "count": 0,
    "lang": "it",
    "updated": 0
  },
  {
    "id": "80fa0773-39d8-473b-95b0-27f728ac11fc",
    "data": [
      {
        "text": "sorgenia",
        "userDefined": false
      }
    ],
    "isTemplate": false,
    "count": 0,
    "lang": "it",
    "updated": 0
  },
  {
    "id": "c13b8df2-8d97-4d90-9759-62958ed3939b",
    "data": [
      {
        "text": "enel",
        "userDefined": false
      }
    ],
    "isTemplate": false,
    "count": 0,
    "lang": "it",
    "updated": 0
  },
  {
    "id": "11d880c4-86de-4f6d-9520-59e07a040eb7",
    "data": [
      {
        "text": "non sono cliente ma vorrei cambiare fornitore",
        "userDefined": false
      }
    ],
    "isTemplate": false,
    "count": 0,
    "lang": "it",
    "updated": 0
  },
  {
    "id": "a231d949-ae65-4a2b-952c-003391caf646",
    "data": [
      {
        "text": "non sono cliente ma so che avete buone tariffe",
        "userDefined": false
      }
    ],
    "isTemplate": false,
    "count": 0,
    "lang": "it",
    "updated": 0
  },
  {
    "id": "168eafbb-84ab-4019-8d72-fcc5f1657f7e",
    "data": [
      {
        "text": "mi interessa l\u0027offerta sulle caldaie",
        "userDefined": false
      }
    ],
    "isTemplate": false,
    "count": 0,
    "lang": "it",
    "updated": 0
  },
  {
    "id": "cb9bb5f9-52c7-486d-a7d9-d5b0a853dc27",
    "data": [
      {
        "text": "non sono cliente ma ho visto l\u0027offerta sulle caldaie",
        "userDefined": false
      }
    ],
    "isTemplate": false,
    "count": 0,
    "lang": "it",
    "updated": 0
  },
  {
    "id": "03ba89db-8d64-4c81-a4f6-12d57670210e",
    "data": [
      {
        "text": "non sono cliente ma ho visto la pubblicità della carta carburante",
        "userDefined": false
      }
    ],
    "isTemplate": false,
    "count": 0,
    "lang": "it",
    "updated": 0
  },
  {
    "id": "149c9bcd-07e5-47de-bebb-b0a12de4ccbd",
    "data": [
      {
        "text": "non sono cliente ma ho visto le vostre offerte",
        "userDefined": false
      }
    ],
    "isTemplate": false,
    "count": 0,
    "lang": "it",
    "updated": 0
  },
  {
    "id": "dc32af1a-6cf4-4608-a120-e4ca25a792c6",
    "data": [
      {
        "text": "no il mio fornitore è iren mercato",
        "userDefined": false
      }
    ],
    "isTemplate": false,
    "count": 0,
    "lang": "it",
    "updated": 0
  },
  {
    "id": "6c6f24fa-01fb-4783-8688-7a092eb5318c",
    "data": [
      {
        "text": "no il mio fornitore è edison",
        "userDefined": false
      }
    ],
    "isTemplate": false,
    "count": 0,
    "lang": "it",
    "updated": 0
  },
  {
    "id": "d1804a9f-9d32-4e75-97d0-b627474b590d",
    "data": [
      {
        "text": "no il mio fornitore è a2a energia",
        "userDefined": false
      }
    ],
    "isTemplate": false,
    "count": 0,
    "lang": "it",
    "updated": 0
  },
  {
    "id": "3dc2d96c-a742-4b42-b4db-d7685225eaa0",
    "data": [
      {
        "text": "no il mio fornitore è sorgenia",
        "userDefined": false
      }
    ],
    "isTemplate": false,
    "count": 0,
    "lang": "it",
    "updated": 0
  },
  {
    "id": "b3be79f4-d3cd-474f-af26-ed8559fca4cd",
    "data": [
      {
        "text": "no il mio fornitore è enel",
        "userDefined": false
      }
    ],
    "isTemplate": false,
    "count": 0,
    "lang": "it",
    "updated": 0
  },
  {
    "id": "9dbd11ba-cae8-454f-843b-1fe353af22fd",
    "data": [
      {
        "text": "no sono con enel",
        "userDefined": false
      }
    ],
    "isTemplate": false,
    "count": 0,
    "lang": "it",
    "updated": 0
  },
  {
    "id": "ec04fb02-935a-46ba-9646-b8e30493b429",
    "data": [
      {
        "text": "non sono cliente ma sono interessato alle vostre offerte",
        "userDefined": false
      }
    ],
    "isTemplate": false,
    "count": 0,
    "lang": "it",
    "updated": 0
  },
  {
    "id": "2acf1be8-f56b-4b2f-9f34-35860da2cd67",
    "data": [
      {
        "text": "no ho un altro fornitore",
        "userDefined": false
      }
    ],
    "isTemplate": false,
    "count": 0,
    "lang": "it",
    "updated": 0
  },
  {
    "id": "cf74149d-be4c-4897-911c-8bdd06b7f4d3",
    "data": [
      {
        "text": "al momento ho un altro fornitore",
        "userDefined": false
      }
    ],
    "isTemplate": false,
    "count": 0,
    "lang": "it",
    "updated": 0
  },
  {
    "id": "01e55048-a1d0-485c-9c1f-5e5aaaced2b6",
    "data": [
      {
        "text": "non sono cliente eni",
        "userDefined": false
      }
    ],
    "isTemplate": false,
    "count": 0,
    "lang": "it",
    "updated": 0
  },
  {
    "id": "7c9c5475-0f09-42c6-8e7b-2face3d155aa",
    "data": [
      {
        "text": "nessuno dei due",
        "userDefined": false
      }
    ],
    "isTemplate": false,
    "count": 0,
    "lang": "it",
    "updated": 0
  },
  {
    "id": "cfe6a93f-5d1b-4be9-9bfb-4ca4054dbb90",
    "data": [
      {
        "text": "non ho mai avuto eni come fornitore",
        "userDefined": false
      }
    ],
    "isTemplate": false,
    "count": 0,
    "lang": "it",
    "updated": 0
  },
  {
    "id": "8205f3c9-d23d-446d-8ecd-5f474739fefb",
    "data": [
      {
        "text": "no non sono un vostro cliente",
        "userDefined": false
      }
    ],
    "isTemplate": false,
    "count": 0,
    "lang": "it",
    "updated": 0
  },
  {
    "id": "ac41e139-d9e0-4c96-81f8-5e96653d2d83",
    "data": [
      {
        "text": "no no",
        "userDefined": false
      }
    ],
    "isTemplate": false,
    "count": 0,
    "lang": "it",
    "updated": 0
  },
  {
    "id": "24a6e6a1-6816-456d-989f-2ae65048a1b5",
    "data": [
      {
        "text": "non ho mai avuto contratti con voi",
        "userDefined": false
      }
    ],
    "isTemplate": false,
    "count": 0,
    "lang": "it",
    "updated": 0
  },
  {
    "id": "008b9361-2fd8-48e4-a637-3586c1c81ada",
    "data": [
      {
        "text": "non ho mai aperto forniture con voi",
        "userDefined": false
      }
    ],
    "isTemplate": false,
    "count": 0,
    "lang": "it",
    "updated": 0
  },
  {
    "id": "babb2618-c3dc-4583-a889-fc69570209a6",
    "data": [
      {
        "text": "non ho mai aperto contratti con voi",
        "userDefined": false
      }
    ],
    "isTemplate": false,
    "count": 0,
    "lang": "it",
    "updated": 0
  },
  {
    "id": "d32478bf-6222-4d6c-ba24-f52b86a7de71",
    "data": [
      {
        "text": "non sono mai stato cliente",
        "userDefined": false
      }
    ],
    "isTemplate": false,
    "count": 0,
    "lang": "it",
    "updated": 0
  },
  {
    "id": "29dabf93-d898-41e7-96aa-0a8262bd31e4",
    "data": [
      {
        "text": "ho firmato il contratto ma ancora non mi avete dato il numero cliente",
        "userDefined": false
      }
    ],
    "isTemplate": false,
    "count": 0,
    "lang": "it",
    "updated": 0
  },
  {
    "id": "73211021-57a4-4cf8-9d54-42b67892abfc",
    "data": [
      {
        "text": "sto aspettando i dati delle mie utenze",
        "userDefined": false
      }
    ],
    "isTemplate": false,
    "count": 0,
    "lang": "it",
    "updated": 0
  },
  {
    "id": "d9a9637e-e254-406f-b051-81624f45728a",
    "data": [
      {
        "text": "non ho ancora i dati delle mie utenze",
        "userDefined": false
      }
    ],
    "isTemplate": false,
    "count": 0,
    "lang": "it",
    "updated": 0
  },
  {
    "id": "b3818a89-e16d-4ea1-8bcf-1839c18dbe54",
    "data": [
      {
        "text": "non ho ancora le informazioni sul mio profilo",
        "userDefined": false
      }
    ],
    "isTemplate": false,
    "count": 0,
    "lang": "it",
    "updated": 0
  },
  {
    "id": "93b4eb7e-cd71-4f93-b128-3c8b63824401",
    "data": [
      {
        "text": "devo ancora ricevere i miei dati",
        "userDefined": false
      }
    ],
    "isTemplate": false,
    "count": 0,
    "lang": "it",
    "updated": 0
  },
  {
    "id": "cd3e2007-d868-4a05-8757-68f9b029c015",
    "data": [
      {
        "text": "devo ancora ricevere il numero cliente",
        "userDefined": false
      }
    ],
    "isTemplate": false,
    "count": 0,
    "lang": "it",
    "updated": 0
  },
  {
    "id": "4e7ef6bf-9f90-4beb-850e-a1f0826da08c",
    "data": [
      {
        "text": "mai",
        "userDefined": false
      }
    ],
    "isTemplate": false,
    "count": 0,
    "lang": "it",
    "updated": 0
  },
  {
    "id": "be4d2f4c-5f00-4581-bd7a-923003526489",
    "data": [
      {
        "text": "sono ciente ma non ho ancora ricevuto il numero cliente",
        "userDefined": false
      }
    ],
    "isTemplate": false,
    "count": 0,
    "lang": "it",
    "updated": 0
  },
  {
    "id": "eadfa1d2-b449-4ae5-b31c-de1131e9d69d",
    "data": [
      {
        "text": "sono cliente ma non ho ancora ricevuto il codice cliente",
        "userDefined": false
      }
    ],
    "isTemplate": false,
    "count": 0,
    "lang": "it",
    "updated": 0
  },
  {
    "id": "30d17660-7a1c-42e9-91d1-ca2d8eb133db",
    "data": [
      {
        "text": "sì sto aspettando che mi diate il numero cliente",
        "userDefined": false
      }
    ],
    "isTemplate": false,
    "count": 0,
    "lang": "it",
    "updated": 0
  },
  {
    "id": "6714c94b-5f5a-4cc7-ab1f-2e2e8eb1a021",
    "data": [
      {
        "text": "ho fatto un\u0027attivazione ma non ancora il numero",
        "userDefined": false
      }
    ],
    "isTemplate": false,
    "count": 0,
    "lang": "it",
    "updated": 0
  },
  {
    "id": "cbe792df-592d-4221-b7f3-5e09f6f86ed0",
    "data": [
      {
        "text": "non lo so nel senso che sto aspettando il numero cliente",
        "userDefined": false
      }
    ],
    "isTemplate": false,
    "count": 0,
    "lang": "it",
    "updated": 0
  },
  {
    "id": "bfe5bd25-58af-4951-8eca-174d46fe1a5e",
    "data": [
      {
        "text": "sto aspettando che mi diate il numero cliente",
        "userDefined": false
      }
    ],
    "isTemplate": false,
    "count": 0,
    "lang": "it",
    "updated": 0
  },
  {
    "id": "b174dcda-5dc6-4e8c-be45-5f24e0d2c66d",
    "data": [
      {
        "text": "ho appena firmato un contratto ma non ho ancora il numero cliente",
        "userDefined": false
      }
    ],
    "isTemplate": false,
    "count": 0,
    "lang": "it",
    "updated": 0
  },
  {
    "id": "9c4841bc-e44a-4a9a-82d6-4398d9397e29",
    "data": [
      {
        "text": "no mai",
        "userDefined": false
      }
    ],
    "isTemplate": false,
    "count": 0,
    "lang": "it",
    "updated": 0
  },
  {
    "id": "f60848cd-ead1-4b72-9a18-b23cfdf070ab",
    "data": [
      {
        "text": "mai stato",
        "userDefined": false
      }
    ],
    "isTemplate": false,
    "count": 0,
    "lang": "it",
    "updated": 0
  },
  {
    "id": "607b1abf-a271-4107-939b-c0834ab41a38",
    "data": [
      {
        "text": "non lo sono mai stato",
        "userDefined": false
      }
    ],
    "isTemplate": false,
    "count": 0,
    "lang": "it",
    "updated": 0
  },
  {
    "id": "a72f7b93-5cc1-4296-9d8a-221a85a10c4b",
    "data": [
      {
        "text": "no",
        "userDefined": false
      }
    ],
    "isTemplate": false,
    "count": 0,
    "lang": "it",
    "updated": 0
  },
  {
    "id": "b5e884a1-12ee-4c52-bd4f-f535ff7fe71e",
    "data": [
      {
        "text": "avevo un numero cliente ma non me lo ricordo",
        "userDefined": false
      }
    ],
    "isTemplate": false,
    "count": 0,
    "lang": "it",
    "updated": 0
  },
  {
    "id": "cca6c195-10fe-4504-b968-c6e2eaaf1b7f",
    "data": [
      {
        "text": "avevo un numero cliente ma non so qual è",
        "userDefined": false
      }
    ],
    "isTemplate": false,
    "count": 0,
    "lang": "it",
    "updated": 0
  },
  {
    "id": "431b36e2-ff5e-4ac9-bfda-051424fafac3",
    "data": [
      {
        "text": "sono cliente ma non ho il numero cliente",
        "userDefined": false
      }
    ],
    "isTemplate": false,
    "count": 0,
    "lang": "it",
    "updated": 0
  },
  {
    "id": "0ca0962a-b5d6-4cea-812a-8a984e479e0a",
    "data": [
      {
        "text": "ho fatto un attivazione ma non ho ancora il numero",
        "userDefined": false
      }
    ],
    "isTemplate": false,
    "count": 0,
    "lang": "it",
    "updated": 0
  },
  {
    "id": "873be327-ef89-43b2-9aff-848b01d75606",
    "data": [
      {
        "text": "non ho ancora il numero cliente",
        "userDefined": false
      }
    ],
    "isTemplate": false,
    "count": 0,
    "lang": "it",
    "updated": 0
  },
  {
    "id": "3779954b-fd61-4bf4-a04e-e404f4e6e3f0",
    "data": [
      {
        "text": "mi interessano le offerte per il gas",
        "userDefined": false
      }
    ],
    "isTemplate": false,
    "count": 0,
    "lang": "it",
    "updated": 0
  },
  {
    "id": "dd2b1c94-e799-4764-b5e8-0982dd188dab",
    "data": [
      {
        "text": "mi interessano le offerte per la luce",
        "userDefined": false
      }
    ],
    "isTemplate": false,
    "count": 0,
    "lang": "it",
    "updated": 0
  },
  {
    "id": "5c340604-667c-4baf-b048-ad9c914bef8b",
    "data": [
      {
        "text": "chiamo perchè vorrei cambiare fornitore",
        "userDefined": false
      }
    ],
    "isTemplate": false,
    "count": 0,
    "lang": "it",
    "updated": 0
  },
  {
    "id": "0096292c-3dce-4434-846c-15734b5b6d75",
    "data": [
      {
        "text": "chiamo perchè sono interessato alle offerte per la luce",
        "userDefined": false
      }
    ],
    "isTemplate": false,
    "count": 0,
    "lang": "it",
    "updated": 0
  },
  {
    "id": "3f1dfe6d-f5d8-4c20-b850-fb98029125da",
    "data": [
      {
        "text": "non sono cliente ma mi interessano le offerte eni",
        "userDefined": false
      }
    ],
    "isTemplate": false,
    "count": 0,
    "lang": "it",
    "updated": 0
  },
  {
    "id": "c902e59f-39ef-4ca4-8c12-e8cd00daca16",
    "data": [
      {
        "text": "non ho un contratto",
        "userDefined": false
      }
    ],
    "isTemplate": false,
    "count": 0,
    "lang": "it",
    "updated": 0
  },
  {
    "id": "04a8e1fa-76ea-4825-a015-d66323b41e6e",
    "data": [
      {
        "text": "non ho ancora firmato il contratto con eni",
        "userDefined": false
      }
    ],
    "isTemplate": false,
    "count": 0,
    "lang": "it",
    "updated": 0
  },
  {
    "id": "fe697efe-ba13-4265-9ac6-00f5c8a8ff14",
    "data": [
      {
        "text": "non ho un contratto con eni",
        "userDefined": false
      }
    ],
    "isTemplate": false,
    "count": 0,
    "lang": "it",
    "updated": 0
  },
  {
    "id": "77d2289d-359a-4b63-84b5-a68fec85f237",
    "data": [
      {
        "text": "ho firmato il contratto ma non mi avete ancora dato il numero cliente",
        "userDefined": false
      }
    ],
    "isTemplate": false,
    "count": 0,
    "lang": "it",
    "updated": 0
  },
  {
    "id": "9c54aed2-053f-43e0-8e02-73e7522898af",
    "data": [
      {
        "text": "no assolutamente",
        "userDefined": false
      }
    ],
    "isTemplate": false,
    "count": 0,
    "lang": "it",
    "updated": 0
  },
  {
    "id": "173b5cb5-090b-435d-a07a-f6c6108efce9",
    "data": [
      {
        "text": "non ci penso neanche",
        "userDefined": false
      }
    ],
    "isTemplate": false,
    "count": 0,
    "lang": "it",
    "updated": 0
  },
  {
    "id": "5fba023b-78f6-4600-bf6d-c2ccc7f2f861",
    "data": [
      {
        "text": "non ci penso neanche a diventare vostro cliente",
        "userDefined": false
      }
    ],
    "isTemplate": false,
    "count": 0,
    "lang": "it",
    "updated": 0
  },
  {
    "id": "5335d440-681a-4fa9-be3e-6fe949975039",
    "data": [
      {
        "text": "assolutamente no",
        "userDefined": false
      }
    ],
    "isTemplate": false,
    "count": 0,
    "lang": "it",
    "updated": 0
  },
  {
    "id": "2bfefcb7-7499-42d7-bb39-0423b86c90fa",
    "data": [
      {
        "text": "neanche per sogno",
        "userDefined": false
      }
    ],
    "isTemplate": false,
    "count": 0,
    "lang": "it",
    "updated": 0
  },
  {
    "id": "f85cf615-6e36-4107-984d-850ff90d2116",
    "data": [
      {
        "text": "non son mai stato cliente e mai lo sarò",
        "userDefined": false
      }
    ],
    "isTemplate": false,
    "count": 0,
    "lang": "it",
    "updated": 0
  },
  {
    "id": "a51e9b43-e3f8-4375-afcb-7c52c9ddbb27",
    "data": [
      {
        "text": "avevo un numero cliente",
        "userDefined": false
      }
    ],
    "isTemplate": false,
    "count": 0,
    "lang": "it",
    "updated": 0
  },
  {
    "id": "60ab7562-54d8-41e1-9b21-ad8524e222b8",
    "data": [
      {
        "text": "ho fatto un\u0027attivazione ma non ancora il numero cliente",
        "userDefined": false
      }
    ],
    "isTemplate": false,
    "count": 0,
    "lang": "it",
    "updated": 0
  },
  {
    "id": "7fd30aff-eea4-403d-a8c5-df20ff7d3ad1",
    "data": [
      {
        "text": "vorrei informarmi sulle offerte eni",
        "userDefined": false
      }
    ],
    "isTemplate": false,
    "count": 0,
    "lang": "it",
    "updated": 0
  },
  {
    "id": "e1543845-3b56-4caf-84a0-ba47548f9f21",
    "data": [
      {
        "text": "vorrei avere più informazioni",
        "userDefined": false
      }
    ],
    "isTemplate": false,
    "count": 0,
    "lang": "it",
    "updated": 0
  },
  {
    "id": "6411e626-6994-4eac-9bbb-148e083e13f3",
    "data": [
      {
        "text": "vorrei attivare una fornitura luce",
        "userDefined": false
      }
    ],
    "isTemplate": false,
    "count": 0,
    "lang": "it",
    "updated": 0
  },
  {
    "id": "05196926-50e4-4ec3-a2e6-4651a04911ab",
    "data": [
      {
        "text": "vorrei attivare una fornitura gas",
        "userDefined": false
      }
    ],
    "isTemplate": false,
    "count": 0,
    "lang": "it",
    "updated": 0
  },
  {
    "id": "ada8b96f-3ba3-4e42-82ae-e0ff1716400d",
    "data": [
      {
        "text": "vorrei attivare una fornitura",
        "userDefined": false
      }
    ],
    "isTemplate": false,
    "count": 0,
    "lang": "it",
    "updated": 0
  },
  {
    "id": "55b22052-86e3-4afa-84d7-963664ad1d80",
    "data": [
      {
        "text": "chiamo per una nuova attivazione",
        "userDefined": false
      }
    ],
    "isTemplate": false,
    "count": 0,
    "lang": "it",
    "updated": 0
  },
  {
    "id": "32ab7b14-bceb-441b-94c3-a9bbd94ef3a7",
    "data": [
      {
        "text": "chiamo per le nuove offerte",
        "userDefined": false
      }
    ],
    "isTemplate": false,
    "count": 0,
    "lang": "it",
    "updated": 0
  },
  {
    "id": "c0c1e55d-7f7f-4b13-8cd5-9ea71132917c",
    "data": [
      {
        "text": "voglio diventare cliente eni",
        "userDefined": false
      }
    ],
    "isTemplate": false,
    "count": 0,
    "lang": "it",
    "updated": 0
  },
  {
    "id": "ab36aee9-aabd-4c42-8d84-5d7d33b6ff2a",
    "data": [
      {
        "text": "voglio aprire una fornitura con eni",
        "userDefined": false
      }
    ],
    "isTemplate": false,
    "count": 0,
    "lang": "it",
    "updated": 0
  },
  {
    "id": "e0017b89-be29-44be-9196-f71158651439",
    "data": [
      {
        "text": "voglio passare ad eni",
        "userDefined": false
      }
    ],
    "isTemplate": false,
    "count": 0,
    "lang": "it",
    "updated": 0
  },
  {
    "id": "7c57f140-0a6e-40ba-a339-6e0ab9074d91",
    "data": [
      {
        "text": "mi interessano le offerte eni",
        "userDefined": false
      }
    ],
    "isTemplate": false,
    "count": 0,
    "lang": "it",
    "updated": 0
  },
  {
    "id": "deb8ec0f-e1d7-45ce-8b8a-6965df00a02c",
    "data": [
      {
        "text": "vorrei delle informazioni sulle offerte",
        "userDefined": false
      }
    ],
    "isTemplate": false,
    "count": 0,
    "lang": "it",
    "updated": 0
  },
  {
    "id": "902b2540-d387-471b-a2e1-82c6594f3f8d",
    "data": [
      {
        "text": "vorrei saperne di più sulle offerte eni",
        "userDefined": false
      }
    ],
    "isTemplate": false,
    "count": 0,
    "lang": "it",
    "updated": 0
  },
  {
    "id": "9a3d444c-45e6-4f4c-96c9-7a1e45919f49",
    "data": [
      {
        "text": "vorrei informarmi sulle offerte eni gas e luce",
        "userDefined": false
      }
    ],
    "isTemplate": false,
    "count": 0,
    "lang": "it",
    "updated": 0
  },
  {
    "id": "5c2de139-89e8-44b6-b02d-a1b759e3eaf7",
    "data": [
      {
        "text": "sono interessato alle vostre offerte",
        "userDefined": false
      }
    ],
    "isTemplate": false,
    "count": 0,
    "lang": "it",
    "updated": 0
  },
  {
    "id": "64fcb653-29a8-4648-86a0-0e146c4bb805",
    "data": [
      {
        "text": "sono interessato alle nuove offerte",
        "userDefined": false
      }
    ],
    "isTemplate": false,
    "count": 0,
    "lang": "it",
    "updated": 0
  },
  {
    "id": "53852bc9-4552-47c6-9670-f9351b1b6322",
    "data": [
      {
        "text": "sono interessato a passare con eni",
        "userDefined": false
      }
    ],
    "isTemplate": false,
    "count": 0,
    "lang": "it",
    "updated": 0
  },
  {
    "id": "32ca58de-485c-44b8-9620-a56ea7149e93",
    "data": [
      {
        "text": "vorrei delle informazioni sulle offerte per gas e luce",
        "userDefined": false
      }
    ],
    "isTemplate": false,
    "count": 0,
    "lang": "it",
    "updated": 0
  },
  {
    "id": "c59a5e0a-4e9b-4204-9fd3-54dd511f658e",
    "data": [
      {
        "text": "no non sono stata",
        "userDefined": false
      }
    ],
    "isTemplate": false,
    "count": 0,
    "lang": "it",
    "updated": 0
  },
  {
    "id": "bb5ab556-dc10-4f4b-b746-3f010a681585",
    "data": [
      {
        "text": "no penso di no",
        "userDefined": false
      }
    ],
    "isTemplate": false,
    "count": 0,
    "lang": "it",
    "updated": 0
  },
  {
    "id": "a3826916-e34f-4bd1-afd7-b4951c5dae0c",
    "data": [
      {
        "text": "non so cliente",
        "userDefined": false
      }
    ],
    "isTemplate": false,
    "count": 0,
    "lang": "it",
    "updated": 0
  },
  {
    "id": "5c71e803-8e64-4fd0-b0cf-578c924c4332",
    "data": [
      {
        "text": "nuovo",
        "userDefined": false
      }
    ],
    "isTemplate": false,
    "count": 0,
    "lang": "it",
    "updated": 0
  },
  {
    "id": "f1d5dd34-72af-4c64-9a64-e709f7379ac7",
    "data": [
      {
        "text": "no non sono ancora",
        "userDefined": false
      }
    ],
    "isTemplate": false,
    "count": 0,
    "lang": "it",
    "updated": 0
  },
  {
    "id": "6453b261-98b7-43ac-beeb-9d92ae1e2c0b",
    "data": [
      {
        "text": "lo ero pronto",
        "userDefined": false
      }
    ],
    "isTemplate": false,
    "count": 0,
    "lang": "it",
    "updated": 0
  },
  {
    "id": "2166b4bf-dcbd-42af-8e27-b1c2e79b6a7a",
    "data": [
      {
        "text": "no voglio parlare con un operatore",
        "userDefined": false
      }
    ],
    "isTemplate": false,
    "count": 0,
    "lang": "it",
    "updated": 0
  },
  {
    "id": "78805361-3d61-438e-b188-ae119f20837a",
    "data": [
      {
        "text": "non sono un clienti eni gas",
        "userDefined": false
      }
    ],
    "isTemplate": false,
    "count": 0,
    "lang": "it",
    "updated": 0
  },
  {
    "id": "d9154b1e-6d23-49ad-b6c5-c712fecdb1f6",
    "data": [
      {
        "text": "sto pensando di diventarlo",
        "userDefined": false
      }
    ],
    "isTemplate": false,
    "count": 0,
    "lang": "it",
    "updated": 0
  },
  {
    "id": "c0dd973b-77f3-4890-b830-e2a9fcdc488e",
    "data": [
      {
        "text": "voglio diventarlo",
        "userDefined": false
      }
    ],
    "isTemplate": false,
    "count": 0,
    "lang": "it",
    "updated": 0
  },
  {
    "id": "6c7720df-e1bb-4451-89ab-3614e790e29a",
    "data": [
      {
        "text": "non lo sono ancora",
        "userDefined": false
      }
    ],
    "isTemplate": false,
    "count": 0,
    "lang": "it",
    "updated": 0
  },
  {
    "id": "be97963a-9059-40f2-8267-196e78625f42",
    "data": [
      {
        "text": "vorrei diventarlo voglio parlare con un operator",
        "userDefined": false
      }
    ],
    "isTemplate": false,
    "count": 0,
    "lang": "it",
    "updated": 0
  },
  {
    "id": "c16983e9-538b-4be8-a67c-8fcaec9f8669",
    "data": [
      {
        "text": "va bene per diventare",
        "userDefined": false
      }
    ],
    "isTemplate": false,
    "count": 0,
    "lang": "it",
    "updated": 0
  },
  {
    "id": "2d52fc31-b310-4bf4-ad47-f6ecf1f485a2",
    "data": [
      {
        "text": "sto cercando di diventarlo",
        "userDefined": false
      }
    ],
    "isTemplate": false,
    "count": 0,
    "lang": "it",
    "updated": 0
  },
  {
    "id": "8cff4e75-a376-40a3-9cac-59412e483ca3",
    "data": [
      {
        "text": "non lo so sono",
        "userDefined": false
      }
    ],
    "isTemplate": false,
    "count": 0,
    "lang": "it",
    "updated": 0
  },
  {
    "id": "4a115e2c-5555-4e26-9e27-c339d6d11ba8",
    "data": [
      {
        "text": "no e non ho neanche voglia di diventarlo",
        "userDefined": false
      }
    ],
    "isTemplate": false,
    "count": 0,
    "lang": "it",
    "updated": 0
  },
  {
    "id": "fbb521c4-19e3-452c-9445-26ff6008a5b9",
    "data": [
      {
        "text": "no ancora",
        "userDefined": false
      }
    ],
    "isTemplate": false,
    "count": 0,
    "lang": "it",
    "updated": 0
  },
  {
    "id": "f7d67440-1e3c-4580-93b0-24f7fa763cf1",
    "data": [
      {
        "text": "non solo cliente",
        "userDefined": false
      }
    ],
    "isTemplate": false,
    "count": 0,
    "lang": "it",
    "updated": 0
  },
  {
    "id": "f5b6ce48-c2b1-4bba-ac76-0e73ea0c4b30",
    "data": [
      {
        "text": "sto cercando di diventare sto cercando di diventarlo",
        "userDefined": false
      }
    ],
    "isTemplate": false,
    "count": 0,
    "lang": "it",
    "updated": 0
  },
  {
    "id": "3cf5964e-c951-491b-80ff-66ddf9fb64f2",
    "data": [
      {
        "text": "ci sto pensando di diventarlo",
        "userDefined": false
      }
    ],
    "isTemplate": false,
    "count": 0,
    "lang": "it",
    "updated": 0
  },
  {
    "id": "7add34c0-b651-44c3-84ff-fe426fd081bd",
    "data": [
      {
        "text": "sto cercando di diventare",
        "userDefined": false
      }
    ],
    "isTemplate": false,
    "count": 0,
    "lang": "it",
    "updated": 0
  },
  {
    "id": "d9412d8e-4c47-4e1a-8bcd-90137f682a53",
    "data": [
      {
        "text": "sì sì voglio diventare un vostro cliente",
        "userDefined": false
      }
    ],
    "isTemplate": false,
    "count": 0,
    "lang": "it",
    "updated": 0
  },
  {
    "id": "0970fdc1-efa7-45fb-957f-3eb2234e1c43",
    "data": [
      {
        "text": "devo diventare cliente a breve vorrei capire i tempi perché ho già chiesto il trasferimento",
        "userDefined": false
      }
    ],
    "isTemplate": false,
    "count": 0,
    "lang": "it",
    "updated": 0
  },
  {
    "id": "bef76a3f-65ca-412a-8a0d-1b6c597c4f88",
    "data": [
      {
        "text": "non lo so non sono vostro cliente",
        "userDefined": false
      }
    ],
    "isTemplate": false,
    "count": 0,
    "lang": "it",
    "updated": 0
  },
  {
    "id": "1e164cf0-e716-48d3-83f6-a5e81ff461b6",
    "data": [
      {
        "text": "nuovo cliente",
        "userDefined": false
      }
    ],
    "isTemplate": false,
    "count": 0,
    "lang": "it",
    "updated": 0
  },
  {
    "id": "88f71ab4-c7ea-4d68-b945-005d3bba3dff",
    "data": [
      {
        "text": "no è la prima volta",
        "userDefined": false
      }
    ],
    "isTemplate": false,
    "count": 0,
    "lang": "it",
    "updated": 0
  },
  {
    "id": "e99bd15c-ebb2-4db7-8fb1-0e4fc9b96ed6",
    "data": [
      {
        "text": "non lo so ancora",
        "userDefined": false
      }
    ],
    "isTemplate": false,
    "count": 0,
    "lang": "it",
    "updated": 0
  },
  {
    "id": "7f9cf09b-1f9e-41c2-bce3-31259becffbf",
    "data": [
      {
        "text": "no non solo cliente",
        "userDefined": false
      }
    ],
    "isTemplate": false,
    "count": 0,
    "lang": "it",
    "updated": 0
  },
  {
    "id": "8c4c9382-64e1-4e00-baa4-cf590f13270a",
    "data": [
      {
        "text": "per me è la prima volta",
        "userDefined": false
      }
    ],
    "isTemplate": false,
    "count": 0,
    "lang": "it",
    "updated": 0
  },
  {
    "id": "bcdcea34-c4e7-435c-86e1-35885a51861d",
    "data": [
      {
        "text": "no ma è la voce registrata voglio parlare con un operatore",
        "userDefined": false
      }
    ],
    "isTemplate": false,
    "count": 0,
    "lang": "it",
    "updated": 0
  },
  {
    "id": "8a120270-9bfe-4abf-a345-b9ad7768327f",
    "data": [
      {
        "text": "voglio diventare un vostro cliente",
        "userDefined": false
      }
    ],
    "isTemplate": false,
    "count": 0,
    "lang": "it",
    "updated": 0
  },
  {
    "id": "ec6f9d3e-2551-4d48-a2f5-0d4ee958ce04",
    "data": [
      {
        "text": "no non sono adesso",
        "userDefined": false
      }
    ],
    "isTemplate": false,
    "count": 0,
    "lang": "it",
    "updated": 0
  },
  {
    "id": "42e312b9-4a2f-43e9-ad97-0a332cce1935",
    "data": [
      {
        "text": "non lo siamo",
        "userDefined": false
      }
    ],
    "isTemplate": false,
    "count": 0,
    "lang": "it",
    "updated": 0
  },
  {
    "id": "d94f2562-5a9e-4e6e-84c5-784803dc3145",
    "data": [
      {
        "text": "non lo sono stato in passato",
        "userDefined": false
      }
    ],
    "isTemplate": false,
    "count": 0,
    "lang": "it",
    "updated": 0
  }
]