[
  {
    "id": "c41779ea-715e-4b42-97e1-6366d79fdc71",
    "data": [
      {
        "text": "per ",
        "userDefined": false
      },
      {
        "text": "un",
        "userDefined": false
      },
      {
        "text": " altro numero",
        "userDefined": false
      }
    ],
    "isTemplate": false,
    "count": 0,
    "lang": "it",
    "updated": 0
  },
  {
    "id": "7c1ccc48-cfb7-4727-9cf0-c9032322e81e",
    "data": [
      {
        "text": "per ",
        "userDefined": false
      },
      {
        "text": "un",
        "userDefined": false
      },
      {
        "text": "\u0027altra cosa",
        "userDefined": false
      }
    ],
    "isTemplate": false,
    "count": 0,
    "lang": "it",
    "updated": 0
  },
  {
    "id": "8604ca4d-04c4-4d6d-bad2-6e457e3f4f6b",
    "data": [
      {
        "text": "peraltro",
        "userDefined": false
      }
    ],
    "isTemplate": false,
    "count": 0,
    "lang": "it",
    "updated": 0
  },
  {
    "id": "4fa43ccd-99b0-491b-9632-3c768f381e7a",
    "data": [
      {
        "text": "quell\u0027altro",
        "userDefined": false
      }
    ],
    "isTemplate": false,
    "count": 0,
    "lang": "it",
    "updated": 0
  },
  {
    "id": "14ab8136-ea06-41ca-85fb-49e8d562a22c",
    "data": [
      {
        "text": "Ronaldo",
        "userDefined": false
      }
    ],
    "isTemplate": false,
    "count": 0,
    "lang": "it",
    "updated": 0
  },
  {
    "id": "a7eff58f-0513-438e-bb68-e27c221d442e",
    "data": [
      {
        "text": "un",
        "userDefined": false
      },
      {
        "text": " altro ",
        "userDefined": false
      },
      {
        "text": "Tenza",
        "userDefined": false
      }
    ],
    "isTemplate": false,
    "count": 0,
    "lang": "it",
    "updated": 0
  },
  {
    "id": "d8f63b68-cd8f-4b6a-9cda-3f2560b5e121",
    "data": [
      {
        "text": "un",
        "userDefined": false
      },
      {
        "text": "\u0027altra ",
        "userDefined": false
      },
      {
        "text": "Potenza",
        "userDefined": false
      }
    ],
    "isTemplate": false,
    "count": 0,
    "lang": "it",
    "updated": 0
  },
  {
    "id": "9b8dcb49-3c9e-422e-bf48-e8a760bde43a",
    "data": [
      {
        "text": "no sto chiamando da ",
        "userDefined": false
      },
      {
        "text": "via xx settembre 88",
        "meta": "@sys.location",
        "alias": "location",
        "userDefined": true
      }
    ],
    "isTemplate": false,
    "count": 0,
    "lang": "it",
    "updated": 0
  },
  {
    "id": "edc171ca-0783-41b9-9f5b-42c1fa8c7503",
    "data": [
      {
        "text": "no per ",
        "userDefined": false
      },
      {
        "text": "via cavour 1",
        "meta": "@sys.location",
        "alias": "location",
        "userDefined": true
      }
    ],
    "isTemplate": false,
    "count": 0,
    "lang": "it",
    "updated": 0
  },
  {
    "id": "90ac0b30-c91f-4336-8bc4-2caa4ba13394",
    "data": [
      {
        "text": "no ",
        "userDefined": false
      },
      {
        "text": "via amerigo vespucci n 13",
        "meta": "@sys.location",
        "alias": "location",
        "userDefined": true
      }
    ],
    "isTemplate": false,
    "count": 0,
    "lang": "it",
    "updated": 0
  },
  {
    "id": "949cc9c0-d48b-44f7-90df-364ef292796a",
    "data": [
      {
        "text": "no chiamo per ",
        "userDefined": false
      },
      {
        "text": "piazza sant\u0027alfonso",
        "meta": "@sys.location",
        "alias": "location",
        "userDefined": true
      }
    ],
    "isTemplate": false,
    "count": 0,
    "lang": "it",
    "updated": 0
  },
  {
    "id": "54d3eb93-ab5e-456d-a61c-65141774db40",
    "data": [
      {
        "text": "per un altro per ",
        "userDefined": false
      },
      {
        "text": "via vallombrosa 6",
        "meta": "@sys.location",
        "alias": "location",
        "userDefined": true
      }
    ],
    "isTemplate": false,
    "count": 0,
    "lang": "it",
    "updated": 0
  },
  {
    "id": "86f74e41-97e9-4eef-ad39-9e992aaa8ea0",
    "data": [
      {
        "text": "no per ",
        "userDefined": false
      },
      {
        "text": "via rossini 13",
        "meta": "@sys.location",
        "alias": "location",
        "userDefined": true
      }
    ],
    "isTemplate": false,
    "count": 0,
    "lang": "it",
    "updated": 0
  },
  {
    "id": "15fe414f-700f-4137-8263-cba75abc88e5",
    "data": [
      {
        "text": "no per la fornitura in ",
        "userDefined": false
      },
      {
        "text": "via del tritone 15",
        "meta": "@sys.location",
        "alias": "location",
        "userDefined": true
      }
    ],
    "isTemplate": false,
    "count": 0,
    "lang": "it",
    "updated": 0
  },
  {
    "id": "41798298-dfa2-490f-b6d7-b23b091b610a",
    "data": [
      {
        "text": "no io chiamo ",
        "userDefined": false
      },
      {
        "text": "via angelo ruzzante n 6",
        "meta": "@sys.location",
        "alias": "location",
        "userDefined": true
      }
    ],
    "isTemplate": false,
    "count": 0,
    "lang": "it",
    "updated": 0
  },
  {
    "id": "a4aa1f2e-d566-4fee-aebb-b5465267a59b",
    "data": [
      {
        "text": "per un altro lucilla",
        "userDefined": false
      }
    ],
    "isTemplate": false,
    "count": 0,
    "lang": "it",
    "updated": 0
  },
  {
    "id": "a6fd20f3-d14b-4224-afb5-7e64ac72734e",
    "data": [
      {
        "text": "no chiamo per la casa al mare",
        "userDefined": false
      }
    ],
    "isTemplate": false,
    "count": 0,
    "lang": "it",
    "updated": 0
  },
  {
    "id": "6acbd486-402a-4d80-85c5-8949dd2b3b09",
    "data": [
      {
        "text": "no altro",
        "userDefined": false
      }
    ],
    "isTemplate": false,
    "count": 0,
    "lang": "it",
    "updated": 0
  },
  {
    "id": "3675c3e3-d06c-403e-84a2-a283053e7f17",
    "data": [
      {
        "text": "e l\u0027altro",
        "userDefined": false
      }
    ],
    "isTemplate": false,
    "count": 0,
    "lang": "it",
    "updated": 0
  },
  {
    "id": "45f2d797-3cfe-4119-b9ae-c7c470d2730a",
    "data": [
      {
        "text": "per conto di un altro",
        "userDefined": false
      }
    ],
    "isTemplate": false,
    "count": 0,
    "lang": "it",
    "updated": 0
  },
  {
    "id": "71a1b735-9123-4144-8909-6470eac2f206",
    "data": [
      {
        "text": "per un altro",
        "userDefined": false
      }
    ],
    "isTemplate": false,
    "count": 0,
    "lang": "it",
    "updated": 0
  },
  {
    "id": "f29db364-9dae-4e09-8e66-13378e490c1a",
    "data": [
      {
        "text": "no chiamo per me",
        "userDefined": false
      }
    ],
    "isTemplate": false,
    "count": 0,
    "lang": "it",
    "updated": 0
  },
  {
    "id": "7d08a9d4-5f6f-4f8d-8667-0b49d56aa7ae",
    "data": [
      {
        "text": "per un altro voglio parlare con un operatore fisico",
        "userDefined": false
      }
    ],
    "isTemplate": false,
    "count": 0,
    "lang": "it",
    "updated": 0
  },
  {
    "id": "2c467805-9434-4607-8582-78232b0a75e1",
    "data": [
      {
        "text": "è un alto",
        "userDefined": false
      }
    ],
    "isTemplate": false,
    "count": 0,
    "lang": "it",
    "updated": 0
  },
  {
    "id": "b164ba7d-5d35-4c31-87e9-fd6886afabe1",
    "data": [
      {
        "text": "no no",
        "userDefined": false
      }
    ],
    "isTemplate": false,
    "count": 0,
    "lang": "it",
    "updated": 0
  },
  {
    "id": "19d0ed27-aca6-4558-be8e-af4b8d7b5e39",
    "data": [
      {
        "text": "no",
        "userDefined": false
      }
    ],
    "isTemplate": false,
    "count": 0,
    "lang": "it",
    "updated": 0
  },
  {
    "id": "7262492f-dbf7-48a0-8819-00c50d21476c",
    "data": [
      {
        "text": "non so che fornitura sia",
        "userDefined": false
      }
    ],
    "isTemplate": false,
    "count": 0,
    "lang": "it",
    "updated": 0
  },
  {
    "id": "11751360-d269-4e9e-8088-f27c647cb2d6",
    "data": [
      {
        "text": "no non so cosa sia",
        "userDefined": false
      }
    ],
    "isTemplate": false,
    "count": 0,
    "lang": "it",
    "updated": 0
  },
  {
    "id": "fa5e591c-b1f6-47af-8532-2e75e47d1994",
    "data": [
      {
        "text": "no ma va",
        "userDefined": false
      }
    ],
    "isTemplate": false,
    "count": 0,
    "lang": "it",
    "updated": 0
  },
  {
    "id": "3bc801ac-7b69-4bf5-b46f-bf258ae0cf06",
    "data": [
      {
        "text": "scorretto",
        "userDefined": false
      }
    ],
    "isTemplate": false,
    "count": 0,
    "lang": "it",
    "updated": 0
  },
  {
    "id": "e551b693-3655-4f43-94be-ec65c13239e0",
    "data": [
      {
        "text": "sbagliato",
        "userDefined": false
      }
    ],
    "isTemplate": false,
    "count": 0,
    "lang": "it",
    "updated": 0
  },
  {
    "id": "480912fd-859a-4c1e-81b7-b152b013e062",
    "data": [
      {
        "text": "è sbagliata",
        "userDefined": false
      }
    ],
    "isTemplate": false,
    "count": 0,
    "lang": "it",
    "updated": 0
  },
  {
    "id": "acace5cf-d32a-45e1-8b6d-7f2a3b62cf5a",
    "data": [
      {
        "text": "no è scorretta",
        "userDefined": false
      }
    ],
    "isTemplate": false,
    "count": 0,
    "lang": "it",
    "updated": 0
  },
  {
    "id": "0a194687-1153-4580-b468-8750e000f120",
    "data": [
      {
        "text": "no è un\u0027altra",
        "userDefined": false
      }
    ],
    "isTemplate": false,
    "count": 0,
    "lang": "it",
    "updated": 0
  },
  {
    "id": "d8c9c0cb-ba6c-45a3-b7de-b1c1e4f0ee74",
    "data": [
      {
        "text": "è un\u0027altra",
        "userDefined": false
      }
    ],
    "isTemplate": false,
    "count": 0,
    "lang": "it",
    "updated": 0
  },
  {
    "id": "c30fc701-e953-4b8c-ad89-62f78d545b4d",
    "data": [
      {
        "text": "fornitura diversa",
        "userDefined": false
      }
    ],
    "isTemplate": false,
    "count": 0,
    "lang": "it",
    "updated": 0
  },
  {
    "id": "ad5767cb-1995-4c29-aaab-f7d98b4414d8",
    "data": [
      {
        "text": "per una fornitura diversa",
        "userDefined": false
      }
    ],
    "isTemplate": false,
    "count": 0,
    "lang": "it",
    "updated": 0
  },
  {
    "id": "74aa0f57-a069-4841-b145-7711b7a839aa",
    "data": [
      {
        "text": "per una diversa fornitura",
        "userDefined": false
      }
    ],
    "isTemplate": false,
    "count": 0,
    "lang": "it",
    "updated": 0
  },
  {
    "id": "af7d9aa8-6315-48a1-b56e-c3f0fd17d274",
    "data": [
      {
        "text": "diversa",
        "userDefined": false
      }
    ],
    "isTemplate": false,
    "count": 0,
    "lang": "it",
    "updated": 0
  },
  {
    "id": "591475c6-8f92-424d-812e-5ad4bd055efd",
    "data": [
      {
        "text": "altra",
        "userDefined": false
      }
    ],
    "isTemplate": false,
    "count": 0,
    "lang": "it",
    "updated": 0
  },
  {
    "id": "4254bd33-347d-4256-b761-1038b86a6e57",
    "data": [
      {
        "text": "altra fornitura",
        "userDefined": false
      }
    ],
    "isTemplate": false,
    "count": 0,
    "lang": "it",
    "updated": 0
  },
  {
    "id": "b2ba9743-4f69-4b7c-b1ce-85bcba1c3552",
    "data": [
      {
        "text": "no altra fornitura",
        "userDefined": false
      }
    ],
    "isTemplate": false,
    "count": 0,
    "lang": "it",
    "updated": 0
  },
  {
    "id": "00c55b61-dce2-451e-bafd-ece382c35df7",
    "data": [
      {
        "text": "no per un altra fornitura",
        "userDefined": false
      }
    ],
    "isTemplate": false,
    "count": 0,
    "lang": "it",
    "updated": 0
  },
  {
    "id": "e14c4942-d90a-475f-81f0-949d5e89df8a",
    "data": [
      {
        "text": "no non chiamo per questa fornitura",
        "userDefined": false
      }
    ],
    "isTemplate": false,
    "count": 0,
    "lang": "it",
    "updated": 0
  },
  {
    "id": "cd196bad-ed71-4c8e-8d72-bd3628af8213",
    "data": [
      {
        "text": "no è quello vecchio di mio padre",
        "userDefined": false
      }
    ],
    "isTemplate": false,
    "count": 0,
    "lang": "it",
    "updated": 0
  },
  {
    "id": "ed41aa68-7a2f-4461-861e-d596139da6cf",
    "data": [
      {
        "text": "no questo e quello vecchio di mio padre non è il mio",
        "userDefined": false
      }
    ],
    "isTemplate": false,
    "count": 0,
    "lang": "it",
    "updated": 0
  },
  {
    "id": "a23b8199-2248-47e2-b448-fc0e8b2fef7e",
    "data": [
      {
        "text": "no questo è vecchio non è il mio",
        "userDefined": false
      }
    ],
    "isTemplate": false,
    "count": 0,
    "lang": "it",
    "updated": 0
  },
  {
    "id": "43d551b4-2b5d-4c50-816f-2442a5e182a5",
    "data": [
      {
        "text": "no questo è l\u0027indirizzo vecchio dei miei",
        "userDefined": false
      }
    ],
    "isTemplate": false,
    "count": 0,
    "lang": "it",
    "updated": 0
  },
  {
    "id": "22f7d7f0-0e83-4baa-a433-d633d2a0aedb",
    "data": [
      {
        "text": "ma no questo indirizzo è quello vecchio di mia madre",
        "userDefined": false
      }
    ],
    "isTemplate": false,
    "count": 0,
    "lang": "it",
    "updated": 0
  },
  {
    "id": "b8bf260f-f8eb-4b24-b1e4-fbc41b0db9aa",
    "data": [
      {
        "text": "ma anche no",
        "userDefined": false
      }
    ],
    "isTemplate": false,
    "count": 0,
    "lang": "it",
    "updated": 0
  },
  {
    "id": "c140cb9a-a299-409a-bcf8-28d46ddd77c0",
    "data": [
      {
        "text": "no non so di che stai parlando",
        "userDefined": false
      }
    ],
    "isTemplate": false,
    "count": 0,
    "lang": "it",
    "updated": 0
  },
  {
    "id": "2756e601-b086-4b1b-8049-32fc507f44b3",
    "data": [
      {
        "text": "no non so quale sia",
        "userDefined": false
      }
    ],
    "isTemplate": false,
    "count": 0,
    "lang": "it",
    "updated": 0
  },
  {
    "id": "7879ec6f-d6fe-4baf-97c9-6bb3053ac44b",
    "data": [
      {
        "text": "no non lo conosco",
        "userDefined": false
      }
    ],
    "isTemplate": false,
    "count": 0,
    "lang": "it",
    "updated": 0
  },
  {
    "id": "3c47a61f-67a7-42ac-a31c-85047c4f6561",
    "data": [
      {
        "text": "no non lo conosco neanche",
        "userDefined": false
      }
    ],
    "isTemplate": false,
    "count": 0,
    "lang": "it",
    "updated": 0
  },
  {
    "id": "bd52161d-fc09-4428-bbc2-0bfb6fc97e54",
    "data": [
      {
        "text": "no chiamo per un altro indirizzo",
        "userDefined": false
      }
    ],
    "isTemplate": false,
    "count": 0,
    "lang": "it",
    "updated": 0
  },
  {
    "id": "57d3a46f-cd35-4631-bce1-02c734632d2f",
    "data": [
      {
        "text": "l\u0027indirizzo non è corretto",
        "userDefined": false
      }
    ],
    "isTemplate": false,
    "count": 0,
    "lang": "it",
    "updated": 0
  },
  {
    "id": "8c2086ba-ef9b-4b07-8132-226c59831a3f",
    "data": [
      {
        "text": "l\u0027indirizzo non è giusto",
        "userDefined": false
      }
    ],
    "isTemplate": false,
    "count": 0,
    "lang": "it",
    "updated": 0
  },
  {
    "id": "de444263-d81d-4019-be06-ea614d686b7c",
    "data": [
      {
        "text": "non è corretto",
        "userDefined": false
      }
    ],
    "isTemplate": false,
    "count": 0,
    "lang": "it",
    "updated": 0
  },
  {
    "id": "72b689ed-eae6-446c-9144-1aba9fbfef88",
    "data": [
      {
        "text": "è sbagliato",
        "userDefined": false
      }
    ],
    "isTemplate": false,
    "count": 0,
    "lang": "it",
    "updated": 0
  },
  {
    "id": "90b0c017-ae2c-4916-b21f-1f0b03d1e0ee",
    "data": [
      {
        "text": "hai sbagliato l\u0027indirizzo",
        "userDefined": false
      }
    ],
    "isTemplate": false,
    "count": 0,
    "lang": "it",
    "updated": 0
  },
  {
    "id": "a72ad8de-d504-4095-8202-77c3c5418f17",
    "data": [
      {
        "text": "non confermo",
        "userDefined": false
      }
    ],
    "isTemplate": false,
    "count": 0,
    "lang": "it",
    "updated": 0
  },
  {
    "id": "e592301b-b329-41fa-8c04-54820f9bd1c3",
    "data": [
      {
        "text": "l\u0027indirizzo è un altro",
        "userDefined": false
      }
    ],
    "isTemplate": false,
    "count": 0,
    "lang": "it",
    "updated": 0
  },
  {
    "id": "652757d8-b77f-4540-b978-47981fcaceaf",
    "data": [
      {
        "text": "non chiamo per un altro indirizzo",
        "userDefined": false
      }
    ],
    "isTemplate": false,
    "count": 0,
    "lang": "it",
    "updated": 0
  },
  {
    "id": "d026bce5-1bc1-440b-b6e1-ac7c3afa2cd9",
    "data": [
      {
        "text": "c\u0027è un errore nell\u0027indirizzo",
        "userDefined": false
      }
    ],
    "isTemplate": false,
    "count": 0,
    "lang": "it",
    "updated": 0
  },
  {
    "id": "c1ca48f3-6c6d-4658-9749-71d4180935d7",
    "data": [
      {
        "text": "l\u0027indirizzo è erroneo",
        "userDefined": false
      }
    ],
    "isTemplate": false,
    "count": 0,
    "lang": "it",
    "updated": 0
  },
  {
    "id": "8b1addf0-f1c9-4318-92c3-ce7be9b574aa",
    "data": [
      {
        "text": "non è quello",
        "userDefined": false
      }
    ],
    "isTemplate": false,
    "count": 0,
    "lang": "it",
    "updated": 0
  },
  {
    "id": "4e649777-5d5b-4501-86d0-0b0b94f428dc",
    "data": [
      {
        "text": "è incorretto l\u0027indirizzo",
        "userDefined": false
      }
    ],
    "isTemplate": false,
    "count": 0,
    "lang": "it",
    "updated": 0
  },
  {
    "id": "da558e15-2d0b-43e3-86c3-8fab0d481d62",
    "data": [
      {
        "text": "purtroppo non è corretto l\u0027indirizzo",
        "userDefined": false
      }
    ],
    "isTemplate": false,
    "count": 0,
    "lang": "it",
    "updated": 0
  },
  {
    "id": "c1a3bd1e-83ae-48c1-a72d-d37ece9e4823",
    "data": [
      {
        "text": "non mi sembra sia quello",
        "userDefined": false
      }
    ],
    "isTemplate": false,
    "count": 0,
    "lang": "it",
    "updated": 0
  },
  {
    "id": "34218978-0d79-4bfe-9203-8fe717572cef",
    "data": [
      {
        "text": "mi sa che non è quello l\u0027indirizzo",
        "userDefined": false
      }
    ],
    "isTemplate": false,
    "count": 0,
    "lang": "it",
    "updated": 0
  },
  {
    "id": "e14124f3-544c-454d-9481-e2ce4c22d97e",
    "data": [
      {
        "text": "non corrisponde l\u0027indirizzo",
        "userDefined": false
      }
    ],
    "isTemplate": false,
    "count": 0,
    "lang": "it",
    "updated": 0
  },
  {
    "id": "b1e83ac9-620e-496c-99ad-9480c0c9a8aa",
    "data": [
      {
        "text": "è sbagliato l\u0027indirizzo",
        "userDefined": false
      }
    ],
    "isTemplate": false,
    "count": 0,
    "lang": "it",
    "updated": 0
  },
  {
    "id": "f300a14f-39f2-499f-9705-22b9ca3453c2",
    "data": [
      {
        "text": "non ci siamo",
        "userDefined": false
      }
    ],
    "isTemplate": false,
    "count": 0,
    "lang": "it",
    "updated": 0
  },
  {
    "id": "f61df1fc-ae5a-4401-9e66-ea927d56f08b",
    "data": [
      {
        "text": "non credo",
        "userDefined": false
      }
    ],
    "isTemplate": false,
    "count": 0,
    "lang": "it",
    "updated": 0
  },
  {
    "id": "78db4323-27cc-4108-b01f-2751e1a6a75c",
    "data": [
      {
        "text": "no grazie",
        "userDefined": false
      }
    ],
    "isTemplate": false,
    "count": 0,
    "lang": "it",
    "updated": 0
  },
  {
    "id": "6a2b93d4-b7f5-4e12-9e82-366ce9dd4c37",
    "data": [
      {
        "text": "non proprio",
        "userDefined": false
      }
    ],
    "isTemplate": false,
    "count": 0,
    "lang": "it",
    "updated": 0
  },
  {
    "id": "7dae2f90-ebed-4da6-a626-34e701702b7e",
    "data": [
      {
        "text": "assolutamente no",
        "userDefined": false
      }
    ],
    "isTemplate": false,
    "count": 0,
    "lang": "it",
    "updated": 0
  },
  {
    "id": "21bb605e-d0b9-49dc-9c06-eb0b80d4f56d",
    "data": [
      {
        "text": "non sono d\u0027accordo",
        "userDefined": false
      }
    ],
    "isTemplate": false,
    "count": 0,
    "lang": "it",
    "updated": 0
  },
  {
    "id": "1e228720-4128-480d-b1a0-4fc057d2998b",
    "data": [
      {
        "text": "no ho chiamato per un nuovo contratto per la mia seconda casa",
        "userDefined": false
      }
    ],
    "isTemplate": false,
    "count": 0,
    "lang": "it",
    "updated": 0
  },
  {
    "id": "a3bf919a-d5ba-4872-901a-7a2fabf8b0aa",
    "data": [
      {
        "text": "ho detto no",
        "userDefined": false
      }
    ],
    "isTemplate": false,
    "count": 0,
    "lang": "it",
    "updated": 0
  },
  {
    "id": "84d71164-9a98-42a8-9b56-7f0b90797f1e",
    "data": [
      {
        "text": "no chiamo di qua però via nomentana 351 a",
        "userDefined": false
      }
    ],
    "isTemplate": false,
    "count": 0,
    "lang": "it",
    "updated": 0
  },
  {
    "id": "27597048-caf1-414b-aa53-7eaf1c779a1d",
    "data": [
      {
        "text": "no chiamo per caffè 22 san donato milanese via agadir",
        "userDefined": false
      }
    ],
    "isTemplate": false,
    "count": 0,
    "lang": "it",
    "updated": 0
  },
  {
    "id": "4b4f5fb0-dd3a-4c1d-b990-389b7d52b01c",
    "data": [
      {
        "text": "no ho chiamato per la fornitura in via enrico toti 13",
        "userDefined": false
      }
    ],
    "isTemplate": false,
    "count": 0,
    "lang": "it",
    "updated": 0
  },
  {
    "id": "2814d1d7-d64e-46f9-874c-0049168cb3d8",
    "data": [
      {
        "text": "no ho chiamato per una bolletta che non mi è mai arrivata relativa a via cristoforo colombo 18",
        "userDefined": false
      }
    ],
    "isTemplate": false,
    "count": 0,
    "lang": "it",
    "updated": 0
  },
  {
    "id": "a6ff1568-4236-4909-8363-1485f8e2fb21",
    "data": [
      {
        "text": "no ho detto no",
        "userDefined": false
      }
    ],
    "isTemplate": false,
    "count": 0,
    "lang": "it",
    "updated": 0
  },
  {
    "id": "d464bb3a-2d1f-4c64-96c0-f58b9b2da02e",
    "data": [
      {
        "text": "no non ho chiamato per vittorio via lussemburgo 26 sono venanzi lucio",
        "userDefined": false
      }
    ],
    "isTemplate": false,
    "count": 0,
    "lang": "it",
    "updated": 0
  },
  {
    "id": "45ef7c0b-c843-481d-91bb-eb727578cf56",
    "data": [
      {
        "text": "no per mia sorella in via xxiv maggio 2",
        "userDefined": false
      }
    ],
    "isTemplate": false,
    "count": 0,
    "lang": "it",
    "updated": 0
  },
  {
    "id": "e91d6d49-85ff-4cfb-bcbb-d10dfcee35ce",
    "data": [
      {
        "text": "no so sto chiamando per l\u0027utenza di via posillipo 42",
        "userDefined": false
      }
    ],
    "isTemplate": false,
    "count": 0,
    "lang": "it",
    "updated": 0
  },
  {
    "id": "0e6fd48a-db03-498a-8c97-cdc99554e211",
    "data": [
      {
        "text": "no ho chiamato per la fornitura in via enrico toti 14",
        "userDefined": false
      }
    ],
    "isTemplate": false,
    "count": 0,
    "lang": "it",
    "updated": 0
  },
  {
    "id": "5a1e2036-3a84-46da-9618-19793337d5e7",
    "data": [
      {
        "text": "no ho chiamato per una bolletta che non mi è mai arrivata relativa a via cristoforo colombo 19",
        "userDefined": false
      }
    ],
    "isTemplate": false,
    "count": 0,
    "lang": "it",
    "updated": 0
  },
  {
    "id": "fb6f5a70-8660-43ba-9763-c22a589a0930",
    "data": [
      {
        "text": "no per mia sorella in via xxiv maggio 3",
        "userDefined": false
      }
    ],
    "isTemplate": false,
    "count": 0,
    "lang": "it",
    "updated": 0
  },
  {
    "id": "012f21c8-4c58-40a8-807c-3019858dd4ba",
    "data": [
      {
        "text": "no so sto chiamando per l\u0027utenza di via posillipo 43",
        "userDefined": false
      }
    ],
    "isTemplate": false,
    "count": 0,
    "lang": "it",
    "updated": 0
  },
  {
    "id": "141305a9-513f-4e05-adf7-34f08d850baa",
    "data": [
      {
        "text": "per un\u0027altra utenza",
        "userDefined": false
      }
    ],
    "isTemplate": false,
    "count": 0,
    "lang": "it",
    "updated": 0
  },
  {
    "id": "9d3c6704-e2e6-4d73-b980-02f757cf3f32",
    "data": [
      {
        "text": "l\u0027altra utenza",
        "userDefined": false
      }
    ],
    "isTemplate": false,
    "count": 0,
    "lang": "it",
    "updated": 0
  },
  {
    "id": "b90edfcf-ad45-4784-817a-e50d5c808b52",
    "data": [
      {
        "text": "e no per l\u0027altra utenza che ho",
        "userDefined": false
      }
    ],
    "isTemplate": false,
    "count": 0,
    "lang": "it",
    "updated": 0
  },
  {
    "id": "066853a6-7ba8-4031-899f-ce6c3f40719b",
    "data": [
      {
        "text": "altro indirizzo",
        "userDefined": false
      }
    ],
    "isTemplate": false,
    "count": 0,
    "lang": "it",
    "updated": 0
  },
  {
    "id": "db11a8d7-86c5-49b4-b02f-40956a2e896e",
    "data": [
      {
        "text": "per un altro indirizzo sto chiamando",
        "userDefined": false
      }
    ],
    "isTemplate": false,
    "count": 0,
    "lang": "it",
    "updated": 0
  },
  {
    "id": "03a1d2e7-7cab-4847-851b-1ec328a5a44d",
    "data": [
      {
        "text": "sto chiamando per un\u0027altra utenza",
        "userDefined": false
      }
    ],
    "isTemplate": false,
    "count": 0,
    "lang": "it",
    "updated": 0
  },
  {
    "id": "18dae47e-1114-4042-bcf4-f68cc897b579",
    "data": [
      {
        "text": "altre utenze",
        "userDefined": false
      }
    ],
    "isTemplate": false,
    "count": 0,
    "lang": "it",
    "updated": 0
  },
  {
    "id": "111747d9-2689-4957-9d8e-7c8f8dba5c13",
    "data": [
      {
        "text": "per l\u0027altro utenza vorrei parlare con un operatore",
        "userDefined": false
      }
    ],
    "isTemplate": false,
    "count": 0,
    "lang": "it",
    "updated": 0
  },
  {
    "id": "a8c11079-b5b7-4965-ba69-3bb3016d483f",
    "data": [
      {
        "text": "chiamo per anche per le altre utenze",
        "userDefined": false
      }
    ],
    "isTemplate": false,
    "count": 0,
    "lang": "it",
    "updated": 0
  },
  {
    "id": "d9568f21-29a2-4275-be97-a1268e506e4c",
    "data": [
      {
        "text": "la seconda",
        "userDefined": false
      }
    ],
    "isTemplate": false,
    "count": 0,
    "lang": "it",
    "updated": 0
  },
  {
    "id": "2960b4e5-bf51-406c-9949-d2483b166d0c",
    "data": [
      {
        "text": "per un altra utenza cioè per cambio contatore del gas",
        "userDefined": false
      }
    ],
    "isTemplate": false,
    "count": 0,
    "lang": "it",
    "updated": 0
  },
  {
    "id": "20bf5ef2-0b82-477e-934e-04a302f2a46a",
    "data": [
      {
        "text": "per un altra utenza via plana 12 gelik marco",
        "userDefined": false
      }
    ],
    "isTemplate": false,
    "count": 0,
    "lang": "it",
    "updated": 0
  },
  {
    "id": "5c70f123-b3d5-4ae4-bf76-278da52b4447",
    "data": [
      {
        "text": "un altro",
        "userDefined": false
      }
    ],
    "isTemplate": false,
    "count": 0,
    "lang": "it",
    "updated": 0
  }
]