[
  {
    "id": "22ce7a8b-0927-4aa6-a88b-fe70c3ca4d57",
    "data": [
      {
        "text": "per la fornitura di ",
        "userDefined": false
      },
      {
        "text": "via giummari 54",
        "meta": "@sys.location",
        "alias": "location",
        "userDefined": false
      }
    ],
    "isTemplate": false,
    "count": 0,
    "lang": "it",
    "updated": 0
  },
  {
    "id": "cbf7ca09-a1c6-4168-837d-ed15d1c5e04b",
    "data": [
      {
        "text": "la fornitura ",
        "userDefined": false
      },
      {
        "text": "piazza Ormea 40",
        "meta": "@sys.location",
        "alias": "location",
        "userDefined": false
      },
      {
        "text": " Grazie",
        "userDefined": false
      }
    ],
    "isTemplate": false,
    "count": 0,
    "lang": "it",
    "updated": 0
  },
  {
    "id": "e782ec0a-51f0-4139-bc4d-4b1869636e53",
    "data": [
      {
        "text": "fornitura di ",
        "userDefined": false
      },
      {
        "text": "via Decio Filipponi 7",
        "meta": "@sys.location",
        "alias": "location",
        "userDefined": false
      }
    ],
    "isTemplate": false,
    "count": 0,
    "lang": "it",
    "updated": 0
  },
  {
    "id": "88f7570b-8b21-4d85-9ce3-f48ce83e8247",
    "data": [
      {
        "text": "chiamo per la fornitura ",
        "userDefined": false
      },
      {
        "text": "via giacomo leopardi",
        "meta": "@sys.location",
        "alias": "location",
        "userDefined": true
      }
    ],
    "isTemplate": false,
    "count": 0,
    "lang": "it",
    "updated": 0
  },
  {
    "id": "d15eb3c3-ba72-4050-85c7-e8fce9b9aaa8",
    "data": [
      {
        "text": "per quella di ",
        "userDefined": false
      },
      {
        "text": "via giovanni abate 5",
        "meta": "@sys.location",
        "alias": "location",
        "userDefined": true
      }
    ],
    "isTemplate": false,
    "count": 0,
    "lang": "it",
    "updated": 0
  },
  {
    "id": "eb05921e-7ec8-4c19-a56c-afe1fcc24723",
    "data": [
      {
        "text": "dunque ",
        "userDefined": false
      },
      {
        "text": "via cavour 1",
        "meta": "@sys.location",
        "alias": "location",
        "userDefined": true
      }
    ],
    "isTemplate": false,
    "count": 0,
    "lang": "it",
    "updated": 0
  },
  {
    "id": "a18bc47d-9cbb-49da-aed7-27d69b1be5af",
    "data": [
      {
        "text": "e per ",
        "userDefined": false
      },
      {
        "text": "via francia numero 6",
        "meta": "@sys.location",
        "alias": "location",
        "userDefined": true
      }
    ],
    "isTemplate": false,
    "count": 0,
    "lang": "it",
    "updated": 0
  },
  {
    "id": "02686082-72f7-41e2-a7ec-103f1efdf7a5",
    "data": [
      {
        "text": "siamo per ",
        "userDefined": false
      },
      {
        "text": "via firenze 2",
        "meta": "@sys.location",
        "alias": "location",
        "userDefined": true
      }
    ],
    "isTemplate": false,
    "count": 0,
    "lang": "it",
    "updated": 0
  },
  {
    "id": "ee2895bf-185b-4b86-82ab-f739d4da30e5",
    "data": [
      {
        "text": "l\u0027indirizzo di ",
        "userDefined": false
      },
      {
        "text": "via vespri siciliani 16",
        "meta": "@sys.location",
        "alias": "location",
        "userDefined": true
      }
    ],
    "isTemplate": false,
    "count": 0,
    "lang": "it",
    "updated": 0
  },
  {
    "id": "8e654609-3de1-46c0-abaf-d773dbb00f84",
    "data": [
      {
        "text": "chiamo per l\u0027indirizzo ",
        "userDefined": false
      },
      {
        "text": "via annunziata 50",
        "meta": "@sys.location",
        "alias": "location",
        "userDefined": true
      }
    ],
    "isTemplate": false,
    "count": 0,
    "lang": "it",
    "updated": 0
  },
  {
    "id": "c4a8500b-cd59-422d-badc-7049f6c48513",
    "data": [
      {
        "text": "per ",
        "userDefined": false
      },
      {
        "text": "via partanna mondello 31",
        "meta": "@sys.location",
        "alias": "location",
        "userDefined": true
      },
      {
        "text": " voglio parlare con un operatore",
        "userDefined": false
      }
    ],
    "isTemplate": false,
    "count": 0,
    "lang": "it",
    "updated": 0
  },
  {
    "id": "f5013c5e-5359-465a-9947-545ee2b62a53",
    "data": [
      {
        "text": "chiama per la fornitura di ",
        "userDefined": false
      },
      {
        "text": "via giovanni cena 40",
        "meta": "@sys.location",
        "alias": "location",
        "userDefined": true
      },
      {
        "text": " vorrei parlare con un operatore",
        "userDefined": false
      }
    ],
    "isTemplate": false,
    "count": 0,
    "lang": "it",
    "updated": 0
  },
  {
    "id": "b6bd1742-3980-4973-b11a-1bcecccc610b",
    "data": [
      {
        "text": "per la fornitura in ",
        "userDefined": false
      },
      {
        "text": "via giulio cesare 75",
        "meta": "@sys.location",
        "alias": "location",
        "userDefined": true
      }
    ],
    "isTemplate": false,
    "count": 0,
    "lang": "it",
    "updated": 0
  },
  {
    "id": "50844b74-f555-4644-ba84-781ddbe9057e",
    "data": [
      {
        "text": "per ",
        "userDefined": false
      },
      {
        "text": "via spartaco lavagnini n 31",
        "meta": "@sys.location",
        "alias": "location",
        "userDefined": true
      }
    ],
    "isTemplate": false,
    "count": 0,
    "lang": "it",
    "updated": 0
  },
  {
    "id": "54bfc5da-aaf7-496f-b758-4c2671ccb282",
    "data": [
      {
        "text": "allora ",
        "userDefined": false
      },
      {
        "text": "via firenze 2",
        "meta": "@sys.location",
        "alias": "location",
        "userDefined": true
      }
    ],
    "isTemplate": false,
    "count": 0,
    "lang": "it",
    "updated": 0
  },
  {
    "id": "51d33b6b-b4d4-40cc-a0ef-04d720f4228d",
    "data": [
      {
        "text": "via giovanni battista 12",
        "meta": "@sys.location",
        "alias": "location",
        "userDefined": true
      }
    ],
    "isTemplate": false,
    "count": 0,
    "lang": "it",
    "updated": 0
  },
  {
    "id": "91c7b1e3-aa54-421b-811c-a93c1444b96e",
    "data": [
      {
        "text": "chiamo per la fornitura in ",
        "userDefined": false
      },
      {
        "text": "via san rocco n 6",
        "meta": "@sys.location",
        "alias": "location",
        "userDefined": true
      }
    ],
    "isTemplate": false,
    "count": 0,
    "lang": "it",
    "updated": 0
  },
  {
    "id": "a9eb59c8-ead7-41e8-aa69-f7f8aaff764f",
    "data": [
      {
        "text": "per la fornitura ",
        "userDefined": false
      },
      {
        "text": "via umberto saba",
        "meta": "@sys.location",
        "alias": "location",
        "userDefined": true
      }
    ],
    "isTemplate": false,
    "count": 0,
    "lang": "it",
    "updated": 0
  },
  {
    "id": "479492d5-016e-4ca6-a632-3d3bafb870be",
    "data": [
      {
        "text": "indirizzo ",
        "userDefined": false
      },
      {
        "text": "corso milano 111",
        "meta": "@sys.location",
        "alias": "location",
        "userDefined": true
      }
    ],
    "isTemplate": false,
    "count": 0,
    "lang": "it",
    "updated": 0
  },
  {
    "id": "c92835fd-b199-41d7-97cf-15cc35c59df9",
    "data": [
      {
        "text": "chiamo per ",
        "userDefined": false
      },
      {
        "text": "viale marche 1",
        "meta": "@sys.location",
        "alias": "location",
        "userDefined": true
      }
    ],
    "isTemplate": false,
    "count": 0,
    "lang": "it",
    "updated": 0
  },
  {
    "id": "c9357b65-09ad-4bbf-8706-ccc3c28e9020",
    "data": [
      {
        "text": "chiamo per ",
        "userDefined": false
      },
      {
        "text": "via seneca 12 roma",
        "meta": "@sys.location",
        "alias": "location",
        "userDefined": true
      }
    ],
    "isTemplate": false,
    "count": 0,
    "lang": "it",
    "updated": 0
  },
  {
    "id": "0eb5eacc-5859-423e-bf79-c263ca0d34aa",
    "data": [
      {
        "text": "chiamo per la fornitura di ",
        "userDefined": false
      },
      {
        "text": "via emilio faa di bruno",
        "meta": "@sys.location",
        "alias": "location",
        "userDefined": true
      }
    ],
    "isTemplate": false,
    "count": 0,
    "lang": "it",
    "updated": 0
  },
  {
    "id": "e15aa700-d8c5-4bf0-8c40-3e9f4c071dd2",
    "data": [
      {
        "text": "chiamo per l\u0027indirizzo di ",
        "userDefined": false
      },
      {
        "text": "viale medaglie d\u0027oro",
        "meta": "@sys.location",
        "alias": "location",
        "userDefined": true
      }
    ],
    "isTemplate": false,
    "count": 0,
    "lang": "it",
    "updated": 0
  },
  {
    "id": "5e9286ee-cb3d-4f41-a8c9-259421ab9f97",
    "data": [
      {
        "text": "abito in ",
        "userDefined": false
      },
      {
        "text": "piazzale loreto 44",
        "meta": "@sys.location",
        "alias": "location",
        "userDefined": true
      }
    ],
    "isTemplate": false,
    "count": 0,
    "lang": "it",
    "updated": 0
  },
  {
    "id": "9270e618-4ce5-4a43-8de0-edecf8ba6df1",
    "data": [
      {
        "text": "abito a ",
        "userDefined": false
      },
      {
        "text": "viale marche 22",
        "meta": "@sys.location",
        "alias": "location",
        "userDefined": true
      }
    ],
    "isTemplate": false,
    "count": 0,
    "lang": "it",
    "updated": 0
  },
  {
    "id": "31dd005e-8bd9-4463-b7fe-f45905dc782c",
    "data": [
      {
        "text": "il mio indirizzo è a ",
        "userDefined": false
      },
      {
        "text": "bologna",
        "meta": "@sys.location",
        "alias": "location",
        "userDefined": true
      },
      {
        "text": " in ",
        "userDefined": false
      },
      {
        "text": "via roma 65",
        "meta": "@sys.location",
        "alias": "location",
        "userDefined": true
      }
    ],
    "isTemplate": false,
    "count": 0,
    "lang": "it",
    "updated": 0
  },
  {
    "id": "157cc826-1a02-4b30-bed2-81224fba2278",
    "data": [
      {
        "text": "l\u0027indirizzo è ",
        "userDefined": false
      },
      {
        "text": "viale abruzzi 4",
        "meta": "@sys.location",
        "alias": "location",
        "userDefined": true
      }
    ],
    "isTemplate": false,
    "count": 0,
    "lang": "it",
    "updated": 0
  },
  {
    "id": "7273405d-7dd6-409b-9605-99f75126374a",
    "data": [
      {
        "text": "piazzale degli eroi",
        "meta": "@sys.location",
        "alias": "location",
        "userDefined": true
      }
    ],
    "isTemplate": false,
    "count": 0,
    "lang": "it",
    "updated": 0
  },
  {
    "id": "55bc7147-c494-462a-b354-f7abae4f8204",
    "data": [
      {
        "text": "via cecilia stazio 1",
        "meta": "@sys.location",
        "alias": "location",
        "userDefined": true
      }
    ],
    "isTemplate": false,
    "count": 0,
    "lang": "it",
    "updated": 0
  },
  {
    "id": "780373e3-a303-43dd-99c6-86ed7e2f7509",
    "data": [
      {
        "text": "viale delle milizie 78 00136 roma",
        "meta": "@sys.location",
        "alias": "location",
        "userDefined": true
      }
    ],
    "isTemplate": false,
    "count": 0,
    "lang": "it",
    "updated": 0
  },
  {
    "id": "dfa42da9-6df6-4872-96bb-ddc1d1419b4a",
    "data": [
      {
        "text": "via gramsci",
        "meta": "@sys.location",
        "alias": "location",
        "userDefined": true
      }
    ],
    "isTemplate": false,
    "count": 0,
    "lang": "it",
    "updated": 0
  }
]