[
  {
    "id": "8d0a4609-b9ae-432a-a44c-b8ff2a922caf",
    "data": [
      {
        "text": "va bene ",
        "userDefined": false
      },
      {
        "text": "il primo",
        "userDefined": false
      },
      {
        "text": " indirizzo",
        "userDefined": false
      }
    ],
    "isTemplate": false,
    "count": 0,
    "lang": "it",
    "updated": 0
  },
  {
    "id": "9e0d9026-7e45-4859-8864-6cb52cd67203",
    "data": [
      {
        "text": "te questo",
        "userDefined": false
      }
    ],
    "isTemplate": false,
    "count": 0,
    "lang": "it",
    "updated": 0
  },
  {
    "id": "3cc9eb0f-3a53-4a94-8d75-47475ec4a8c3",
    "data": [
      {
        "text": "Sì voglio parlare con ",
        "userDefined": false
      },
      {
        "text": "un",
        "userDefined": false
      },
      {
        "text": " operatore",
        "userDefined": false
      }
    ],
    "isTemplate": false,
    "count": 0,
    "lang": "it",
    "updated": 0
  },
  {
    "id": "12c0893e-9ef6-4cdb-9c02-832888f58dbc",
    "data": [
      {
        "text": "si sono qui io",
        "userDefined": false
      }
    ],
    "isTemplate": false,
    "count": 0,
    "lang": "it",
    "updated": 0
  },
  {
    "id": "e510aafe-9dbc-4d8e-a961-c42bb92d8399",
    "data": [
      {
        "text": "Sì sì veloce veloce dai",
        "userDefined": false
      }
    ],
    "isTemplate": false,
    "count": 0,
    "lang": "it",
    "updated": 0
  },
  {
    "id": "19f17bef-89da-46cb-909c-c4407a5b3527",
    "data": [
      {
        "text": "Sì sì questo è ",
        "userDefined": false
      },
      {
        "text": "l\u0027indirizzo",
        "userDefined": false
      },
      {
        "text": " sono ",
        "userDefined": false
      },
      {
        "text": "Massimo",
        "userDefined": false
      },
      {
        "text": " ",
        "userDefined": false
      },
      {
        "text": "Maria",
        "userDefined": false
      }
    ],
    "isTemplate": false,
    "count": 0,
    "lang": "it",
    "updated": 0
  },
  {
    "id": "aca2644a-c50a-49c8-8faf-68d78655f826",
    "data": [
      {
        "text": "Sì questo è ",
        "userDefined": false
      },
      {
        "text": "giusto",
        "userDefined": false
      }
    ],
    "isTemplate": false,
    "count": 0,
    "lang": "it",
    "updated": 0
  },
  {
    "id": "79959f56-309d-4b87-abbf-1e6030b5f328",
    "data": [
      {
        "text": "no questo",
        "userDefined": false
      }
    ],
    "isTemplate": false,
    "count": 0,
    "lang": "it",
    "updated": 0
  },
  {
    "id": "6dff9062-4e52-422f-abf7-a1e3a6bbd75d",
    "data": [
      {
        "text": "per questo servizio di ",
        "userDefined": false
      },
      {
        "text": "via jannelli 96",
        "meta": "@sys.location",
        "alias": "location",
        "userDefined": true
      }
    ],
    "isTemplate": false,
    "count": 0,
    "lang": "it",
    "updated": 0
  },
  {
    "id": "ffcb9bfd-4ffb-48f3-a840-471da348c6f4",
    "data": [
      {
        "text": "sì per ",
        "userDefined": false
      },
      {
        "text": "via vittorio veneto",
        "meta": "@sys.location",
        "alias": "location",
        "userDefined": true
      }
    ],
    "isTemplate": false,
    "count": 0,
    "lang": "it",
    "updated": 0
  },
  {
    "id": "cfb56a08-bea7-40ed-9b82-07e2a3909fd0",
    "data": [
      {
        "text": "chiamo per questa utenza in ",
        "userDefined": false
      },
      {
        "text": "via guglielmo marconi 16 bologna",
        "meta": "@sys.location",
        "alias": "location",
        "userDefined": true
      }
    ],
    "isTemplate": false,
    "count": 0,
    "lang": "it",
    "updated": 0
  },
  {
    "id": "c731da95-4e81-45a8-aa54-05ba9d51dd7e",
    "data": [
      {
        "text": "ci per la fornitura di ",
        "userDefined": false
      },
      {
        "text": "via alberto galli 28",
        "meta": "@sys.location",
        "alias": "location",
        "userDefined": true
      }
    ],
    "isTemplate": false,
    "count": 0,
    "lang": "it",
    "updated": 0
  },
  {
    "id": "e6b6b2ea-68a8-41da-92ae-3e8af4b9eef5",
    "data": [
      {
        "text": "chiama per questa fornitura ",
        "userDefined": false
      },
      {
        "text": "viale marco polo 15 roma",
        "meta": "@sys.location",
        "alias": "location",
        "userDefined": true
      }
    ],
    "isTemplate": false,
    "count": 0,
    "lang": "it",
    "updated": 0
  },
  {
    "id": "318d6772-814f-4117-8696-3cf44a93a3bc",
    "data": [
      {
        "text": "sì questa ",
        "userDefined": false
      },
      {
        "text": "via serravalle numero 4",
        "meta": "@sys.location",
        "alias": "location",
        "userDefined": true
      }
    ],
    "isTemplate": false,
    "count": 0,
    "lang": "it",
    "updated": 0
  },
  {
    "id": "85496450-2b57-4824-9f3c-b7d55e5af4a3",
    "data": [
      {
        "text": "e questa ",
        "userDefined": false
      },
      {
        "text": "via gallini 8",
        "meta": "@sys.location",
        "alias": "location",
        "userDefined": true
      }
    ],
    "isTemplate": false,
    "count": 0,
    "lang": "it",
    "updated": 0
  },
  {
    "id": "4896ac12-1b70-438a-80d5-30abf5aa7b62",
    "data": [
      {
        "text": "sì sì per la fornitura in ",
        "userDefined": false
      },
      {
        "text": "viale europa 104",
        "meta": "@sys.location",
        "alias": "location",
        "userDefined": true
      }
    ],
    "isTemplate": false,
    "count": 0,
    "lang": "it",
    "updated": 0
  },
  {
    "id": "629e7da6-f992-4787-aaaa-a09b2bb7e2ad",
    "data": [
      {
        "text": "sì chiamo per l\u0027indirizzo di ",
        "userDefined": false
      },
      {
        "text": "via roma 16",
        "meta": "@sys.location",
        "alias": "location",
        "userDefined": true
      }
    ],
    "isTemplate": false,
    "count": 0,
    "lang": "it",
    "updated": 0
  },
  {
    "id": "7ae2172e-3b6f-45b8-be2e-bc2a79c698ac",
    "data": [
      {
        "text": "si chiamo per ",
        "userDefined": false
      },
      {
        "text": "via dei carpentieri 25",
        "meta": "@sys.location",
        "alias": "location",
        "userDefined": true
      }
    ],
    "isTemplate": false,
    "count": 0,
    "lang": "it",
    "updated": 0
  },
  {
    "id": "6647cf1b-ab79-4fa5-a6be-8f82bdcdce95",
    "data": [
      {
        "text": "sì sì per ",
        "userDefined": false
      },
      {
        "text": "via san jacopo in acquaviva",
        "meta": "@sys.location",
        "alias": "location",
        "userDefined": true
      },
      {
        "text": " numero 2 pronto",
        "userDefined": false
      }
    ],
    "isTemplate": false,
    "count": 0,
    "lang": "it",
    "updated": 0
  },
  {
    "id": "9196059b-8fe7-46ba-be96-ec95c0acd1bd",
    "data": [
      {
        "text": "sì sto chiamando per la fornitura di ",
        "userDefined": false
      },
      {
        "text": "via fiume 22",
        "meta": "@sys.location",
        "alias": "location",
        "userDefined": true
      }
    ],
    "isTemplate": false,
    "count": 0,
    "lang": "it",
    "updated": 0
  },
  {
    "id": "dd820d07-667b-4b85-8246-f70273ed298d",
    "data": [
      {
        "text": "sì ",
        "userDefined": false
      },
      {
        "text": "via buonarroti",
        "meta": "@sys.location",
        "alias": "location",
        "userDefined": true
      },
      {
        "text": " senza numero civico",
        "userDefined": false
      }
    ],
    "isTemplate": false,
    "count": 0,
    "lang": "it",
    "updated": 0
  },
  {
    "id": "9e461bc9-77d3-405d-8d16-1a090096e40e",
    "data": [
      {
        "text": "sì ",
        "userDefined": false
      },
      {
        "text": "via toscanini",
        "meta": "@sys.location",
        "alias": "location",
        "userDefined": true
      },
      {
        "text": " però 27 non 13",
        "userDefined": false
      }
    ],
    "isTemplate": false,
    "count": 0,
    "lang": "it",
    "updated": 0
  },
  {
    "id": "78b00ea8-41a8-4e3a-834d-adaf0ee31588",
    "data": [
      {
        "text": "sì chiamo per l\u0027indirizzo di ",
        "userDefined": false
      },
      {
        "text": "via roma 17",
        "meta": "@sys.location",
        "alias": "location",
        "userDefined": true
      }
    ],
    "isTemplate": false,
    "count": 0,
    "lang": "it",
    "updated": 0
  },
  {
    "id": "8780d653-7b34-4c7c-bdcf-da67afdf8d42",
    "data": [
      {
        "text": "si chiamo per ",
        "userDefined": false
      },
      {
        "text": "via dei carpentieri 26",
        "meta": "@sys.location",
        "alias": "location",
        "userDefined": true
      }
    ],
    "isTemplate": false,
    "count": 0,
    "lang": "it",
    "updated": 0
  },
  {
    "id": "8edd14d6-ed28-47b0-b7d1-48e7404a565c",
    "data": [
      {
        "text": "sì sto chiamando per la fornitura di ",
        "userDefined": false
      },
      {
        "text": "via fiume 23",
        "meta": "@sys.location",
        "alias": "location",
        "userDefined": true
      }
    ],
    "isTemplate": false,
    "count": 0,
    "lang": "it",
    "updated": 0
  },
  {
    "id": "e0a21768-10f7-4e0a-8105-cc062328495e",
    "data": [
      {
        "text": "sì ",
        "userDefined": false
      },
      {
        "text": "via toscanini",
        "meta": "@sys.location",
        "alias": "location",
        "userDefined": true
      },
      {
        "text": " però 27 non 14",
        "userDefined": false
      }
    ],
    "isTemplate": false,
    "count": 0,
    "lang": "it",
    "updated": 0
  },
  {
    "id": "2992a096-d519-443e-9a75-9b844780f1f3",
    "data": [
      {
        "text": "sì sì ",
        "userDefined": false
      },
      {
        "text": "via legnano 53",
        "meta": "@sys.location",
        "alias": "location",
        "userDefined": true
      }
    ],
    "isTemplate": false,
    "count": 0,
    "lang": "it",
    "updated": 0
  },
  {
    "id": "8c7b4ee1-8e51-4366-bc08-9721fdcce0ca",
    "data": [
      {
        "text": "per questo indirizzo per ",
        "userDefined": false
      },
      {
        "text": "via carducci 8",
        "meta": "@sys.location",
        "alias": "location",
        "userDefined": true
      }
    ],
    "isTemplate": false,
    "count": 0,
    "lang": "it",
    "updated": 0
  },
  {
    "id": "4847096b-c725-44ea-9332-75a966d5f9e9",
    "data": [
      {
        "text": "per questo indirizzo per ",
        "userDefined": false
      },
      {
        "text": "via plava 111",
        "meta": "@sys.location",
        "alias": "location",
        "userDefined": true
      },
      {
        "text": " chiamo",
        "userDefined": false
      }
    ],
    "isTemplate": false,
    "count": 0,
    "lang": "it",
    "updated": 0
  },
  {
    "id": "5216f9b7-9b97-44e6-9fa4-86b9af701375",
    "data": [
      {
        "text": "chiamo per questa utenza ",
        "userDefined": false
      },
      {
        "text": "via san marino 111",
        "meta": "@sys.location",
        "alias": "location",
        "userDefined": true
      }
    ],
    "isTemplate": false,
    "count": 0,
    "lang": "it",
    "updated": 0
  },
  {
    "id": "7835ef8e-0fd4-4a49-8220-61eb4b013c19",
    "data": [
      {
        "text": "sì per la fornitura in ",
        "userDefined": false
      },
      {
        "text": "via dei verdi 19",
        "meta": "@sys.location",
        "alias": "location",
        "userDefined": true
      },
      {
        "text": " si",
        "userDefined": false
      }
    ],
    "isTemplate": false,
    "count": 0,
    "lang": "it",
    "updated": 0
  },
  {
    "id": "dd1b46a1-a1a9-49de-aabe-f68ecfa5d55a",
    "data": [
      {
        "text": "per questa ",
        "userDefined": false
      },
      {
        "text": "via manzoni 1",
        "meta": "@sys.location",
        "alias": "location",
        "userDefined": true
      }
    ],
    "isTemplate": false,
    "count": 0,
    "lang": "it",
    "updated": 0
  },
  {
    "id": "a8cb3574-4dda-4dbc-b8af-aa716ef025b4",
    "data": [
      {
        "text": "sì chiamo per ",
        "userDefined": false
      },
      {
        "text": "via parrocchiale 42",
        "meta": "@sys.location",
        "alias": "location",
        "userDefined": true
      }
    ],
    "isTemplate": false,
    "count": 0,
    "lang": "it",
    "updated": 0
  },
  {
    "id": "55217f36-f98a-4afd-80a0-c2419efa9270",
    "data": [
      {
        "text": "sì per la fornitura di 94 a ",
        "userDefined": false
      },
      {
        "text": "via gorizia",
        "meta": "@sys.location",
        "alias": "location",
        "userDefined": true
      }
    ],
    "isTemplate": false,
    "count": 0,
    "lang": "it",
    "updated": 0
  },
  {
    "id": "9af229fe-c314-4e64-89a6-b73e666b115e",
    "data": [
      {
        "text": "se chiamo per questo utenza ",
        "userDefined": false
      },
      {
        "text": "via del santo 180",
        "meta": "@sys.location",
        "alias": "location",
        "userDefined": true
      }
    ],
    "isTemplate": false,
    "count": 0,
    "lang": "it",
    "updated": 0
  },
  {
    "id": "ded6cd5e-1b49-4ed1-a49c-cd41c7d0fa98",
    "data": [
      {
        "text": "sì è giusto l\u0027indirizzo ",
        "userDefined": false
      },
      {
        "text": "piazza pietro gobetti",
        "meta": "@sys.location",
        "alias": "location",
        "userDefined": true
      },
      {
        "text": " 5",
        "userDefined": false
      }
    ],
    "isTemplate": false,
    "count": 0,
    "lang": "it",
    "updated": 0
  },
  {
    "id": "314cf821-26d8-40ef-9bbe-fc79a2aecc33",
    "data": [
      {
        "text": "sì esatto è la mia fornitura a roma di ",
        "userDefined": false
      },
      {
        "text": "viale degli ammiragli",
        "meta": "@sys.location",
        "alias": "location",
        "userDefined": true
      }
    ],
    "isTemplate": false,
    "count": 0,
    "lang": "it",
    "updated": 0
  },
  {
    "id": "9a295181-d60e-4228-80d9-9b7851516427",
    "data": [
      {
        "text": "sì è lei ",
        "userDefined": false
      },
      {
        "text": "viale abruzzi 12",
        "meta": "@sys.location",
        "alias": "location",
        "userDefined": true
      }
    ],
    "isTemplate": false,
    "count": 0,
    "lang": "it",
    "updated": 0
  },
  {
    "id": "ea873c7f-f492-444c-bcd0-1f8e597e78b1",
    "data": [
      {
        "text": "esatto ",
        "userDefined": false
      },
      {
        "text": "via delle medaglie d\u0027oro 55",
        "meta": "@sys.location",
        "alias": "location",
        "userDefined": true
      }
    ],
    "isTemplate": false,
    "count": 0,
    "lang": "it",
    "updated": 0
  },
  {
    "id": "c18a4481-838c-4f6b-8e2d-8d3bb6748ad2",
    "data": [
      {
        "text": "sì ",
        "userDefined": false
      },
      {
        "text": "piazza cola di renzo 98",
        "meta": "@sys.location",
        "alias": "location",
        "userDefined": true
      }
    ],
    "isTemplate": false,
    "count": 0,
    "lang": "it",
    "updated": 0
  },
  {
    "id": "f1885c13-9ed4-4a22-9e79-13ab5cb8b9a7",
    "data": [
      {
        "text": "sì ",
        "userDefined": false
      },
      {
        "text": "viale marche 12",
        "meta": "@sys.location",
        "alias": "location",
        "userDefined": true
      }
    ],
    "isTemplate": false,
    "count": 0,
    "lang": "it",
    "updated": 0
  },
  {
    "id": "61ece5c1-56e3-4be1-827f-37a3faaefdfe",
    "data": [
      {
        "text": "sì chiamo per questo indirizzo ",
        "userDefined": false
      },
      {
        "text": "via cecilio stazio 12",
        "meta": "@sys.location",
        "alias": "location",
        "userDefined": true
      }
    ],
    "isTemplate": false,
    "count": 0,
    "lang": "it",
    "updated": 0
  },
  {
    "id": "2079461d-4a96-4bf9-9880-dcb38846e9d4",
    "data": [
      {
        "text": "sì è il mio indirizzo a ",
        "userDefined": false
      },
      {
        "text": "via cavour",
        "meta": "@sys.location",
        "alias": "location",
        "userDefined": true
      }
    ],
    "isTemplate": false,
    "count": 0,
    "lang": "it",
    "updated": 0
  },
  {
    "id": "087568a9-0507-47cd-bd55-073c0145defd",
    "data": [
      {
        "text": "sì esatto per ",
        "userDefined": false
      },
      {
        "text": "via delle milizie 12",
        "meta": "@sys.location",
        "alias": "location",
        "userDefined": true
      }
    ],
    "isTemplate": false,
    "count": 0,
    "lang": "it",
    "updated": 0
  },
  {
    "id": "9d6c2305-67b6-4cbb-89e2-0878fe801138",
    "data": [
      {
        "text": "siamo per questo",
        "userDefined": false
      }
    ],
    "isTemplate": false,
    "count": 0,
    "lang": "it",
    "updated": 0
  },
  {
    "id": "49b135c2-79a1-486e-9339-a6e087f1a537",
    "data": [
      {
        "text": "sì siamo per questo",
        "userDefined": false
      }
    ],
    "isTemplate": false,
    "count": 0,
    "lang": "it",
    "updated": 0
  },
  {
    "id": "b81c9bf0-a81b-4319-b8a4-f11565f3abb8",
    "data": [
      {
        "text": "per questo indirizzo lucilla",
        "userDefined": false
      }
    ],
    "isTemplate": false,
    "count": 0,
    "lang": "it",
    "updated": 0
  },
  {
    "id": "2f5a0d9d-00b1-4f32-a02d-5348626dbf90",
    "data": [
      {
        "text": "per questo domicilio",
        "userDefined": false
      }
    ],
    "isTemplate": false,
    "count": 0,
    "lang": "it",
    "updated": 0
  },
  {
    "id": "7d72c0fd-e1c4-41f4-881d-83d5d0d45ecf",
    "data": [
      {
        "text": "per quella",
        "userDefined": false
      }
    ],
    "isTemplate": false,
    "count": 0,
    "lang": "it",
    "updated": 0
  },
  {
    "id": "48bc52c3-d6cb-42c9-b39d-c71112bb2725",
    "data": [
      {
        "text": "no per questo",
        "userDefined": false
      }
    ],
    "isTemplate": false,
    "count": 0,
    "lang": "it",
    "updated": 0
  },
  {
    "id": "58842bba-f7c1-47c7-b73c-bdf30eae9b87",
    "data": [
      {
        "text": "di questo",
        "userDefined": false
      }
    ],
    "isTemplate": false,
    "count": 0,
    "lang": "it",
    "updated": 0
  },
  {
    "id": "3b41fd07-2e87-492a-a097-81d447a41d8d",
    "data": [
      {
        "text": "indirizzo giusto",
        "userDefined": false
      }
    ],
    "isTemplate": false,
    "count": 0,
    "lang": "it",
    "updated": 0
  },
  {
    "id": "10367d84-edba-46be-a55f-3be81be165ac",
    "data": [
      {
        "text": "questo è il diritto",
        "userDefined": false
      }
    ],
    "isTemplate": false,
    "count": 0,
    "lang": "it",
    "updated": 0
  },
  {
    "id": "2e79e7c6-4498-44af-a4a8-dd4e372f88f3",
    "data": [
      {
        "text": "questo diritto",
        "userDefined": false
      }
    ],
    "isTemplate": false,
    "count": 0,
    "lang": "it",
    "updated": 0
  },
  {
    "id": "8f11ad8e-e2da-41e8-9302-5c0176ff1f66",
    "data": [
      {
        "text": "è giusto questo diritto",
        "userDefined": false
      }
    ],
    "isTemplate": false,
    "count": 0,
    "lang": "it",
    "updated": 0
  },
  {
    "id": "5876c129-9163-47aa-bb36-0321bb677f39",
    "data": [
      {
        "text": "sì per quello",
        "userDefined": false
      }
    ],
    "isTemplate": false,
    "count": 0,
    "lang": "it",
    "updated": 0
  },
  {
    "id": "7d44a59e-b910-483e-8bb3-d1b3ee30d6fc",
    "data": [
      {
        "text": "sì voglio parlare con un operatore che sia gentile educato e preparato",
        "userDefined": false
      }
    ],
    "isTemplate": false,
    "count": 0,
    "lang": "it",
    "updated": 0
  },
  {
    "id": "d5bca210-39fd-4e77-a18c-c5d7aceffc79",
    "data": [
      {
        "text": "e questa",
        "userDefined": false
      }
    ],
    "isTemplate": false,
    "count": 0,
    "lang": "it",
    "updated": 0
  },
  {
    "id": "4e5cf46a-7aef-4780-a3be-bac11c8b9453",
    "data": [
      {
        "text": "è questa",
        "userDefined": false
      }
    ],
    "isTemplate": false,
    "count": 0,
    "lang": "it",
    "updated": 0
  },
  {
    "id": "ea3dfb67-c817-4721-a5b4-34879fa5c1bf",
    "data": [
      {
        "text": "ma certo",
        "userDefined": false
      }
    ],
    "isTemplate": false,
    "count": 0,
    "lang": "it",
    "updated": 0
  },
  {
    "id": "0570248e-bf4a-44f4-82f8-87897c139546",
    "data": [
      {
        "text": "sì sì questo volevo informazioni sulle bollette per favore",
        "userDefined": false
      }
    ],
    "isTemplate": false,
    "count": 0,
    "lang": "it",
    "updated": 0
  },
  {
    "id": "e8a0e0be-4a6c-4037-a537-a191e405a5f8",
    "data": [
      {
        "text": "sì per questo devo parlare per le bollette",
        "userDefined": false
      }
    ],
    "isTemplate": false,
    "count": 0,
    "lang": "it",
    "updated": 0
  },
  {
    "id": "489758c1-2c5f-46d0-b14c-020a9578423c",
    "data": [
      {
        "text": "chiamo per questo indirizzo voglio parlare con un operatore",
        "userDefined": false
      }
    ],
    "isTemplate": false,
    "count": 0,
    "lang": "it",
    "updated": 0
  },
  {
    "id": "f2e2ca03-fdc9-45f3-b3e7-17b8af5cfaf8",
    "data": [
      {
        "text": "sì ho chiamato per sapere se è arrivato il pagamento della bolletta del gas che è stata pagata il giorno 4 gennaio 2022",
        "userDefined": false
      }
    ],
    "isTemplate": false,
    "count": 0,
    "lang": "it",
    "updated": 0
  },
  {
    "id": "be180d7d-fc2a-45d3-8872-c9e6b7107e45",
    "data": [
      {
        "text": "sì voglio parlare con un operatore grazie",
        "userDefined": false
      }
    ],
    "isTemplate": false,
    "count": 0,
    "lang": "it",
    "updated": 0
  },
  {
    "id": "ad5c0fae-b292-4748-8357-e3ee05372f94",
    "data": [
      {
        "text": "sì voglio parlare con un operatore eni gas e luce",
        "userDefined": false
      }
    ],
    "isTemplate": false,
    "count": 0,
    "lang": "it",
    "updated": 0
  },
  {
    "id": "ec6c62ce-5333-41ce-9f9d-23805ee171cb",
    "data": [
      {
        "text": "sì sì sì sì sì ascolti mi arriva la bolletta da pagare a casa la bolletta del eni gas e luce",
        "userDefined": false
      }
    ],
    "isTemplate": false,
    "count": 0,
    "lang": "it",
    "updated": 0
  },
  {
    "id": "77bd2a1b-f57c-4902-a339-72619ff1c8b0",
    "data": [
      {
        "text": "sì ho chiamato per sapere se è arrivato il pagamento della bolletta del gas che è stata pagata il giorno 4 gennaio 2021",
        "userDefined": false
      }
    ],
    "isTemplate": false,
    "count": 0,
    "lang": "it",
    "updated": 0
  },
  {
    "id": "70dda27f-433a-4e6a-80b8-69aadfc6beda",
    "data": [
      {
        "text": "sì buongiorno senta io sono terlizzi e volevo dire se gentilmente le bollette del metano me la potete mandare ogni due mesi",
        "userDefined": false
      }
    ],
    "isTemplate": false,
    "count": 0,
    "lang": "it",
    "updated": 0
  },
  {
    "id": "8eea0751-56cb-40fa-acfb-da6d2e96a328",
    "data": [
      {
        "text": "sì avrei bisogno posso parlare non mi è ancora arrivata la bolletta",
        "userDefined": false
      }
    ],
    "isTemplate": false,
    "count": 0,
    "lang": "it",
    "updated": 0
  },
  {
    "id": "ae2fcd1d-64d8-4de6-9dca-895dcaa43397",
    "data": [
      {
        "text": "ci",
        "userDefined": false
      }
    ],
    "isTemplate": false,
    "count": 0,
    "lang": "it",
    "updated": 0
  },
  {
    "id": "5ea5befe-347b-4d62-98e3-4ffee955c888",
    "data": [
      {
        "text": "se",
        "userDefined": false
      }
    ],
    "isTemplate": false,
    "count": 0,
    "lang": "it",
    "updated": 0
  },
  {
    "id": "10db7d4f-c12e-4081-87b5-e8827277f3f3",
    "data": [
      {
        "text": "ti",
        "userDefined": false
      }
    ],
    "isTemplate": false,
    "count": 0,
    "lang": "it",
    "updated": 0
  },
  {
    "id": "8b7922aa-2c3f-403b-97c0-86444d60c542",
    "data": [
      {
        "text": "te",
        "userDefined": false
      }
    ],
    "isTemplate": false,
    "count": 0,
    "lang": "it",
    "updated": 0
  },
  {
    "id": "ef8f00d0-f419-4cc5-8ec1-4d5e018ea10a",
    "data": [
      {
        "text": "e",
        "userDefined": false
      }
    ],
    "isTemplate": false,
    "count": 0,
    "lang": "it",
    "updated": 0
  },
  {
    "id": "cf2dfa5e-02cb-4149-929e-2686514fcc04",
    "data": [
      {
        "text": "chiamo per questo indirizzo",
        "userDefined": false
      }
    ],
    "isTemplate": false,
    "count": 0,
    "lang": "it",
    "updated": 0
  },
  {
    "id": "3ccbf70c-3888-4f4c-aa6b-22444c7c5a5c",
    "data": [
      {
        "text": "sì sì è la mia fornitura",
        "userDefined": false
      }
    ],
    "isTemplate": false,
    "count": 0,
    "lang": "it",
    "updated": 0
  },
  {
    "id": "b22cf312-ff50-45b7-96bf-c4393f220360",
    "data": [
      {
        "text": "si è proprio lei",
        "userDefined": false
      }
    ],
    "isTemplate": false,
    "count": 0,
    "lang": "it",
    "updated": 0
  },
  {
    "id": "1bcd15ac-73cf-41e0-88b6-402f4a1d5ded",
    "data": [
      {
        "text": "si è la mia fornitura",
        "userDefined": false
      }
    ],
    "isTemplate": false,
    "count": 0,
    "lang": "it",
    "updated": 0
  },
  {
    "id": "d5b0e17e-45ac-4f26-b6f9-2a4b7a280008",
    "data": [
      {
        "text": "sì esattamente",
        "userDefined": false
      }
    ],
    "isTemplate": false,
    "count": 0,
    "lang": "it",
    "updated": 0
  },
  {
    "id": "70dd89a5-89ba-49dc-a56b-ffea9f1ca19c",
    "data": [
      {
        "text": "sì esatto lo è",
        "userDefined": false
      }
    ],
    "isTemplate": false,
    "count": 0,
    "lang": "it",
    "updated": 0
  },
  {
    "id": "310eced3-a33b-40d8-98e0-b39e9c401761",
    "data": [
      {
        "text": "si esatto",
        "userDefined": false
      }
    ],
    "isTemplate": false,
    "count": 0,
    "lang": "it",
    "updated": 0
  },
  {
    "id": "a6277ea2-b98e-41b9-839f-96b1ceecafaf",
    "data": [
      {
        "text": "sì esatto è la mia fornitura",
        "userDefined": false
      }
    ],
    "isTemplate": false,
    "count": 0,
    "lang": "it",
    "updated": 0
  },
  {
    "id": "19ab3b43-043c-406e-bcc2-63e322c7d2a3",
    "data": [
      {
        "text": "eh si abito lì",
        "userDefined": false
      }
    ],
    "isTemplate": false,
    "count": 0,
    "lang": "it",
    "updated": 0
  },
  {
    "id": "581816d3-65b0-4374-ae71-5309946fb61b",
    "data": [
      {
        "text": "si abito lì",
        "userDefined": false
      }
    ],
    "isTemplate": false,
    "count": 0,
    "lang": "it",
    "updated": 0
  },
  {
    "id": "bdf7c354-6c74-438b-9ea5-3cbe17e96a67",
    "data": [
      {
        "text": "abito lì",
        "userDefined": false
      }
    ],
    "isTemplate": false,
    "count": 0,
    "lang": "it",
    "updated": 0
  },
  {
    "id": "33b37a04-5f04-44b2-8b98-cb2129a9abee",
    "data": [
      {
        "text": "si ve l\u0027ho detto",
        "userDefined": false
      }
    ],
    "isTemplate": false,
    "count": 0,
    "lang": "it",
    "updated": 0
  },
  {
    "id": "78ed4a70-3675-438e-8f15-95e9c264fefc",
    "data": [
      {
        "text": "si ho già chiamato prima",
        "userDefined": false
      }
    ],
    "isTemplate": false,
    "count": 0,
    "lang": "it",
    "updated": 0
  },
  {
    "id": "df99a78f-9ee8-4530-a27a-7d71676792b8",
    "data": [
      {
        "text": "certo te l\u0027ho già detto",
        "userDefined": false
      }
    ],
    "isTemplate": false,
    "count": 0,
    "lang": "it",
    "updated": 0
  },
  {
    "id": "18dfa970-2b81-4980-a0d0-08c68c585c18",
    "data": [
      {
        "text": "certo ho già chiamato prima",
        "userDefined": false
      }
    ],
    "isTemplate": false,
    "count": 0,
    "lang": "it",
    "updated": 0
  },
  {
    "id": "66d05372-b964-4917-99de-2ac3a752f245",
    "data": [
      {
        "text": "certo",
        "userDefined": false
      }
    ],
    "isTemplate": false,
    "count": 0,
    "lang": "it",
    "updated": 0
  },
  {
    "id": "947688ab-af68-4bae-a9b4-177703e4f68a",
    "data": [
      {
        "text": "si azzeccata",
        "userDefined": false
      }
    ],
    "isTemplate": false,
    "count": 0,
    "lang": "it",
    "updated": 0
  },
  {
    "id": "74664c1e-9e6f-4569-9a65-b416f82b7b8a",
    "data": [
      {
        "text": "si com\u0027è hai indovinato",
        "userDefined": false
      }
    ],
    "isTemplate": false,
    "count": 0,
    "lang": "it",
    "updated": 0
  },
  {
    "id": "19b8ded6-d1f8-47fa-afd2-77324ee33957",
    "data": [
      {
        "text": "si ho chiamato per quella fornitura",
        "userDefined": false
      }
    ],
    "isTemplate": false,
    "count": 0,
    "lang": "it",
    "updated": 0
  },
  {
    "id": "79328562-b5bf-4cd6-9ba9-37f36a85855a",
    "data": [
      {
        "text": "si infatti",
        "userDefined": false
      }
    ],
    "isTemplate": false,
    "count": 0,
    "lang": "it",
    "updated": 0
  },
  {
    "id": "fb78aab7-4327-470c-8266-4bc3278a697a",
    "data": [
      {
        "text": "si mi pare sia quello",
        "userDefined": false
      }
    ],
    "isTemplate": false,
    "count": 0,
    "lang": "it",
    "updated": 0
  },
  {
    "id": "6c1b2972-f0dc-4697-82c1-128e9b78a580",
    "data": [
      {
        "text": "chiamo per quell\u0027indirizzo si",
        "userDefined": false
      }
    ],
    "isTemplate": false,
    "count": 0,
    "lang": "it",
    "updated": 0
  },
  {
    "id": "222d9d81-1ab8-42f5-a601-25195af38c15",
    "data": [
      {
        "text": "si chiamo per questo indirizzo",
        "userDefined": false
      }
    ],
    "isTemplate": false,
    "count": 0,
    "lang": "it",
    "updated": 0
  },
  {
    "id": "85fc725a-1bed-4135-b9fe-d255d4d8c8c7",
    "data": [
      {
        "text": "si per questo sto chiamando",
        "userDefined": false
      }
    ],
    "isTemplate": false,
    "count": 0,
    "lang": "it",
    "updated": 0
  },
  {
    "id": "dc55c990-8d8e-4e40-8a22-d41ebe40ed65",
    "data": [
      {
        "text": "si sto chiamando per questo indirizzo",
        "userDefined": false
      }
    ],
    "isTemplate": false,
    "count": 0,
    "lang": "it",
    "updated": 0
  },
  {
    "id": "75591687-472c-43bf-b404-3a2308e594f6",
    "data": [
      {
        "text": "l\u0027indirizzo è giusto",
        "userDefined": false
      }
    ],
    "isTemplate": false,
    "count": 0,
    "lang": "it",
    "updated": 0
  },
  {
    "id": "838e0280-2b72-434b-9aae-8f0d204819a3",
    "data": [
      {
        "text": "si proprio lui",
        "userDefined": false
      }
    ],
    "isTemplate": false,
    "count": 0,
    "lang": "it",
    "updated": 0
  },
  {
    "id": "0a9e3f66-adfb-400d-a44c-2845917f6bf8",
    "data": [
      {
        "text": "si quello è l\u0027indirizzo",
        "userDefined": false
      }
    ],
    "isTemplate": false,
    "count": 0,
    "lang": "it",
    "updated": 0
  },
  {
    "id": "4e39e072-58a2-439a-abf0-51e2a5f1378e",
    "data": [
      {
        "text": "si corretto",
        "userDefined": false
      }
    ],
    "isTemplate": false,
    "count": 0,
    "lang": "it",
    "updated": 0
  },
  {
    "id": "80ead61c-4ee1-480f-85bd-b88356e25a3b",
    "data": [
      {
        "text": "si proprio quello",
        "userDefined": false
      }
    ],
    "isTemplate": false,
    "count": 0,
    "lang": "it",
    "updated": 0
  },
  {
    "id": "7e0ec964-3cb5-4bfe-b947-aafc0160f60a",
    "data": [
      {
        "text": "l\u0027indirizzo è quello si",
        "userDefined": false
      }
    ],
    "isTemplate": false,
    "count": 0,
    "lang": "it",
    "updated": 0
  },
  {
    "id": "6d533521-a13e-47c5-a04a-7a64ada03fa0",
    "data": [
      {
        "text": "corretto",
        "userDefined": false
      }
    ],
    "isTemplate": false,
    "count": 0,
    "lang": "it",
    "updated": 0
  },
  {
    "id": "68915697-5919-4b2e-8982-37e9de33ddc1",
    "data": [
      {
        "text": "si l\u0027indirizzo è corretto",
        "userDefined": false
      }
    ],
    "isTemplate": false,
    "count": 0,
    "lang": "it",
    "updated": 0
  },
  {
    "id": "e9eb8781-ca1c-45b6-a68b-a298063e0932",
    "data": [
      {
        "text": "yes",
        "userDefined": false
      }
    ],
    "isTemplate": false,
    "count": 0,
    "lang": "it",
    "updated": 0
  },
  {
    "id": "245bb318-cfcb-4d6b-85f6-44bba00d542e",
    "data": [
      {
        "text": "giusto",
        "userDefined": false
      }
    ],
    "isTemplate": false,
    "count": 0,
    "lang": "it",
    "updated": 0
  },
  {
    "id": "92b55411-c745-47d5-b48f-0d5497420c24",
    "data": [
      {
        "text": "esattamento",
        "userDefined": false
      }
    ],
    "isTemplate": false,
    "count": 0,
    "lang": "it",
    "updated": 0
  },
  {
    "id": "c5f010b3-d9f8-4c4d-9d49-cb2524253fa7",
    "data": [
      {
        "text": "proprio così",
        "userDefined": false
      }
    ],
    "isTemplate": false,
    "count": 0,
    "lang": "it",
    "updated": 0
  },
  {
    "id": "a389f692-f693-4a88-a8a5-825a834f7fe5",
    "data": [
      {
        "text": "certamente",
        "userDefined": false
      }
    ],
    "isTemplate": false,
    "count": 0,
    "lang": "it",
    "updated": 0
  },
  {
    "id": "723e2d1b-f727-42b7-b9f0-25616a82a46f",
    "data": [
      {
        "text": "d\u0027accordo",
        "userDefined": false
      }
    ],
    "isTemplate": false,
    "count": 0,
    "lang": "it",
    "updated": 0
  },
  {
    "id": "41647735-8b8e-430f-9cbe-1f2088dccc74",
    "data": [
      {
        "text": "confermo",
        "userDefined": false
      }
    ],
    "isTemplate": false,
    "count": 0,
    "lang": "it",
    "updated": 0
  },
  {
    "id": "4d786239-6f1b-4de5-8334-482bf241f763",
    "data": [
      {
        "text": "sì",
        "userDefined": false
      }
    ],
    "isTemplate": false,
    "count": 0,
    "lang": "it",
    "updated": 0
  },
  {
    "id": "c931ed95-9c82-4fe0-9f22-fa7fcd28e475",
    "data": [
      {
        "text": "esatto",
        "userDefined": false
      }
    ],
    "isTemplate": false,
    "count": 0,
    "lang": "it",
    "updated": 0
  },
  {
    "id": "ee1a150e-16cb-4963-95ec-3e11e5d7080a",
    "data": [
      {
        "text": "ok",
        "userDefined": false
      }
    ],
    "isTemplate": false,
    "count": 0,
    "lang": "it",
    "updated": 0
  },
  {
    "id": "ffa64eab-c390-47d6-916f-583fd3e6ef11",
    "data": [
      {
        "text": "sì sì cara",
        "userDefined": false
      }
    ],
    "isTemplate": false,
    "count": 0,
    "lang": "it",
    "updated": 0
  },
  {
    "id": "dc15cd04-5c36-48f7-a82c-a17ec9a8d0e2",
    "data": [
      {
        "text": "sì sì pronto",
        "userDefined": false
      }
    ],
    "isTemplate": false,
    "count": 0,
    "lang": "it",
    "updated": 0
  },
  {
    "id": "e13ad028-4b4b-41cd-88e0-d4909ada3497",
    "data": [
      {
        "text": "ho detto sì",
        "userDefined": false
      }
    ],
    "isTemplate": false,
    "count": 0,
    "lang": "it",
    "updated": 0
  },
  {
    "id": "b9873768-b1dd-4a2c-9378-35b225dc3509",
    "data": [
      {
        "text": "sì ok",
        "userDefined": false
      }
    ],
    "isTemplate": false,
    "count": 0,
    "lang": "it",
    "updated": 0
  },
  {
    "id": "562d2f12-9b2d-4fdc-90ac-9899adbd6922",
    "data": [
      {
        "text": "sì ho bisogno di un assistente",
        "userDefined": false
      }
    ],
    "isTemplate": false,
    "count": 0,
    "lang": "it",
    "updated": 0
  },
  {
    "id": "21084246-ba4b-42c3-bd41-717378c412f5",
    "data": [
      {
        "text": "sì sono io sono io",
        "userDefined": false
      }
    ],
    "isTemplate": false,
    "count": 0,
    "lang": "it",
    "updated": 0
  },
  {
    "id": "adb9cca0-5190-4e41-871c-27a99aaff138",
    "data": [
      {
        "text": "sì ho chiamato io",
        "userDefined": false
      }
    ],
    "isTemplate": false,
    "count": 0,
    "lang": "it",
    "updated": 0
  },
  {
    "id": "2ef24f13-811f-49bf-8fa9-781ca48fb739",
    "data": [
      {
        "text": "sì sì sì vorrei sapere se sta tutto a posto per l\u0027altro contatore",
        "userDefined": false
      }
    ],
    "isTemplate": false,
    "count": 0,
    "lang": "it",
    "updated": 0
  },
  {
    "id": "bdd9a2dc-d4c8-43be-99cf-2d2ed28c2e11",
    "data": [
      {
        "text": "sì posso parlare",
        "userDefined": false
      }
    ],
    "isTemplate": false,
    "count": 0,
    "lang": "it",
    "updated": 0
  },
  {
    "id": "e367afe3-9a2f-4448-9511-0e86549d528c",
    "data": [
      {
        "text": "esatto però il contratto è scaduto e devo rinnovarlo",
        "userDefined": false
      }
    ],
    "isTemplate": false,
    "count": 0,
    "lang": "it",
    "updated": 0
  },
  {
    "id": "8470f792-05ad-4f6d-a340-2ddfa83dd1ec",
    "data": [
      {
        "text": "sì ho telefonato in quanto c\u0027è una fattura avete mandato che è già stata pagata quindi cosa devo fare per dimostrarvi che già è stata pagata vale €1 cosa",
        "userDefined": false
      }
    ],
    "isTemplate": false,
    "count": 0,
    "lang": "it",
    "updated": 0
  },
  {
    "id": "b957a7b9-eeb2-4d12-ade3-e166f3962858",
    "data": [
      {
        "text": "sì ma parlo con lei",
        "userDefined": false
      }
    ],
    "isTemplate": false,
    "count": 0,
    "lang": "it",
    "updated": 0
  },
  {
    "id": "426b9b6a-00c6-4fc6-9062-ce954fdd703e",
    "data": [
      {
        "text": "sì mi chiedevo e quando arrivano a casa le bollette",
        "userDefined": false
      }
    ],
    "isTemplate": false,
    "count": 0,
    "lang": "it",
    "updated": 0
  },
  {
    "id": "64b63c8c-89f5-4be9-849c-45e67409c93f",
    "data": [
      {
        "text": "sì non ho ricevuto ancora la bolletta del gas che doveva arrivare a dicembre",
        "userDefined": false
      }
    ],
    "isTemplate": false,
    "count": 0,
    "lang": "it",
    "updated": 0
  },
  {
    "id": "aab05c27-28b7-4956-9ca6-72bd156e7039",
    "data": [
      {
        "text": "sì però vorrei parlare con un operatore grazie",
        "userDefined": false
      }
    ],
    "isTemplate": false,
    "count": 0,
    "lang": "it",
    "updated": 0
  },
  {
    "id": "7e994649-c910-481d-8392-b09c75b779e0",
    "data": [
      {
        "text": "sì sì che devo fare",
        "userDefined": false
      }
    ],
    "isTemplate": false,
    "count": 0,
    "lang": "it",
    "updated": 0
  },
  {
    "id": "fd2304b7-6556-4291-8918-50426d50c726",
    "data": [
      {
        "text": "sì sì ti sì pronto",
        "userDefined": false
      }
    ],
    "isTemplate": false,
    "count": 0,
    "lang": "it",
    "updated": 0
  },
  {
    "id": "1d608d01-c8c6-4a37-aaf6-ce089bba9335",
    "data": [
      {
        "text": "sono lì sì sì",
        "userDefined": false
      }
    ],
    "isTemplate": false,
    "count": 0,
    "lang": "it",
    "updated": 0
  },
  {
    "id": "6a767b4a-a479-4d97-b642-aa0666e20aa4",
    "data": [
      {
        "text": "questo questo",
        "userDefined": false
      }
    ],
    "isTemplate": false,
    "count": 0,
    "lang": "it",
    "updated": 0
  },
  {
    "id": "9d2691c8-7fd6-48df-a987-eb44294da72e",
    "data": [
      {
        "text": "per questo indirizzo",
        "userDefined": false
      }
    ],
    "isTemplate": false,
    "count": 0,
    "lang": "it",
    "updated": 0
  },
  {
    "id": "d158b6c0-f12e-4804-81c0-4f20403a4baa",
    "data": [
      {
        "text": "no chiamo per questo indirizzo",
        "userDefined": false
      }
    ],
    "isTemplate": false,
    "count": 0,
    "lang": "it",
    "updated": 0
  },
  {
    "id": "78b82a32-a9ce-4c0c-bfa2-06d5c1a73083",
    "data": [
      {
        "text": "per questa utenza per questa utenza",
        "userDefined": false
      }
    ],
    "isTemplate": false,
    "count": 0,
    "lang": "it",
    "updated": 0
  },
  {
    "id": "036562ed-9d59-4a0c-9544-a02ae7fcfbe7",
    "data": [
      {
        "text": "chiamo per questa utenza",
        "userDefined": false
      }
    ],
    "isTemplate": false,
    "count": 0,
    "lang": "it",
    "updated": 0
  },
  {
    "id": "7c7054ac-e7ef-46dc-8b48-9d0da7600b72",
    "data": [
      {
        "text": "per questa per questa utenza",
        "userDefined": false
      }
    ],
    "isTemplate": false,
    "count": 0,
    "lang": "it",
    "updated": 0
  },
  {
    "id": "bdae60d5-8a61-4caf-81e6-4e55998fadc0",
    "data": [
      {
        "text": "no per questo indirizzo",
        "userDefined": false
      }
    ],
    "isTemplate": false,
    "count": 0,
    "lang": "it",
    "updated": 0
  },
  {
    "id": "d5ebc7b3-2a46-42b6-9a59-6faf8e207b4b",
    "data": [
      {
        "text": "e per questa utenza",
        "userDefined": false
      }
    ],
    "isTemplate": false,
    "count": 0,
    "lang": "it",
    "updated": 0
  },
  {
    "id": "37d32c72-f994-4387-8385-1902b3054235",
    "data": [
      {
        "text": "per questa utenza",
        "userDefined": false
      }
    ],
    "isTemplate": false,
    "count": 0,
    "lang": "it",
    "updated": 0
  },
  {
    "id": "78dfec7c-a4ef-4553-88eb-8b2e8525dc5a",
    "data": [
      {
        "text": "no per questo indirizzo ti amo per questo indirizzo",
        "userDefined": false
      }
    ],
    "isTemplate": false,
    "count": 0,
    "lang": "it",
    "updated": 0
  },
  {
    "id": "22dec9ff-e04c-4ff6-9452-cf4f6f309094",
    "data": [
      {
        "text": "questa utenza qua",
        "userDefined": false
      }
    ],
    "isTemplate": false,
    "count": 0,
    "lang": "it",
    "updated": 0
  },
  {
    "id": "1347dbfe-f2e2-45bd-a09b-3b89ea083002",
    "data": [
      {
        "text": "questo indirizzo questa utenza",
        "userDefined": false
      }
    ],
    "isTemplate": false,
    "count": 0,
    "lang": "it",
    "updated": 0
  },
  {
    "id": "604191d6-d6fb-42fd-a81a-10a1c2b20f5a",
    "data": [
      {
        "text": "per questa",
        "userDefined": false
      }
    ],
    "isTemplate": false,
    "count": 0,
    "lang": "it",
    "updated": 0
  },
  {
    "id": "45914bfd-05f0-4198-86c4-b1139a507261",
    "data": [
      {
        "text": "chiamo per questo indirizzo lucilla",
        "userDefined": false
      }
    ],
    "isTemplate": false,
    "count": 0,
    "lang": "it",
    "updated": 0
  },
  {
    "id": "7f61db07-4c8b-40a9-9c04-fcf75f0ef9f2",
    "data": [
      {
        "text": "si dovrebbe",
        "userDefined": false
      }
    ],
    "isTemplate": false,
    "count": 0,
    "lang": "it",
    "updated": 0
  },
  {
    "id": "c37f8da6-fb62-42f1-8582-e236c49c88f4",
    "data": [
      {
        "text": "questa",
        "userDefined": false
      }
    ],
    "isTemplate": false,
    "count": 0,
    "lang": "it",
    "updated": 0
  },
  {
    "id": "384b400c-971d-43ca-8608-fa9557667933",
    "data": [
      {
        "text": "sì per questa utenza",
        "userDefined": false
      }
    ],
    "isTemplate": false,
    "count": 0,
    "lang": "it",
    "updated": 0
  },
  {
    "id": "332e8689-97c0-4ad0-9a9e-5c099f87455e",
    "data": [
      {
        "text": "siamo qua questo indirizzo",
        "userDefined": false
      }
    ],
    "isTemplate": false,
    "count": 0,
    "lang": "it",
    "updated": 0
  },
  {
    "id": "f833e521-82e3-4581-986d-7f3d3b4ab786",
    "data": [
      {
        "text": "lo stesso",
        "userDefined": false
      }
    ],
    "isTemplate": false,
    "count": 0,
    "lang": "it",
    "updated": 0
  },
  {
    "id": "95092b09-a501-43d0-8021-13a5a110f771",
    "data": [
      {
        "text": "si si si chiama per questo si chiamo per questo chiamo si",
        "userDefined": false
      }
    ],
    "isTemplate": false,
    "count": 0,
    "lang": "it",
    "updated": 0
  },
  {
    "id": "9ab238a0-edce-4ac4-910f-3cfe27660fc7",
    "data": [
      {
        "text": "si è questa utenza",
        "userDefined": false
      }
    ],
    "isTemplate": false,
    "count": 0,
    "lang": "it",
    "updated": 0
  },
  {
    "id": "12a1cc3c-3576-42e7-b00f-7f9ccb5e9862",
    "data": [
      {
        "text": "la prima",
        "userDefined": false
      }
    ],
    "isTemplate": false,
    "count": 0,
    "lang": "it",
    "updated": 0
  },
  {
    "id": "df77a92f-bd85-4147-b70c-b9a509538b14",
    "data": [
      {
        "text": "sì ma voglio parlare con qualcuno",
        "userDefined": false
      }
    ],
    "isTemplate": false,
    "count": 0,
    "lang": "it",
    "updated": 0
  },
  {
    "id": "2bc07ed3-9380-4b92-8acf-76f54e3d9226",
    "data": [
      {
        "text": "sì per via chieti",
        "userDefined": false
      }
    ],
    "isTemplate": false,
    "count": 0,
    "lang": "it",
    "updated": 0
  },
  {
    "id": "18554320-b301-4176-a159-3b6fb8c35d65",
    "data": [
      {
        "text": "cerchiamo per questo",
        "userDefined": false
      }
    ],
    "isTemplate": false,
    "count": 0,
    "lang": "it",
    "updated": 0
  },
  {
    "id": "f1988e96-c319-4f3b-8197-bbe1cd45105f",
    "data": [
      {
        "text": "questo indirizzo",
        "userDefined": false
      }
    ],
    "isTemplate": false,
    "count": 0,
    "lang": "it",
    "updated": 0
  },
  {
    "id": "fa173cc1-c000-4154-94f9-609ef7953f70",
    "data": [
      {
        "text": "cosa devo dire sì",
        "userDefined": false
      }
    ],
    "isTemplate": false,
    "count": 0,
    "lang": "it",
    "updated": 0
  },
  {
    "id": "58e91137-b74b-41d8-b4c3-6cfd0d058f8a",
    "data": [
      {
        "text": "sì cazzo",
        "userDefined": false
      }
    ],
    "isTemplate": false,
    "count": 0,
    "lang": "it",
    "updated": 0
  },
  {
    "id": "dfaec1f4-1249-44c7-a39f-210e977b8374",
    "data": [
      {
        "text": "chiamo da questo indirizzo",
        "userDefined": false
      }
    ],
    "isTemplate": false,
    "count": 0,
    "lang": "it",
    "updated": 0
  },
  {
    "id": "9b069965-c2e2-4128-a062-d171f5dfcde4",
    "data": [
      {
        "text": "sì lucilla",
        "userDefined": false
      }
    ],
    "isTemplate": false,
    "count": 0,
    "lang": "it",
    "updated": 0
  },
  {
    "id": "5a8d3fe1-6a27-4775-935d-ef4aa79a95cf",
    "data": [
      {
        "text": "cosa vuol dire sì",
        "userDefined": false
      }
    ],
    "isTemplate": false,
    "count": 0,
    "lang": "it",
    "updated": 0
  },
  {
    "id": "8e4b0888-5a16-45b9-9d4a-9d86f490e748",
    "data": [
      {
        "text": "questo penso",
        "userDefined": false
      }
    ],
    "isTemplate": false,
    "count": 0,
    "lang": "it",
    "updated": 0
  },
  {
    "id": "8620f5ea-a218-432a-89a5-dce6a77481ca",
    "data": [
      {
        "text": "va bene questo",
        "userDefined": false
      }
    ],
    "isTemplate": false,
    "count": 0,
    "lang": "it",
    "updated": 0
  },
  {
    "id": "5e8a160b-fc4f-4705-bc1e-d4bc557d6890",
    "data": [
      {
        "text": "no sempre per quello",
        "userDefined": false
      }
    ],
    "isTemplate": false,
    "count": 0,
    "lang": "it",
    "updated": 0
  },
  {
    "id": "42c10ece-3880-45a0-b66e-e346341d79a2",
    "data": [
      {
        "text": "sì sì chiamo per questo per comunicare la lettura",
        "userDefined": false
      }
    ],
    "isTemplate": false,
    "count": 0,
    "lang": "it",
    "updated": 0
  },
  {
    "id": "ee3240c1-2d43-41e1-85ec-45355e7784fa",
    "data": [
      {
        "text": "su questo",
        "userDefined": false
      }
    ],
    "isTemplate": false,
    "count": 0,
    "lang": "it",
    "updated": 0
  }
]