[
  {
    "id": "9efc7ac2-55d9-42e2-b77e-f9680e1ed0be",
    "data": [
      {
        "text": "subito ",
        "userDefined": false
      },
      {
        "text": "5053 6499 8628",
        "meta": "@numero-cliente",
        "alias": "numero-cliente",
        "userDefined": true
      }
    ],
    "isTemplate": false,
    "count": 0,
    "lang": "it",
    "updated": 0
  },
  {
    "id": "1930d615-9437-41ef-a8ce-67ea5932daed",
    "data": [
      {
        "text": "quindi il numero ",
        "userDefined": false
      },
      {
        "text": "5054 8210 2511",
        "meta": "@numero-cliente",
        "alias": "numero-cliente",
        "userDefined": true
      }
    ],
    "isTemplate": false,
    "count": 0,
    "lang": "it",
    "updated": 0
  },
  {
    "id": "0b6cfe91-7068-4216-973f-8752bb4f09c4",
    "data": [
      {
        "text": "Ok ",
        "userDefined": false
      },
      {
        "text": "5054 300 60726",
        "meta": "@numero-cliente",
        "alias": "numero-cliente",
        "userDefined": true
      }
    ],
    "isTemplate": false,
    "count": 0,
    "lang": "it",
    "updated": 0
  },
  {
    "id": "7c657cbb-1b32-4c0d-942e-dbda33c9fb5c",
    "data": [
      {
        "text": "Allora il numero cliente è ",
        "userDefined": false
      },
      {
        "text": "5 0547303303 1",
        "meta": "@numero-cliente",
        "alias": "numero-cliente",
        "userDefined": true
      }
    ],
    "isTemplate": false,
    "count": 0,
    "lang": "it",
    "updated": 0
  },
  {
    "id": "25dbe92e-2070-4188-a86e-ecd2bdf86e18",
    "data": [
      {
        "text": "Allora il mio numero cliente ",
        "userDefined": false
      },
      {
        "text": "505 452011 253",
        "meta": "@numero-cliente",
        "alias": "numero-cliente",
        "userDefined": true
      }
    ],
    "isTemplate": false,
    "count": 0,
    "lang": "it",
    "updated": 0
  },
  {
    "id": "ae0ad183-83f2-4d91-b524-e0aedf6e1bfe",
    "data": [
      {
        "text": "Allora il ",
        "userDefined": false
      },
      {
        "text": "505 43 59 500 32",
        "meta": "@numero-cliente",
        "alias": "numero-cliente",
        "userDefined": true
      }
    ],
    "isTemplate": false,
    "count": 0,
    "lang": "it",
    "updated": 0
  },
  {
    "id": "8e37b7d6-3b14-4115-830f-32ceda26467f",
    "data": [
      {
        "text": "numero cliente ",
        "userDefined": false
      },
      {
        "text": "505506790813",
        "meta": "@numero-cliente",
        "alias": "numero-cliente",
        "userDefined": false
      }
    ],
    "isTemplate": false,
    "count": 0,
    "lang": "it",
    "updated": 0
  },
  {
    "id": "6dbf4525-a8a0-412c-9607-1fe670478236",
    "data": [
      {
        "text": "allora numero cliente ",
        "userDefined": false
      },
      {
        "text": "505501367948",
        "meta": "@numero-cliente",
        "alias": "numero-cliente",
        "userDefined": false
      }
    ],
    "isTemplate": false,
    "count": 0,
    "lang": "it",
    "updated": 0
  },
  {
    "id": "72a01b8d-687a-4966-b035-ff254c5d1fc8",
    "data": [
      {
        "text": "allora ",
        "userDefined": false
      },
      {
        "text": "505405388826",
        "meta": "@numero-cliente",
        "alias": "numero-cliente",
        "userDefined": false
      }
    ],
    "isTemplate": false,
    "count": 0,
    "lang": "it",
    "updated": 0
  },
  {
    "id": "72a7c671-c87f-4473-8f42-f0e666245df1",
    "data": [
      {
        "text": "ecco ",
        "userDefined": false
      },
      {
        "text": "987654321987",
        "meta": "@numero-cliente",
        "alias": "numero-cliente",
        "userDefined": false
      }
    ],
    "isTemplate": false,
    "count": 0,
    "lang": "it",
    "updated": 0
  },
  {
    "id": "f2cc4f52-1cd0-4894-b2c6-2662314ea047",
    "data": [
      {
        "text": "chiamavo per ",
        "userDefined": false
      },
      {
        "text": "ci 12345678901",
        "meta": "@numero-cliente",
        "alias": "numero-cliente",
        "userDefined": false
      }
    ],
    "isTemplate": false,
    "count": 0,
    "lang": "it",
    "updated": 0
  },
  {
    "id": "0e4e94f7-b710-4d6f-82b8-49f8853e06bd",
    "data": [
      {
        "text": "vi chiamo per ",
        "userDefined": false
      },
      {
        "text": "ci 12345678901",
        "meta": "@numero-cliente",
        "alias": "numero-cliente",
        "userDefined": false
      }
    ],
    "isTemplate": false,
    "count": 0,
    "lang": "it",
    "updated": 0
  },
  {
    "id": "383f31c9-97c8-474e-a1cd-ae7df4cafd0b",
    "data": [
      {
        "text": "ho chiamato per ",
        "userDefined": false
      },
      {
        "text": "ci 12345678901",
        "meta": "@numero-cliente",
        "alias": "numero-cliente",
        "userDefined": false
      }
    ],
    "isTemplate": false,
    "count": 0,
    "lang": "it",
    "updated": 0
  },
  {
    "id": "df0b7416-a1c3-4092-aa6a-c4ba9d9ee566",
    "data": [
      {
        "text": "sto chiamando per ",
        "userDefined": false
      },
      {
        "text": "ci 12345678901",
        "meta": "@numero-cliente",
        "alias": "numero-cliente",
        "userDefined": false
      }
    ],
    "isTemplate": false,
    "count": 0,
    "lang": "it",
    "updated": 0
  },
  {
    "id": "b950db5b-a332-4194-968b-6d8faeb0be81",
    "data": [
      {
        "text": "chiamo per ",
        "userDefined": false
      },
      {
        "text": "ci 12345678901",
        "meta": "@numero-cliente",
        "alias": "numero-cliente",
        "userDefined": false
      }
    ],
    "isTemplate": false,
    "count": 0,
    "lang": "it",
    "updated": 0
  },
  {
    "id": "3904f4f6-bff5-4330-9a97-7a37adaaa212",
    "data": [
      {
        "text": "allora sì certo è ",
        "userDefined": false
      },
      {
        "text": "7898 8909 123 3",
        "meta": "@numero-cliente",
        "alias": "numero-cliente",
        "userDefined": false
      }
    ],
    "isTemplate": false,
    "count": 0,
    "lang": "it",
    "updated": 0
  },
  {
    "id": "3b5219a6-b688-407a-a160-bd80b44af73c",
    "data": [
      {
        "text": "allora sì certo ",
        "userDefined": false
      },
      {
        "text": "9000 88 678900",
        "meta": "@numero-cliente",
        "alias": "numero-cliente",
        "userDefined": false
      }
    ],
    "isTemplate": false,
    "count": 0,
    "lang": "it",
    "updated": 0
  },
  {
    "id": "409afe38-286d-4242-9ac4-6643839b8715",
    "data": [
      {
        "text": "allora certo ",
        "userDefined": false
      },
      {
        "text": "718 0122 78 999",
        "meta": "@numero-cliente",
        "alias": "numero-cliente",
        "userDefined": false
      }
    ],
    "isTemplate": false,
    "count": 0,
    "lang": "it",
    "updated": 0
  },
  {
    "id": "a4d8612f-b6d2-49c1-a27d-c25094d1ba62",
    "data": [
      {
        "text": "sì certo ",
        "userDefined": false
      },
      {
        "text": "819 827 81 1888",
        "meta": "@numero-cliente",
        "alias": "numero-cliente",
        "userDefined": false
      }
    ],
    "isTemplate": false,
    "count": 0,
    "lang": "it",
    "updated": 0
  },
  {
    "id": "b52c2555-0104-4f25-a5ee-548ccd65ed6e",
    "data": [
      {
        "text": "sì sono pronto eccolo ",
        "userDefined": false
      },
      {
        "text": "182 192 29112 1",
        "meta": "@numero-cliente",
        "alias": "numero-cliente",
        "userDefined": false
      }
    ],
    "isTemplate": false,
    "count": 0,
    "lang": "it",
    "updated": 0
  },
  {
    "id": "b95dfa4a-9728-4947-b8a6-8481ab0cfd4c",
    "data": [
      {
        "text": "il mio codice conto e ",
        "userDefined": false
      },
      {
        "text": "ci 12345678901",
        "meta": "@numero-cliente",
        "alias": "numero-cliente",
        "userDefined": false
      }
    ],
    "isTemplate": false,
    "count": 0,
    "lang": "it",
    "updated": 0
  },
  {
    "id": "ede4079c-38e3-49ae-b82f-625781b2d386",
    "data": [
      {
        "text": "sì sono pronto ",
        "userDefined": false
      },
      {
        "text": "82 2819 02098 6",
        "meta": "@numero-cliente",
        "alias": "numero-cliente",
        "userDefined": false
      }
    ],
    "isTemplate": false,
    "count": 0,
    "lang": "it",
    "updated": 0
  },
  {
    "id": "12cad294-3919-444b-8a2b-9b7d3b9310cd",
    "data": [
      {
        "text": "sì sono pronta ",
        "userDefined": false
      },
      {
        "text": "1234567891 24",
        "meta": "@numero-cliente",
        "alias": "numero-cliente",
        "userDefined": false
      }
    ],
    "isTemplate": false,
    "count": 0,
    "lang": "it",
    "updated": 0
  },
  {
    "id": "6b26f3bb-43b0-4659-929a-7743099eb71e",
    "data": [
      {
        "text": "codice cliente ",
        "userDefined": false
      },
      {
        "text": "916758910000",
        "meta": "@numero-cliente",
        "alias": "numero-cliente",
        "userDefined": false
      }
    ],
    "isTemplate": false,
    "count": 0,
    "lang": "it",
    "updated": 0
  },
  {
    "id": "23f17100-e3f2-4e02-b2f7-9ead872aff77",
    "data": [
      {
        "text": "il mio codice cliente è ",
        "userDefined": false
      },
      {
        "text": "859162738190",
        "meta": "@numero-cliente",
        "alias": "numero-cliente",
        "userDefined": false
      }
    ],
    "isTemplate": false,
    "count": 0,
    "lang": "it",
    "updated": 0
  },
  {
    "id": "139e7f05-e2dd-4019-8f44-cdcd15fc4df5",
    "data": [
      {
        "text": "il mio codice conto è ",
        "userDefined": false
      },
      {
        "text": "723890123099",
        "meta": "@numero-cliente",
        "alias": "numero-cliente",
        "userDefined": false
      }
    ],
    "isTemplate": false,
    "count": 0,
    "lang": "it",
    "updated": 0
  },
  {
    "id": "a2ec2c7e-2e24-416a-9c4a-b9d41e288c31",
    "data": [
      {
        "text": "4567 2936 23 78",
        "meta": "@numero-cliente",
        "alias": "numero-cliente",
        "userDefined": false
      }
    ],
    "isTemplate": false,
    "count": 0,
    "lang": "it",
    "updated": 0
  },
  {
    "id": "35b80286-9618-40a1-b17a-f3ce8d1b37c5",
    "data": [
      {
        "text": "cal3333333335bis",
        "meta": "@numero-cliente",
        "alias": "numero-cliente",
        "userDefined": false
      },
      {
        "text": " va bene",
        "userDefined": false
      }
    ],
    "isTemplate": false,
    "count": 0,
    "lang": "it",
    "updated": 0
  },
  {
    "id": "83d32731-9c8b-466c-9b05-b365df0ca421",
    "data": [
      {
        "text": "ancora? ok ",
        "userDefined": false
      },
      {
        "text": "hvsc77777777",
        "meta": "@numero-cliente",
        "alias": "numero-cliente",
        "userDefined": false
      }
    ],
    "isTemplate": false,
    "count": 0,
    "lang": "it",
    "updated": 0
  },
  {
    "id": "aa3503bb-3a60-4842-ac6e-5da8214c3331",
    "data": [
      {
        "text": "e ripetiamolo: ",
        "userDefined": false
      },
      {
        "text": "123456789012",
        "meta": "@numero-cliente",
        "alias": "numero-cliente",
        "userDefined": false
      }
    ],
    "isTemplate": false,
    "count": 0,
    "lang": "it",
    "updated": 0
  },
  {
    "id": "ed5f272e-c58a-451e-ae16-66bf2a0654d6",
    "data": [
      {
        "text": "ok lo ripeto: ",
        "userDefined": false
      },
      {
        "text": "clih22222222",
        "meta": "@numero-cliente",
        "alias": "numero-cliente",
        "userDefined": false
      }
    ],
    "isTemplate": false,
    "count": 0,
    "lang": "it",
    "updated": 0
  },
  {
    "id": "8d5de7da-bba3-4140-ac89-c395ad454f4e",
    "data": [
      {
        "text": "ok te lo ripeto è ",
        "userDefined": false
      },
      {
        "text": "ldch999999",
        "meta": "@numero-cliente",
        "alias": "numero-cliente",
        "userDefined": false
      }
    ],
    "isTemplate": false,
    "count": 0,
    "lang": "it",
    "updated": 0
  },
  {
    "id": "7f70c4eb-b173-47ad-954a-c6615bb3caf9",
    "data": [
      {
        "text": "867564090098",
        "meta": "@numero-cliente",
        "alias": "numero-cliente",
        "userDefined": false
      },
      {
        "text": " chiaro?",
        "userDefined": false
      }
    ],
    "isTemplate": false,
    "count": 0,
    "lang": "it",
    "updated": 0
  },
  {
    "id": "f3bf5eda-7271-48e7-9572-fcccfa03aff4",
    "data": [
      {
        "text": "è quello della fornitura intestata a mia figlia ",
        "userDefined": false
      },
      {
        "text": "fra444444",
        "meta": "@numero-cliente",
        "alias": "numero-cliente",
        "userDefined": false
      }
    ],
    "isTemplate": false,
    "count": 0,
    "lang": "it",
    "updated": 0
  },
  {
    "id": "cb7e1b8c-01ec-4330-a7cb-34aa34d0796e",
    "data": [
      {
        "text": "ti dico quello della residenza estiva che è ",
        "userDefined": false
      },
      {
        "text": "cal3333333332bis",
        "meta": "@numero-cliente",
        "alias": "numero-cliente",
        "userDefined": false
      }
    ],
    "isTemplate": false,
    "count": 0,
    "lang": "it",
    "updated": 0
  },
  {
    "id": "724816e0-1907-46e2-a064-6e124ef80ab0",
    "data": [
      {
        "text": "ti dico quello della casa in montagna che è ",
        "userDefined": false
      },
      {
        "text": "hbac11111111",
        "meta": "@numero-cliente",
        "alias": "numero-cliente",
        "userDefined": false
      }
    ],
    "isTemplate": false,
    "count": 0,
    "lang": "it",
    "updated": 0
  },
  {
    "id": "3da89a73-06db-4b3b-a3ba-d5c405569c96",
    "data": [
      {
        "text": "il contratto per via milano 5 a roma ha il numero ",
        "userDefined": false
      },
      {
        "text": "term44444444",
        "meta": "@numero-cliente",
        "alias": "numero-cliente",
        "userDefined": false
      }
    ],
    "isTemplate": false,
    "count": 0,
    "lang": "it",
    "updated": 0
  },
  {
    "id": "8bca7ab4-d2c6-41e9-aee3-54d73d336862",
    "data": [
      {
        "text": "il numero della fornitura per via adua 25 a seveso è ",
        "userDefined": false
      },
      {
        "text": "l88888888888gg",
        "meta": "@numero-cliente",
        "alias": "numero-cliente",
        "userDefined": false
      }
    ],
    "isTemplate": false,
    "count": 0,
    "lang": "it",
    "updated": 0
  },
  {
    "id": "e6bf9ff8-f987-4504-b418-105d79cd8b9f",
    "data": [
      {
        "text": "123456789015",
        "meta": "@numero-cliente",
        "alias": "numero-cliente",
        "userDefined": false
      },
      {
        "text": " che è per il gas nella casa al mare",
        "userDefined": false
      }
    ],
    "isTemplate": false,
    "count": 0,
    "lang": "it",
    "updated": 0
  },
  {
    "id": "eb278733-b414-471d-a14d-a8df4bc9bada",
    "data": [
      {
        "text": "ti do il numero della fornitura per la casa di campagna che è ",
        "userDefined": false
      },
      {
        "text": "123456789012",
        "meta": "@numero-cliente",
        "alias": "numero-cliente",
        "userDefined": false
      },
      {
        "text": " va bene?",
        "userDefined": false
      }
    ],
    "isTemplate": false,
    "count": 0,
    "lang": "it",
    "updated": 0
  },
  {
    "id": "90d6acbb-afae-4528-804b-b21a0334e132",
    "data": [
      {
        "text": "il numero riportato sulla bolletta è ",
        "userDefined": false
      },
      {
        "text": "alch555555555",
        "meta": "@numero-cliente",
        "alias": "numero-cliente",
        "userDefined": false
      }
    ],
    "isTemplate": false,
    "count": 0,
    "lang": "it",
    "updated": 0
  },
  {
    "id": "baac1bd3-4971-4f85-a0f7-286443f79623",
    "data": [
      {
        "text": "l\u0027intestatario è mario rossi e il suo numero di conto è ",
        "userDefined": false
      },
      {
        "text": "123456789012",
        "meta": "@numero-cliente",
        "alias": "numero-cliente",
        "userDefined": false
      },
      {
        "text": " mi hai sentito?",
        "userDefined": false
      }
    ],
    "isTemplate": false,
    "count": 0,
    "lang": "it",
    "updated": 0
  },
  {
    "id": "a33bc482-fbb5-41de-8c50-dfc1beaffdd2",
    "data": [
      {
        "text": "ho il conto intestato a mio padre il numero è ",
        "userDefined": false
      },
      {
        "text": "hvac22222222b",
        "meta": "@numero-cliente",
        "alias": "numero-cliente",
        "userDefined": false
      }
    ],
    "isTemplate": false,
    "count": 0,
    "lang": "it",
    "updated": 0
  },
  {
    "id": "e5a9890e-1856-4b1f-8ac9-4fcd8116a767",
    "data": [
      {
        "text": "il conto è intestato a me il numero è ",
        "userDefined": false
      },
      {
        "text": "hvac888888bs",
        "meta": "@numero-cliente",
        "alias": "numero-cliente",
        "userDefined": false
      }
    ],
    "isTemplate": false,
    "count": 0,
    "lang": "it",
    "updated": 0
  },
  {
    "id": "8f2b0ad9-2635-4049-bcf8-d3081bf163f4",
    "data": [
      {
        "text": "il conto è intestato a mio marito il numero è ",
        "userDefined": false
      },
      {
        "text": "pbr11111",
        "meta": "@numero-cliente",
        "alias": "numero-cliente",
        "userDefined": false
      }
    ],
    "isTemplate": false,
    "count": 0,
    "lang": "it",
    "updated": 0
  },
  {
    "id": "086b5761-ebb3-4acd-9134-2dd5fa809e0b",
    "data": [
      {
        "text": "il numero dell\u0027intestatario è ",
        "userDefined": false
      },
      {
        "text": "hva1234567890",
        "meta": "@numero-cliente",
        "alias": "numero-cliente",
        "userDefined": false
      }
    ],
    "isTemplate": false,
    "count": 0,
    "lang": "it",
    "updated": 0
  },
  {
    "id": "75a4d717-31b7-4029-98a1-8aa1d3b13bb4",
    "data": [
      {
        "text": "il mio numero cliente è ",
        "userDefined": false
      },
      {
        "text": "vacf3333333",
        "meta": "@numero-cliente",
        "alias": "numero-cliente",
        "userDefined": false
      }
    ],
    "isTemplate": false,
    "count": 0,
    "lang": "it",
    "updated": 0
  },
  {
    "id": "592e8054-48a2-4ada-863d-e26545a81429",
    "data": [
      {
        "text": "io ho ",
        "userDefined": false
      },
      {
        "text": "zrc444444444",
        "meta": "@numero-cliente",
        "alias": "numero-cliente",
        "userDefined": false
      }
    ],
    "isTemplate": false,
    "count": 0,
    "lang": "it",
    "updated": 0
  },
  {
    "id": "643078ad-11bb-4aad-82b0-419025c9b93d",
    "data": [
      {
        "text": "io vedo ",
        "userDefined": false
      },
      {
        "text": "hva666666666g",
        "meta": "@numero-cliente",
        "alias": "numero-cliente",
        "userDefined": false
      }
    ],
    "isTemplate": false,
    "count": 0,
    "lang": "it",
    "updated": 0
  },
  {
    "id": "7368b4fa-ee49-4f3c-aa70-1666b5523141",
    "data": [
      {
        "text": "sulla bolletta è scritto ",
        "userDefined": false
      },
      {
        "text": "wg6666666666d",
        "meta": "@numero-cliente",
        "alias": "numero-cliente",
        "userDefined": false
      }
    ],
    "isTemplate": false,
    "count": 0,
    "lang": "it",
    "updated": 0
  },
  {
    "id": "cf0feddc-0baf-4b35-ae85-05c3157ebeee",
    "data": [
      {
        "text": "quello che ho sulla bolletta è ",
        "userDefined": false
      },
      {
        "text": "123456789012",
        "meta": "@numero-cliente",
        "alias": "numero-cliente",
        "userDefined": false
      }
    ],
    "isTemplate": false,
    "count": 0,
    "lang": "it",
    "updated": 0
  },
  {
    "id": "29ee8e0c-5bfc-48c5-a8d0-631eeb05d490",
    "data": [
      {
        "text": "il numero che ho disponibile è ",
        "userDefined": false
      },
      {
        "text": "ag22222222222",
        "meta": "@numero-cliente",
        "alias": "numero-cliente",
        "userDefined": false
      }
    ],
    "isTemplate": false,
    "count": 0,
    "lang": "it",
    "updated": 0
  },
  {
    "id": "99a02b4d-222d-4f51-a115-7c57691d274b",
    "data": [
      {
        "text": "il numero sulla bolletta che ho trovato è ",
        "userDefined": false
      },
      {
        "text": "wpcs91-999",
        "meta": "@numero-cliente",
        "alias": "numero-cliente",
        "userDefined": false
      }
    ],
    "isTemplate": false,
    "count": 0,
    "lang": "it",
    "updated": 0
  },
  {
    "id": "cd9e9afd-625c-4ff3-9e36-8a0ef8fdc8a1",
    "data": [
      {
        "text": "il numero sulla bolletta della luce è ",
        "userDefined": false
      },
      {
        "text": "123456789012",
        "meta": "@numero-cliente",
        "alias": "numero-cliente",
        "userDefined": false
      }
    ],
    "isTemplate": false,
    "count": 0,
    "lang": "it",
    "updated": 0
  },
  {
    "id": "edb43a6a-2cc5-4170-b1d1-b8828f39acde",
    "data": [
      {
        "text": "il numero sulla bolletta del gas è ",
        "userDefined": false
      },
      {
        "text": "ze5555555555l",
        "meta": "@numero-cliente",
        "alias": "numero-cliente",
        "userDefined": false
      }
    ],
    "isTemplate": false,
    "count": 0,
    "lang": "it",
    "updated": 0
  },
  {
    "id": "009ac49f-c684-4e5a-a059-52e41827b282",
    "data": [
      {
        "text": "guarda è ",
        "userDefined": false
      },
      {
        "text": "pcs771-77",
        "meta": "@numero-cliente",
        "alias": "numero-cliente",
        "userDefined": false
      }
    ],
    "isTemplate": false,
    "count": 0,
    "lang": "it",
    "updated": 0
  },
  {
    "id": "da40b27a-b03f-41f6-863b-2c1aadafc8b5",
    "data": [
      {
        "text": "mi pare che sia ",
        "userDefined": false
      },
      {
        "text": "hvac00000",
        "meta": "@numero-cliente",
        "alias": "numero-cliente",
        "userDefined": false
      }
    ],
    "isTemplate": false,
    "count": 0,
    "lang": "it",
    "updated": 0
  },
  {
    "id": "3772f752-8a52-41f9-a116-d9f9c20b0c6f",
    "data": [
      {
        "text": "io leggo ",
        "userDefined": false
      },
      {
        "text": "123456789012",
        "meta": "@numero-cliente",
        "alias": "numero-cliente",
        "userDefined": false
      }
    ],
    "isTemplate": false,
    "count": 0,
    "lang": "it",
    "updated": 0
  },
  {
    "id": "5062a9eb-a608-491c-9f0f-af3e15ed6d04",
    "data": [
      {
        "text": "allora io qui vedo ",
        "userDefined": false
      },
      {
        "text": "q2831297814",
        "meta": "@numero-cliente",
        "alias": "numero-cliente",
        "userDefined": false
      }
    ],
    "isTemplate": false,
    "count": 0,
    "lang": "it",
    "updated": 0
  },
  {
    "id": "394660cf-121b-436c-873b-5a3e04a905ae",
    "data": [
      {
        "text": "credo che il numero sia ",
        "userDefined": false
      },
      {
        "text": "mnp123456789a",
        "meta": "@numero-cliente",
        "alias": "numero-cliente",
        "userDefined": false
      }
    ],
    "isTemplate": false,
    "count": 0,
    "lang": "it",
    "updated": 0
  },
  {
    "id": "2709898d-d731-46eb-b407-d9e7f66e2c10",
    "data": [
      {
        "text": "guarda il numero è ",
        "userDefined": false
      },
      {
        "text": "mpr123456789",
        "meta": "@numero-cliente",
        "alias": "numero-cliente",
        "userDefined": false
      }
    ],
    "isTemplate": false,
    "count": 0,
    "lang": "it",
    "updated": 0
  },
  {
    "id": "9c7df61c-f869-436e-879e-6a23394f451c",
    "data": [
      {
        "text": "sto chiamando per mia mamma però  il suo numero cliente è ",
        "userDefined": false
      },
      {
        "text": "znds88888888",
        "meta": "@numero-cliente",
        "alias": "numero-cliente",
        "userDefined": false
      }
    ],
    "isTemplate": false,
    "count": 0,
    "lang": "it",
    "updated": 0
  },
  {
    "id": "768f29e8-3db5-479e-9225-2eefa5c6388d",
    "data": [
      {
        "text": "il numero è ",
        "userDefined": false
      },
      {
        "text": "686318091867",
        "meta": "@numero-cliente",
        "alias": "numero-cliente",
        "userDefined": false
      },
      {
        "text": " che è di mio papà",
        "userDefined": false
      }
    ],
    "isTemplate": false,
    "count": 0,
    "lang": "it",
    "updated": 0
  },
  {
    "id": "a2b0e86f-96ee-46ce-9482-21ffe204c628",
    "data": [
      {
        "text": "sì ti dico il numero di mia mamma che è ",
        "userDefined": false
      },
      {
        "text": "hvac12345678l",
        "meta": "@numero-cliente",
        "alias": "numero-cliente",
        "userDefined": false
      }
    ],
    "isTemplate": false,
    "count": 0,
    "lang": "it",
    "updated": 0
  },
  {
    "id": "d0deb4a6-beb3-4a8a-9405-8437e147029e",
    "data": [
      {
        "text": "sì le do il numero di mio marito che è ",
        "userDefined": false
      },
      {
        "text": "yyy123456789",
        "meta": "@numero-cliente",
        "alias": "numero-cliente",
        "userDefined": false
      }
    ],
    "isTemplate": false,
    "count": 0,
    "lang": "it",
    "updated": 0
  },
  {
    "id": "1a427f85-7f29-485a-87ce-9f1154b008e6",
    "data": [
      {
        "text": "sì è ",
        "userDefined": false
      },
      {
        "text": "hvac12345678",
        "meta": "@numero-cliente",
        "alias": "numero-cliente",
        "userDefined": false
      }
    ],
    "isTemplate": false,
    "count": 0,
    "lang": "it",
    "updated": 0
  },
  {
    "id": "4a088751-4f0c-4e34-a5b4-a07e615ed39c",
    "data": [
      {
        "text": "sto chiamando in riferimento al conto ",
        "userDefined": false
      },
      {
        "text": "l293693565",
        "meta": "@numero-cliente",
        "alias": "numero-cliente",
        "userDefined": false
      }
    ],
    "isTemplate": false,
    "count": 0,
    "lang": "it",
    "updated": 0
  },
  {
    "id": "1f59d930-28f6-4da9-99d5-d5383d5908c3",
    "data": [
      {
        "text": "il numero cliente di riferimento è ",
        "userDefined": false
      },
      {
        "text": "c12345678941",
        "meta": "@numero-cliente",
        "alias": "numero-cliente",
        "userDefined": false
      }
    ],
    "isTemplate": false,
    "count": 0,
    "lang": "it",
    "updated": 0
  },
  {
    "id": "8401645c-77ae-4c13-acab-c7da3f3ceedc",
    "data": [
      {
        "text": "il numero del conto per cui vi sto chiamando è ",
        "userDefined": false
      },
      {
        "text": "c12345678931",
        "meta": "@numero-cliente",
        "alias": "numero-cliente",
        "userDefined": false
      }
    ],
    "isTemplate": false,
    "count": 0,
    "lang": "it",
    "updated": 0
  },
  {
    "id": "a08d1b4d-8d9d-4599-8371-81c0da1a1690",
    "data": [
      {
        "text": "il numero del conto è ",
        "userDefined": false
      },
      {
        "text": "c12345678951",
        "meta": "@numero-cliente",
        "alias": "numero-cliente",
        "userDefined": false
      }
    ],
    "isTemplate": false,
    "count": 0,
    "lang": "it",
    "updated": 0
  },
  {
    "id": "0b3588e2-945a-47d6-a0fc-7d1616ec9a4c",
    "data": [
      {
        "text": "ah certo il numero è ",
        "userDefined": false
      },
      {
        "text": "yyy123456789",
        "meta": "@numero-cliente",
        "alias": "numero-cliente",
        "userDefined": false
      }
    ],
    "isTemplate": false,
    "count": 0,
    "lang": "it",
    "updated": 0
  },
  {
    "id": "661da86e-7a65-4d88-b5b6-c57f643be2cc",
    "data": [
      {
        "text": "il numero cliente è ",
        "userDefined": false
      },
      {
        "text": "sh4333493697",
        "meta": "@numero-cliente",
        "alias": "numero-cliente",
        "userDefined": false
      }
    ],
    "isTemplate": false,
    "count": 0,
    "lang": "it",
    "updated": 0
  },
  {
    "id": "42ea2278-7a9b-4cfa-a0b4-f508aeaef340",
    "data": [
      {
        "text": "lo detto: ",
        "userDefined": false
      },
      {
        "text": "123456789012",
        "meta": "@numero-cliente",
        "alias": "numero-cliente",
        "userDefined": false
      }
    ],
    "isTemplate": false,
    "count": 0,
    "lang": "it",
    "updated": 0
  },
  {
    "id": "fa1f2ca7-eb69-494e-a853-650606c28455",
    "data": [
      {
        "text": "ascolta bene che lo detto: è ",
        "userDefined": false
      },
      {
        "text": "123456789012",
        "meta": "@numero-cliente",
        "alias": "numero-cliente",
        "userDefined": false
      }
    ],
    "isTemplate": false,
    "count": 0,
    "lang": "it",
    "updated": 0
  },
  {
    "id": "0357b430-66a1-4ea4-a5ab-77504a855523",
    "data": [
      {
        "text": "credo che fosse ",
        "userDefined": false
      },
      {
        "text": "lmnp666666666gh",
        "meta": "@numero-cliente",
        "alias": "numero-cliente",
        "userDefined": false
      }
    ],
    "isTemplate": false,
    "count": 0,
    "lang": "it",
    "updated": 0
  },
  {
    "id": "c4b59861-7c03-4602-aad2-3fcc1b104799",
    "data": [
      {
        "text": "mi pare proprio che sia ",
        "userDefined": false
      },
      {
        "text": "123456789012",
        "meta": "@numero-cliente",
        "alias": "numero-cliente",
        "userDefined": false
      }
    ],
    "isTemplate": false,
    "count": 0,
    "lang": "it",
    "updated": 0
  },
  {
    "id": "f4264a32-4f69-4019-a55b-616ecc23c90c",
    "data": [
      {
        "text": "allora è ",
        "userDefined": false
      },
      {
        "text": "mpr77777777",
        "meta": "@numero-cliente",
        "alias": "numero-cliente",
        "userDefined": false
      }
    ],
    "isTemplate": false,
    "count": 0,
    "lang": "it",
    "updated": 0
  },
  {
    "id": "0fe4f671-bdc5-4ba3-b819-4dcddf0746b5",
    "data": [
      {
        "text": "glielo leggo: ",
        "userDefined": false
      },
      {
        "text": "123456789012",
        "meta": "@numero-cliente",
        "alias": "numero-cliente",
        "userDefined": false
      }
    ],
    "isTemplate": false,
    "count": 0,
    "lang": "it",
    "updated": 0
  },
  {
    "id": "c5474cab-b665-49a4-845d-9fe2f5b8726a",
    "data": [
      {
        "text": "aspetti che glielo leggo: ",
        "userDefined": false
      },
      {
        "text": "123456789012",
        "meta": "@numero-cliente",
        "alias": "numero-cliente",
        "userDefined": false
      }
    ],
    "isTemplate": false,
    "count": 0,
    "lang": "it",
    "updated": 0
  },
  {
    "id": "6c67806b-475d-477d-ae10-33f675cdbab7",
    "data": [
      {
        "text": "se mi ricordo bene è ",
        "userDefined": false
      },
      {
        "text": "wg9999999999ko",
        "meta": "@numero-cliente",
        "alias": "numero-cliente",
        "userDefined": false
      }
    ],
    "isTemplate": false,
    "count": 0,
    "lang": "it",
    "updated": 0
  },
  {
    "id": "a2b339e5-370e-4b89-897d-e7b8f4ccd924",
    "data": [
      {
        "text": "è ",
        "userDefined": false
      },
      {
        "text": "123456789012",
        "meta": "@numero-cliente",
        "alias": "numero-cliente",
        "userDefined": false
      }
    ],
    "isTemplate": false,
    "count": 0,
    "lang": "it",
    "updated": 0
  },
  {
    "id": "4d07705d-ed2e-4d47-8791-94f6f6d15c3f",
    "data": [
      {
        "text": "il mio numero cliente è ",
        "userDefined": false
      },
      {
        "text": "359192057508",
        "meta": "@numero-cliente",
        "alias": "numero-cliente",
        "userDefined": false
      },
      {
        "text": " spero non mi sia sbagliato",
        "userDefined": false
      }
    ],
    "isTemplate": false,
    "count": 0,
    "lang": "it",
    "updated": 0
  },
  {
    "id": "7e5fef22-311f-45a5-bc53-fccc3a7d42b9",
    "data": [
      {
        "text": "certo il numero è ",
        "userDefined": false
      },
      {
        "text": "c12345678",
        "meta": "@numero-cliente",
        "alias": "numero-cliente",
        "userDefined": false
      }
    ],
    "isTemplate": false,
    "count": 0,
    "lang": "it",
    "updated": 0
  },
  {
    "id": "88ff5892-05fd-4b2c-b056-c4bcc56c01f8",
    "data": [
      {
        "text": "certo il mio numero di conto è ",
        "userDefined": false
      },
      {
        "text": "mnp999999999ter",
        "meta": "@numero-cliente",
        "alias": "numero-cliente",
        "userDefined": false
      }
    ],
    "isTemplate": false,
    "count": 0,
    "lang": "it",
    "updated": 0
  },
  {
    "id": "7a8ae56c-9986-44e1-bf1d-c094a0e37594",
    "data": [
      {
        "text": "allora numero cliente del contratto è 5054 403511 1 ",
        "userDefined": false
      },
      {
        "text": "5054 403511 10",
        "meta": "@numero-cliente",
        "alias": "numero-cliente",
        "userDefined": false
      },
      {
        "text": " cliente del contratto è 5054 403511 11",
        "userDefined": false
      }
    ],
    "isTemplate": false,
    "count": 0,
    "lang": "it",
    "updated": 0
  },
  {
    "id": "65be0f21-eafa-4ff5-bc41-cd8ffb88a74d",
    "data": [
      {
        "text": "sì un attimo dunque 50 54093 3308 ",
        "userDefined": false
      },
      {
        "text": "50 54093 33083",
        "meta": "@numero-cliente",
        "alias": "numero-cliente",
        "userDefined": false
      },
      {
        "text": " dunque 50 54093 33084",
        "userDefined": false
      }
    ],
    "isTemplate": false,
    "count": 0,
    "lang": "it",
    "updated": 0
  },
  {
    "id": "ff822ed4-ecb1-41a6-a541-523247694a3e",
    "data": [
      {
        "text": "intestatario del servizio... leggo quello nuovo allora 50 55054 5898 ",
        "userDefined": false
      },
      {
        "text": "50 55054 58982",
        "meta": "@numero-cliente",
        "alias": "numero-cliente",
        "userDefined": false
      },
      {
        "text": " del servizio... leggo quello nuovo allora 50 55054 58983",
        "userDefined": false
      }
    ],
    "isTemplate": false,
    "count": 0,
    "lang": "it",
    "updated": 0
  },
  {
    "id": "952dcade-a463-490d-bdba-72fd72bfd88b",
    "data": [
      {
        "text": "io chiamo per lorenzo cristofani il numero del cliente è 505 84 84 137 8 ",
        "userDefined": false
      },
      {
        "text": "505 84 84 137 84",
        "meta": "@numero-cliente",
        "alias": "numero-cliente",
        "userDefined": false
      },
      {
        "text": " orenzo cristofani il numero del cliente è 505 84 84 137 85",
        "userDefined": false
      }
    ],
    "isTemplate": false,
    "count": 0,
    "lang": "it",
    "updated": 0
  },
  {
    "id": "0bf1df83-9212-4e2a-813b-5638e40a17e0",
    "data": [
      {
        "text": "numero clienti eni 50 53 60 94 95 9 ",
        "userDefined": false
      },
      {
        "text": "50 53 60 94 95 96",
        "meta": "@numero-cliente",
        "alias": "numero-cliente",
        "userDefined": false
      },
      {
        "text": " ni 50 53 60 94 95 97",
        "userDefined": false
      }
    ],
    "isTemplate": false,
    "count": 0,
    "lang": "it",
    "updated": 0
  },
  {
    "id": "deb846ce-5906-4796-90e5-d026cc882aa4",
    "data": [
      {
        "text": "giorno 5 0547 02 69 49 ",
        "userDefined": false
      },
      {
        "text": "5 0547 02 69 497",
        "meta": "@numero-cliente",
        "alias": "numero-cliente",
        "userDefined": false
      },
      {
        "text": " 2 69 498",
        "userDefined": false
      }
    ],
    "isTemplate": false,
    "count": 0,
    "lang": "it",
    "updated": 0
  },
  {
    "id": "78d6edb3-48ce-4121-94a7-5a306ea9902d",
    "data": [
      {
        "text": "505 47 49 40606",
        "meta": "@numero-cliente",
        "alias": "numero-cliente",
        "userDefined": false
      },
      {
        "text": " è il mio numero cliente",
        "userDefined": false
      }
    ],
    "isTemplate": false,
    "count": 0,
    "lang": "it",
    "updated": 0
  },
  {
    "id": "37a67127-8865-448b-a880-ab9f19649e3f",
    "data": [
      {
        "text": "un attimo ",
        "userDefined": false
      },
      {
        "text": "505411037797",
        "meta": "@numero-cliente",
        "alias": "numero-cliente",
        "userDefined": false
      }
    ],
    "isTemplate": false,
    "count": 0,
    "lang": "it",
    "updated": 0
  },
  {
    "id": "1cb171f3-04f4-4104-80a1-31525841e45c",
    "data": [
      {
        "text": "505 460 595 844",
        "meta": "@numero-cliente",
        "alias": "numero-cliente",
        "userDefined": false
      },
      {
        "text": " fornitura gas e luce",
        "userDefined": false
      }
    ],
    "isTemplate": false,
    "count": 0,
    "lang": "it",
    "updated": 0
  },
  {
    "id": "81a56dd3-911a-4498-8e60-12b703668ece",
    "data": [
      {
        "text": "numero cliente luce ",
        "userDefined": false
      },
      {
        "text": "50 54 98 94 49 98",
        "meta": "@numero-cliente",
        "alias": "numero-cliente",
        "userDefined": false
      }
    ],
    "isTemplate": false,
    "count": 0,
    "lang": "it",
    "updated": 0
  },
  {
    "id": "dd2c4866-05c9-4bc2-aaca-488060f09311",
    "data": [
      {
        "text": "505 499 784 476",
        "meta": "@numero-cliente",
        "alias": "numero-cliente",
        "userDefined": false
      },
      {
        "text": " parlare con un operatore",
        "userDefined": false
      }
    ],
    "isTemplate": false,
    "count": 0,
    "lang": "it",
    "updated": 0
  },
  {
    "id": "84df87ed-2eb4-4985-a70e-f5b805f50627",
    "data": [
      {
        "text": "il numero del contratto è numero cliente ",
        "userDefined": false
      },
      {
        "text": "1113 3530 05 01",
        "meta": "@numero-cliente",
        "alias": "numero-cliente",
        "userDefined": false
      }
    ],
    "isTemplate": false,
    "count": 0,
    "lang": "it",
    "updated": 0
  },
  {
    "id": "367f8167-7a3f-4ca9-b52f-bdec13991519",
    "data": [
      {
        "text": "ma l\u0027ho detto ",
        "userDefined": false
      },
      {
        "text": "50046 600 5632",
        "meta": "@numero-cliente",
        "alias": "numero-cliente",
        "userDefined": false
      }
    ],
    "isTemplate": false,
    "count": 0,
    "lang": "it",
    "updated": 0
  },
  {
    "id": "d0a1d4f8-9d5e-42db-8a04-19e86747569e",
    "data": [
      {
        "text": "sì come no dunque numero cliente ",
        "userDefined": false
      },
      {
        "text": "50046 600 5631",
        "meta": "@numero-cliente",
        "alias": "numero-cliente",
        "userDefined": false
      }
    ],
    "isTemplate": false,
    "count": 0,
    "lang": "it",
    "updated": 0
  },
  {
    "id": "f971bc86-05eb-4be1-ac91-6601079108a7",
    "data": [
      {
        "text": "un attimo ",
        "userDefined": false
      },
      {
        "text": "50541 10 37797",
        "meta": "@numero-cliente",
        "alias": "numero-cliente",
        "userDefined": false
      }
    ],
    "isTemplate": false,
    "count": 0,
    "lang": "it",
    "updated": 0
  },
  {
    "id": "7a7e3430-db93-4255-adfa-f5f24737fbb5",
    "data": [
      {
        "text": "ho bisogno di parlare con un operatore ",
        "userDefined": false
      },
      {
        "text": "50539 377 1157",
        "meta": "@numero-cliente",
        "alias": "numero-cliente",
        "userDefined": false
      }
    ],
    "isTemplate": false,
    "count": 0,
    "lang": "it",
    "updated": 0
  },
  {
    "id": "3ba74d12-be6e-447a-8857-d446150f43bf",
    "data": [
      {
        "text": "505 469 67 1877",
        "meta": "@numero-cliente",
        "alias": "numero-cliente",
        "userDefined": false
      },
      {
        "text": " a nome beltrame germana",
        "userDefined": false
      }
    ],
    "isTemplate": false,
    "count": 0,
    "lang": "it",
    "updated": 0
  },
  {
    "id": "dac8c2e9-a266-488f-9887-2b9b51d806fa",
    "data": [
      {
        "text": "50549 1947 295",
        "meta": "@numero-cliente",
        "alias": "numero-cliente",
        "userDefined": false
      },
      {
        "text": " vorrei parlare con un operatore",
        "userDefined": false
      }
    ],
    "isTemplate": false,
    "count": 0,
    "lang": "it",
    "updated": 0
  },
  {
    "id": "843efa6e-cba5-4326-8874-b452752e6a2b",
    "data": [
      {
        "text": "cara lucilla se mi fai parlare ",
        "userDefined": false
      },
      {
        "text": "50548 7700 914",
        "meta": "@numero-cliente",
        "alias": "numero-cliente",
        "userDefined": false
      }
    ],
    "isTemplate": false,
    "count": 0,
    "lang": "it",
    "updated": 0
  },
  {
    "id": "db1f4b5f-7fe0-4450-a9f6-28ea9c096e0a",
    "data": [
      {
        "text": "il numero cliente ",
        "userDefined": false
      },
      {
        "text": "50545 368 9364",
        "meta": "@numero-cliente",
        "alias": "numero-cliente",
        "userDefined": false
      },
      {
        "text": " per voltura",
        "userDefined": false
      }
    ],
    "isTemplate": false,
    "count": 0,
    "lang": "it",
    "updated": 0
  },
  {
    "id": "819e61a1-d107-4acc-b7c9-44be5e05532b",
    "data": [
      {
        "text": "lassù in cima oddio dov\u0027è in bolletta numero cliente ",
        "userDefined": false
      },
      {
        "text": "50543 83704 45",
        "meta": "@numero-cliente",
        "alias": "numero-cliente",
        "userDefined": false
      }
    ],
    "isTemplate": false,
    "count": 0,
    "lang": "it",
    "updated": 0
  },
  {
    "id": "b2ebb0b2-ebc0-41cd-8797-34982d86a953",
    "data": [
      {
        "text": "ricomincio di nuovo ",
        "userDefined": false
      },
      {
        "text": "1907 28270 919",
        "meta": "@numero-cliente",
        "alias": "numero-cliente",
        "userDefined": false
      }
    ],
    "isTemplate": false,
    "count": 0,
    "lang": "it",
    "updated": 0
  }
]